-- phpMyAdmin SQL Dump
-- version 4.9.1
-- https://www.phpmyadmin.net/
--
-- Host: localhost
-- Generation Time: May 22, 2020 at 12:09 AM
-- Server version: 8.0.18
-- PHP Version: 7.3.11

SET SQL_MODE = "NO_AUTO_VALUE_ON_ZERO";
SET AUTOCOMMIT = 0;
START TRANSACTION;
SET time_zone = "+00:00";


/*!40101 SET @OLD_CHARACTER_SET_CLIENT=@@CHARACTER_SET_CLIENT */;
/*!40101 SET @OLD_CHARACTER_SET_RESULTS=@@CHARACTER_SET_RESULTS */;
/*!40101 SET @OLD_COLLATION_CONNECTION=@@COLLATION_CONNECTION */;
/*!40101 SET NAMES utf8mb4 */;

--
-- Database: `gbgw`
--
CREATE DATABASE IF NOT EXISTS `gbgw` DEFAULT CHARACTER SET utf8mb4 COLLATE utf8mb4_general_ci;
USE `gbgw`;

-- --------------------------------------------------------

--
-- Table structure for table `ai_priority`
--

DROP TABLE IF EXISTS `ai_priority`;
CREATE TABLE IF NOT EXISTS `ai_priority` (
  `id` int(11) NOT NULL AUTO_INCREMENT,
  `name` varchar(32) CHARACTER SET utf8mb4 COLLATE utf8mb4_general_ci NOT NULL,
  PRIMARY KEY (`id`)
) ENGINE=InnoDB AUTO_INCREMENT=4 DEFAULT CHARSET=utf8mb4 COLLATE=utf8mb4_general_ci;

--
-- Dumping data for table `ai_priority`
--

INSERT INTO `ai_priority` (`id`, `name`) VALUES
(1, 'Solo'),
(2, 'Balanced'),
(3, 'Support');

-- --------------------------------------------------------

--
-- Table structure for table `ai_range`
--

DROP TABLE IF EXISTS `ai_range`;
CREATE TABLE IF NOT EXISTS `ai_range` (
  `id` int(11) NOT NULL AUTO_INCREMENT,
  `name` varchar(32) CHARACTER SET utf8mb4 COLLATE utf8mb4_general_ci NOT NULL,
  PRIMARY KEY (`id`)
) ENGINE=InnoDB AUTO_INCREMENT=4 DEFAULT CHARSET=utf8mb4 COLLATE=utf8mb4_general_ci;

--
-- Dumping data for table `ai_range`
--

INSERT INTO `ai_range` (`id`, `name`) VALUES
(1, 'Short'),
(2, 'Mid'),
(3, 'Long');

-- --------------------------------------------------------

--
-- Table structure for table `attribute`
--

DROP TABLE IF EXISTS `attribute`;
CREATE TABLE IF NOT EXISTS `attribute` (
  `id` int(11) NOT NULL AUTO_INCREMENT,
  `name` varchar(16) CHARACTER SET utf8mb4 COLLATE utf8mb4_general_ci NOT NULL,
  PRIMARY KEY (`id`)
) ENGINE=InnoDB AUTO_INCREMENT=4 DEFAULT CHARSET=utf8mb4 COLLATE=utf8mb4_general_ci;

--
-- Dumping data for table `attribute`
--

INSERT INTO `attribute` (`id`, `name`) VALUES
(1, 'Power'),
(2, 'Technique'),
(3, 'Speed');

-- --------------------------------------------------------

--
-- Table structure for table `event`
--

DROP TABLE IF EXISTS `event`;
CREATE TABLE IF NOT EXISTS `event` (
  `id` int(11) NOT NULL,
  `name` varchar(128) CHARACTER SET utf8mb4 COLLATE utf8mb4_general_ci NOT NULL,
  `exchange` varchar(128) CHARACTER SET utf8mb4 COLLATE utf8mb4_general_ci NOT NULL,
  `blueprints` tinyint(1) NOT NULL,
  `start_date` date DEFAULT NULL,
  PRIMARY KEY (`id`)
) ENGINE=InnoDB DEFAULT CHARSET=utf8mb4 COLLATE=utf8mb4_general_ci;

--
-- Dumping data for table `event`
--

INSERT INTO `event` (`id`, `name`, `exchange`, `blueprints`, `start_date`) VALUES
(1, 'Ultimate Bullseye! Rising Arrow', 'Bullseye Coin', 0, '2019-08-07'),
(2, 'Unseen Assault', 'Assault Coin', 0, '2019-08-14'),
(3, 'Covert Gerbera', 'Covert Coin', 0, '2019-08-21'),
(4, 'The Commander-in-Chief\'s Azure MS', 'Commander-in-Chief Coin', 0, '2019-08-28'),
(5, 'The Golden Ace', 'Golden Coin', 0, '2019-09-04'),
(6, 'Colossus Lurking in the Debris', 'Colossus Coin', 0, '2019-09-11'),
(7, 'Bulwark Sword', 'Sword Coin', 0, '2019-09-18'),
(8, 'Encounter with a Stargazer', 'Encounter Coin', 0, '2019-09-25'),
(9, 'Ashen Transformer', 'Ashen Coin', 0, '2019-10-02'),
(10, 'The Mobile Suit Bearing a Gundam\'s Face', 'Advance Coin', 0, '2019-10-09'),
(11, 'A Violet Rose Blooming in Space', 'Rose Coin', 0, '2019-10-16'),
(12, 'The Power of AGE', 'AGE Coin', 0, '2019-10-23'),
(13, 'Overwhelming Heavy Weaponry', 'Heavy Weaponry Coin', 0, '2019-10-30'),
(14, 'Radiance of the Trial', 'Trial Coin', 0, '2019-11-06'),
(15, 'The Silver-Red Psycho Frame', 'Silver-Red Coin', 0, '2019-11-13'),
(16, 'Knockout Blow', 'Knockout Coin', 0, '2019-11-20'),
(17, 'Obsidian Wings', 'Obsidian Coin', 0, '2019-11-27'),
(18, 'Super Mobile Revolution', 'Revolution Coin', 1, '2019-12-04'),
(19, 'A Trooper\'s Blue Spirit', 'Trooper Coin', 0, '2019-12-11'),
(20, 'Spacefaring Pirate', 'Pirate Coin', 0, '2019-12-18'),
(21, 'One Who Breaks the Dawn', 'BD Coin', 0, '2019-12-25'),
(22, 'Guardian of the Kuntala', 'Guardian Coin', 1, '2020-01-08'),
(23, 'Wings of the Future', 'AGE-2 Coin', 0, '2020-01-15'),
(24, 'Blazing Shoulders', 'Blazing Coin', 0, '2020-01-22'),
(25, 'Dual-Bladed Demon', 'Demon Coin', 0, '2020-01-29'),
(26, 'Charge of the Mother Earth of Darkness', 'Charge Coin', 0, '2020-02-05'),
(27, 'The Crimson Anomaly', 'Anomaly Coin', 0, '2020-02-12'),
(28, 'The Leader of Sleeves\' Prototype', 'Leader Device A', 0, '2020-02-19'),
(29, 'A Sky Veiled by Crimson Wings', 'Crimson Wings Chip', 0, '2020-02-26'),
(30, 'Manufactured Prototype', 'Manufactured Coin', 0, '2020-03-04'),
(31, 'The Slugger of Neo America', 'Slugger Coin', 0, '2020-03-11'),
(32, 'Dance of Red and White', 'Dance Device A', 0, '2020-03-18'),
(33, 'Full Throttle Revolution', 'Full Throttle Chip', 0, '2020-03-25'),
(34, 'Weathered War Machine', 'Weathered Coin', 1, '2020-04-01'),
(35, 'Supreme Commander of G-ARMS', 'G-ARMS Coin', 0, '2020-04-08'),
(36, 'Deity of the Deep', 'Deep Coin', 1, '2020-04-15'),
(37, 'Fists of Iron', 'Iron Coin', 1, '2020-05-13'),
(38, 'The Roving Azure Fortress', 'Fortress Device A', 0, '2020-05-20');

-- --------------------------------------------------------

--
-- Table structure for table `ex_category`
--

DROP TABLE IF EXISTS `ex_category`;
CREATE TABLE IF NOT EXISTS `ex_category` (
  `id` int(11) NOT NULL AUTO_INCREMENT,
  `name` varchar(16) CHARACTER SET utf8mb4 COLLATE utf8mb4_general_ci NOT NULL,
  PRIMARY KEY (`id`)
) ENGINE=InnoDB AUTO_INCREMENT=9 DEFAULT CHARSET=utf8mb4 COLLATE=utf8mb4_general_ci;

--
-- Dumping data for table `ex_category`
--

INSERT INTO `ex_category` (`id`, `name`) VALUES
(1, 'Beam Shot'),
(2, 'Physical Shot'),
(3, 'Beam Melee'),
(4, 'Physical Melee'),
(5, 'Buff'),
(6, 'Awakening'),
(7, 'Debuff'),
(8, 'Recovery');

-- --------------------------------------------------------

--
-- Table structure for table `ex_skill`
--

DROP TABLE IF EXISTS `ex_skill`;
CREATE TABLE IF NOT EXISTS `ex_skill` (
  `id` int(11) NOT NULL AUTO_INCREMENT,
  `name` varchar(64) CHARACTER SET utf8mb4 COLLATE utf8mb4_general_ci NOT NULL,
  `description` varchar(256) CHARACTER SET utf8mb4 COLLATE utf8mb4_general_ci NOT NULL,
  `ex_category_id` int(11) NOT NULL,
  `pierce` varchar(2) CHARACTER SET utf8mb4 COLLATE utf8mb4_general_ci DEFAULT NULL,
  `power` varchar(2) CHARACTER SET utf8mb4 COLLATE utf8mb4_general_ci DEFAULT NULL,
  `duration` int(11) DEFAULT NULL,
  `magazine` int(11) DEFAULT NULL,
  `cooldown` int(11) NOT NULL,
  `cooldown_initial` int(11) NOT NULL,
  PRIMARY KEY (`id`),
  KEY `FK_ExSkillCategoryId` (`ex_category_id`)
) ENGINE=InnoDB AUTO_INCREMENT=1000 DEFAULT CHARSET=utf8mb4 COLLATE=utf8mb4_general_ci;

--
-- Dumping data for table `ex_skill`
--

INSERT INTO `ex_skill` (`id`, `name`, `description`, `ex_category_id`, `pierce`, `power`, `duration`, `magazine`, `cooldown`, `cooldown_initial`) VALUES
(1, 'Screw Nail', 'Rush forward, carving through foes with claws on both hands. Lowers hit enemy Gunpla\'s Shot Defense by 14%.', 4, 'B-', 'D', NULL, NULL, 21, 3),
(2, 'Burning Fist', 'Charge through enemies in front of you with your fist. Lowers hit enemy Gunpla\'s Melee Defense by 14%.', 4, 'D', 'C-', NULL, NULL, 21, 6),
(3, 'Head-Mounted Vulcan', 'Fire the Vulcan in your head at foes straight ahead. You can move freely while shooting. Lowers hit enemy Gunpla\'s Melee and Shot Defense by 14%.', 2, 'D-', 'D', NULL, NULL, 19, 5),
(4, 'Double Saber Rush', 'Cleave through enemies with sabers in each hand.', 3, 'D', 'B-', NULL, NULL, 21, 6),
(5, 'Crimson Stinger', 'Unleash a storm of blows from your lance. Raise your Melee Defense by 19%.', 3, 'D', 'A-', NULL, NULL, 21, 6),
(6, 'Last Shooting', 'Stand firm and shoot down foes with your arm rifle. Squad recovers 48% of maximum Armor. Raise Shot Attack of your Squad by 29%.', 1, 'D', 'A', NULL, NULL, 79, 20),
(7, 'Archer Stance α', 'Raise your Shot Attack by 39%', 5, NULL, NULL, 51, NULL, 33, 7),
(8, '120mm Low-Recoil Cannon', 'Fire explosive projectiles from the cannon on your shoulder.', 2, 'D', 'C-', NULL, NULL, 21, 3),
(9, 'Quadruple Bop Missile Launcher', 'Launch missiles stored in your forearm. You can move while firing.', 2, 'D', 'C-', NULL, 7, 60, 0),
(10, 'Buster Anchor', 'Demolish foes from point-blank range with a quad 400mm cannon.', 2, 'D', 'B+', NULL, NULL, 41, 11),
(11, 'Gemini Satellite', 'Generate an energy bit to provide automatic support fire. You can move freely while this is active.', 1, 'A-', 'D', NULL, NULL, 60, 6),
(12, 'Hand Grenade', 'Throw a hand grenade mounted on your side armor.', 2, 'D', 'B+', NULL, NULL, 21, 6),
(13, 'Gusion Hammer', 'Brandish the hammer on your back in a flurry attack.', 4, 'D', 'B+', NULL, NULL, 30, 8),
(14, 'Halberd', 'Unleash a barrage of attacks with the halberd in your right hand. Raises your Melee Attack by 24%.', 4, 'D', 'C-', NULL, NULL, 21, 6),
(15, 'Four-Arm Combat', 'Engage in close-quarters combat using your sub-arms and halberd. Squad recovers 48% of maximum Armor. Raises Melee Defense of your Squad by 29%.', 4, 'D', 'A', NULL, NULL, 79, 20),
(16, '240mm Cannons', 'Fire explosive projectiles from the cannon on your shoulder.', 2, 'D', 'C-', NULL, NULL, 21, 6),
(17, 'Hand Grenade', 'Throw a hand grenade mounted on your side armor.', 2, 'D', 'C', NULL, NULL, 21, 6),
(18, 'Myriad Snipe', 'Ready your long rifle, then bathe foes in powerful beams.', 1, 'B-', 'D', NULL, NULL, 60, 15),
(19, 'Block Stance α', 'Raise your Melee Defense by 39%', 5, NULL, NULL, 51, NULL, 33, 7),
(20, 'Beam Saber Combo', 'Unleash a combo with the saber in your right hard.', 3, 'D', 'C-', NULL, NULL, 19, 5),
(21, 'Protection α', 'Raise your Physical Resist by 69%', 5, NULL, NULL, 51, NULL, 33, 7),
(22, 'Recovery Tool α', 'Recover 48% of your maximum Armor.', 8, NULL, NULL, NULL, NULL, 21, 6),
(23, 'Wind Edge', 'Mow down foes nearby with your axe.', 4, 'D', 'C-', NULL, NULL, 21, 6),
(24, 'Beam Coat β', 'Raise Ally Beam Resist by 49%', 5, NULL, NULL, 51, NULL, 33, 7),
(25, 'Fearless Charge', 'Charge ferociously toward the enemy.', 4, 'D', 'B+', NULL, NULL, 30, 8),
(26, 'Chest-Mounted Scattering Beam Cannon', 'Bathe foes in low-output beams from your chest beam cannon. You can move freely while shooting. Lowers hit enemy Gunpla\'s Melee and Shot Defense by 14%.', 1, 'D-', 'D', NULL, 4, 60, 0),
(27, 'Heat Saber Combo', 'Unleash a combo with the saber in your right hard.', 4, 'D', 'C-', NULL, NULL, 19, 5),
(28, 'Shock Bringer α', 'Your attacks stun large foes more easily for a set period.', 5, NULL, NULL, 51, NULL, 33, 7),
(29, '5-Barrel Finger Vulcan', 'Launch Vulcan shots from your forearm. You can move while firing.', 2, 'B-', 'D', NULL, 11, 60, 0),
(30, 'Block Hack α', 'Reduce target Melee Defense by 39%', 7, NULL, NULL, 51, NULL, 33, 7),
(31, 'Arm-Mounted Mega Particle Cannon', 'Launch rapid-fire beams from your forearm. You can move while firing.', 1, 'B-', 'D', NULL, 11, 60, 0),
(32, '240mm 6-Barrel Rocket Launcher', 'Fire the tracking rocket cannon stowed on your head.', 2, 'D', 'C-', NULL, NULL, 21, 6),
(33, 'Planet Breaker', 'Bring an energized fist down to pulverize the enemy. Lowers hit enemy Gunpla\'s Melee Attack by 14%. Lowers hit enemy Gunpla\'s Melee Defense by 14%.', 4, 'D', 'C', NULL, NULL, 19, 5),
(34, 'Combat Stance α', 'Raise your Melee Attack by 39%', 5, NULL, NULL, 51, NULL, 33, 7),
(35, 'Volcanic Shot', 'Jump up high and hit foes with a flying kick. Lowers hit enemy Gunpla\'s Melee Defense by 14%.', 4, 'B-', 'D', NULL, NULL, 21, 3),
(36, 'Needle Missile', 'Launch missiles stowed on your shield.', 2, 'B-', 'D', NULL, NULL, 21, 0),
(37, 'Defense Hack α', 'Reduce target Melee and Shot Defense by 39%', 7, NULL, NULL, 37, NULL, 33, 7),
(38, 'Fearless Hurl', 'Charge mercilessly toward the enemy. Lowers hit enemy Gunpla\'s Beam Resist by 19%. Lowers hit enemy Gunpla\'s Physical Resist by 19%.', 4, 'B', 'D', NULL, NULL, 21, 3),
(39, 'Charge Axe', 'Jump and bring a charged axe down on the enemy\'s head. Raise your Melee Attack by 14%.', 4, 'D', 'B-', NULL, NULL, 21, 6),
(40, 'Beam Cannon', 'Fire a beam in a straight line from the cannon on your back. You can move while firing.', 1, 'D', 'C-', NULL, 7, 60, 0),
(41, 'Beam Spot Gun', 'Launch rapid-fire beams from your forearm. You can move while firing.', 1, 'B+', 'D', NULL, 11, 60, 0),
(42, 'Light Up', 'Activate the light equipped to your chest. You become easier to target for a set period of time.', 5, NULL, NULL, 27, NULL, 60, 12),
(43, 'Claw', 'Grab a foe with a huge engineering claw and cut through them. Lowers hit enemy Gunpla\'s Physical Resist by 29%.', 4, 'B-', 'D', NULL, NULL, 33, 4),
(44, 'Beam Hack α', 'Reduce target Beam Resist by 69%', 7, NULL, NULL, 51, NULL, 33, 7),
(45, 'Hate Up', 'You become easier to target for a set period of time.', 5, NULL, NULL, 51, NULL, 33, 7),
(46, 'Cross Wave', 'Slash to create shockwaves that cleave through enemies.', 3, 'D', 'B', NULL, NULL, 21, 6),
(47, 'Dual Wave', 'Hold bazookas in both hands and fire high-power rounds.', 2, 'B+', 'D', NULL, NULL, 21, 3),
(48, 'Missile Launcher', 'Shoot firearms stored in your shield. You can move while firing.', 2, 'D', 'C', NULL, 7, 60, 0),
(49, 'Protection Hack α', 'Reduce target Physical Resist by 69%', 7, NULL, NULL, 51, NULL, 33, 7),
(50, 'Hate Down', 'You become harder to target for a set period of time.', 5, NULL, NULL, 51, NULL, 33, 7),
(51, 'Protection β', 'Raise Ally Physical Resist by 39%', 5, NULL, NULL, 51, NULL, 33, 7),
(52, 'Prominence Fist', 'Charge powerfully through enemies with your fist. Lowers hit enemy Gunpla\'s Melee and Shot Defense by 14%', 4, 'D', 'C-', NULL, NULL, 21, 6),
(53, 'Beam Saber Combo', 'Unleash a combo with the saber in your right hard.', 3, 'D', 'B-', NULL, NULL, 21, 6),
(54, 'Twin Beam Gun & Grenade Launcher', 'Fire the beam rifle and grenade launcher in your arms. You can move while firing.', 2, 'D', 'C', NULL, 7, 60, 0),
(55, 'Claw Kick', 'Unleash a series of kicking combo attacks. Raise your Melee Attack by 14%.', 4, 'B', 'D', NULL, NULL, 21, 3),
(56, 'Anti-Ship Large Missile', 'Launch eight missiles mounted on your back.', 2, 'B+', 'D', NULL, NULL, 21, 3),
(57, 'Small Missile', 'Launch missiles stowed on your shield.', 2, 'B+', 'D', NULL, NULL, 21, 3),
(58, 'Missile Pod', 'Fire missiles from pods on your shoulders at multiple foes.', 2, 'D', 'C-', NULL, NULL, 21, 6),
(59, 'Large Missile Launcher', 'Use the missile launcher on your leg against multiple enemies.', 2, 'D', 'C-', NULL, NULL, 21, 6),
(60, 'Mega Particle Cannon', 'Fire a generator-linked beam cannon in your abdomen at foes.', 1, 'B+', 'D', NULL, NULL, 60, 15),
(61, 'Incom', 'Launch the incom to repeatedly strike foes in all directions. You can move freely while this skill is active.', 1, 'B+', 'D', NULL, NULL, 60, 6),
(62, 'Seventh Ray Shot', 'Bathe foes in high-output beams from your rifle.', 1, 'A', 'D', NULL, NULL, 60, 15),
(63, 'Vulcan Pod', 'Fire the Vulcan in your head at foes straight ahead. You can move freely while shooting. Lowers hit enemy Gunpla\'s Melee and Shot Defense by 14%.', 2, 'D-', 'D', NULL, NULL, 19, 5),
(64, 'Shock Bringer β', 'Ally attacks stun large foes more easily for a set period.', 5, NULL, NULL, 37, NULL, 33, 7),
(65, 'Brave Axe Combo', 'Bring down a wild rush of blows with your equipped axe.', 4, 'D', 'C', NULL, NULL, 19, 5),
(66, 'Panic Maker', 'Fire special high-powered rounds from your machine gun.', 1, 'B+', 'D', NULL, NULL, 21, 3),
(67, 'Sturm Faust', 'Fire the portable grenade launcher on your shield. You can move while firing.', 2, 'D', 'C', NULL, 7, 60, 0),
(68, 'Crater Maker', 'Fire stunning rounds from your machine gun.', 2, 'B+', 'D', NULL, NULL, 21, 3),
(69, 'Torpedo', 'Fire guided torpedoes from the launcher inside the head.', 2, 'B+', 'D', NULL, NULL, 21, 3),
(70, 'Beam Cannon', 'Launch rapid-fire beams from your forearm. You can move while firing.', 1, 'B+', 'D', NULL, 11, 60, 0),
(71, 'Leg-Mounted Sturm Faust', 'Fire the Sturm Faust on your leg.', 2, 'D', 'B+', NULL, NULL, 21, 6),
(72, 'Giant Bazooka', 'Fire the giant bazooka on your back. You can move while firing.', 2, 'A-', 'D', NULL, 7, 60, 0),
(73, 'Archer Hack α', 'Reduce target Shot Attack by 39%', 7, NULL, NULL, 51, NULL, 33, 7),
(74, 'Armed Aura α', 'Your Gunpla resists flinching for a set period of time.', 5, NULL, NULL, 51, NULL, 33, 7),
(75, 'Dual Beam Guns', 'Launch rapid-fire beams from your forearm. You can move while firing.', 1, 'B+', 'D', NULL, 11, 60, 0),
(76, 'Offense Hack α', 'Reduce target Melee and Shot Defense by 39%', 7, NULL, NULL, 37, NULL, 33, 7),
(77, 'Hyper Mode', 'Enter Hyper Mode for enhanced combat prowess. Raise speed by 20%. Raise your Melee Attack by 19%. Raise your Shot Attack by 19%.', 6, NULL, NULL, 51, NULL, 60, 12),
(78, 'Rose Bits', 'Launch the Rose Bits to strike foes in all directions. You can move freely while this is active.', 1, 'A-', 'D', NULL, NULL, 60, 6),
(79, 'Chevalier Saber', 'Unleash a thrusting attack with the saber at your waist.', 4, 'D', 'B+', NULL, NULL, 30, 8),
(80, 'Bazooka', 'Fire a bazooka suspended on your back. You can move while firing.', 2, 'D', 'C-', NULL, 7, 60, 0),
(81, 'Double Gatling Guns', 'Fire beam Gatling guns on both arms toward the enemy.', 1, 'D', 'D', NULL, 11, 60, 0),
(82, 'Igelstellung', 'Fire the anti-air autocannons in your head at foes straight ahead. You can move freely while shooting. Lowers hit enemy Gunpla\'s Melee and Shot Defense by 14%.', 2, 'D-', 'D', NULL, NULL, 19, 5),
(83, 'Barrier Hack β', 'Reduce Shot Defense of all enemies by 24%', 7, NULL, NULL, 51, NULL, 33, 7),
(84, 'Combat Hack β', 'Reduce Melee Attack of all enemies by 24%', 7, NULL, NULL, 51, NULL, 33, 7),
(85, 'Combat Hack α', 'Reduce target Melee Attack by 39%', 7, NULL, NULL, 51, NULL, 33, 7),
(86, 'Assault Cyclone', 'Slice foes with the beam sabers in both arms. Squad recovers 48% of maximum Armor. Raise Shot Defense of your Squad by 29%.', 3, 'D', 'A', NULL, NULL, 79, 20),
(87, 'Kick Combination', 'Use the saber on your leg in a series of combo attacks. Raise your Melee Attack by 19%', 3, 'A', 'D', NULL, NULL, 21, 3),
(88, 'Shield Throw', 'Throw your shield to attack.', 4, 'A', 'D', NULL, NULL, 21, 3),
(89, 'Twin Sword Rifle', 'Unleash a combo attack with your Twin Sword Rifle.', 3, 'B', 'D', NULL, NULL, 21, 3),
(90, 'Sky Jumper', 'Jump high to deal a blow with your lance from the air. Lowers hit enemy Gunpla\'s Beam Resist by 19%', 3, 'B', 'D', NULL, NULL, 21, 3),
(91, 'GN Vulcan', 'Fire the GN Vulcan in your head at foes straight ahead. You can move freely while shooting. Lowers hit enemy Gunpla\'s Melee and Shot Defense by 14%.', 1, 'D-', 'D', NULL, NULL, 19, 5),
(92, 'GN Claw', 'Raise your Melee ATK 14%.', 4, 'D', 'C-', NULL, NULL, 19, 5),
(93, 'Saber Boomerang', 'Slash with your saber, then hurl it point-first.', 3, 'D', 'B-', NULL, NULL, 21, 6),
(94, 'Barrier Hack α', 'Reduce target Shot Defense by 39%', 7, NULL, NULL, 51, NULL, 33, 7),
(95, 'Gun Vulcan', 'Fire the GN Vulcan in your head at foes straight ahead. You can move freely while shooting. Lowers hit enemy Gunpla\'s Melee and Shot Defense by 14%.', 1, 'D-', 'D', NULL, NULL, 19, 5),
(96, 'Screw Fang', 'Slice with claws on both hands, then unleash a kick. Raise your Melee Attack by 14%.', 4, 'B', 'D', NULL, NULL, 21, 3),
(97, 'Valiant Heart', 'Thrust a charged sword to cleave through enemies. Lowers hit enemy Gunpla\'s Physical Resist by 29%.', 7, 'D', 'B-', NULL, NULL, 21, 6),
(98, 'Bright Stinger', 'Unleash a series of light-speed strikes from your lance. Raise your Melee Defense by 14%.', 4, 'D', 'B-', NULL, NULL, 21, 6),
(99, 'Barrier Stance β', 'Raise Ally Shot Defense by 29%', 5, NULL, NULL, 51, NULL, 33, 7),
(100, 'GN Missile', 'Fire guided missiles propelled by GN particles from your back.', 1, 'B+', 'D', NULL, NULL, 21, 3),
(101, 'Beam Lariat', 'Deploy armor on arms and strike with a rigged beam weapon.', 3, 'D', 'B+', NULL, NULL, 30, 8),
(102, 'Archer Hack β', 'Reduce Shot Attack of all enemies by 24%', 7, NULL, NULL, 51, NULL, 33, 7),
(103, 'Scattering Beam Cannon', 'Bathe foes in high-output beams from your chest beam cannon.', 1, 'B+', 'D', NULL, NULL, 60, 15),
(104, 'Tail Beam Rifle', 'Launch rapid-fire beam weapon shots from your tail. You can move while firing.', 1, 'B+', 'D', NULL, 7, 60, 0),
(105, 'Melee Pick', 'Thrust with your shield pick and follow it up with a kick. Raise your Melee Attack by 14%.', 4, 'B-', 'D', NULL, NULL, 21, 3),
(106, 'Saturn Engine', 'Dramatically boost acceleration with a heavier propellant. Raises speed by 20%. Reduces Melee and Shot Defense by 30%. Raise your vernier capacity by 25%.', 6, NULL, NULL, 27, NULL, 60, 12),
(107, 'Signal Flare', 'Fire a signal flare into the air to send word to your allies. Raise Ally Melee Attack by 19%. Raise Ally Beam Resist by 29%. Raise Ally Physical Resist by 29%.', 5, NULL, NULL, 27, NULL, 60, 6),
(108, 'Menace Shot', 'Lowers hit Gunpla\'s Shot Attack & Melee Defense 14%', 4, 'B-', 'D', NULL, NULL, 21, 3),
(109, '2-Tube Missile Launcher', 'Fire the missile launcher on your back. You can move while firing.', 2, 'D', 'C', NULL, 7, 60, 0),
(110, '4-Tube Multi-Launcher', 'Strafe ahead with the quadruple multi-launcher on your back.', 2, 'D', 'C', NULL, NULL, 21, 6),
(111, 'Triple Missile Pod', 'Fire missiles from pods on your shoulders at multiple foes.', 2, 'D', 'C-', NULL, NULL, 21, 6),
(112, 'Barrier Stance α', 'Raise your Shot Defense by 39%', 5, NULL, NULL, 51, NULL, 33, 7),
(113, '3-Barrel Beam Cannon', 'Launch rapid-fire beam cannon shots from your forearm. You can move while firing.', 1, 'D', 'C-', NULL, NULL, 60, 0),
(114, 'Tri-Blade', 'Fire a close-range weapon that has three tracking blades.', 2, 'B-', 'D', NULL, NULL, 21, 0),
(115, 'Spinning Axle', 'Ready your axe, then spin to attack nearby foes. Lowers hit enemy Gunpla\'s Shot Attack by 19%.', 3, 'D', 'C-', NULL, NULL, 21, 6),
(116, 'Energy Satellite', 'Generate an energy bit to provide automatic support fire. You can move freely while this is active.', 1, 'B+', 'D', NULL, NULL, 60, 6),
(117, 'Arm-Mounted Mega Particle Cannon', 'Launch rapid-fire beams from your forearm. You can move while firing.', 1, 'A-', 'D', NULL, 11, 60, 0),
(118, 'Vernier Up α', 'Raise your vernier capacity by 25%.', 5, NULL, NULL, 51, NULL, 33, 7),
(119, 'Chest-Mounted Beam Cannon', 'Bathe foes in converging beams from a generator-linked cannon.', 1, 'B-', 'D', NULL, NULL, 60, 15),
(120, '3-Tube Rocket Launcher', 'Fire the rocket launcher stored in your forearm. You can move while firing.', 2, 'D', 'C-', NULL, 7, 60, 0),
(121, 'Leg-Mounted Beam Cannon', 'Bathe foes in converging beams from a generator-linked cannon.', 1, 'B-', 'D', NULL, NULL, 60, 15),
(122, 'Iron Impact', 'Knock back a foe with a mighty blow from your mace. Raise Shot Defense of your Squad by 39%.', 4, 'D', 'A', NULL, NULL, 79, 20),
(123, 'Head-Mounted Mega Particle Cannon', 'Fire the mega particle cannon on your head.', 1, 'A-', 'D', NULL, NULL, 60, 15),
(124, 'Beam Recorder', 'Use the recorder taken from its satchel to bathe foes in beams.', 1, 'A-', 'D', NULL, NULL, 60, 15),
(125, 'Beam Saber Combo', 'Unleash a combo with the saber in your right hard.', 3, 'D', 'B+', NULL, NULL, 21, 6),
(126, 'Fin Funnels', 'Launch fin funnels to strike foes in all directions. You can move freely while this is active.', 1, 'A+', 'D', NULL, NULL, 60, 6),
(127, 'Dual Cascade', 'Hold bazookas in both hands and fire high-power rounds.', 2, 'A', 'D', NULL, NULL, 21, 3),
(128, 'CIWS', 'Fire the close-range defense system in your head at foes straight ahead. You can move freely while shooting. Lowers hit enemy Gunpla\'s Melee and Shot Defense by 14%.', 2, 'D-', 'D', NULL, NULL, 19, 5),
(129, 'Breast Beam Vulcan', 'Fire forward with the Beam Vulcan in your chest.', 1, 'D', 'C', NULL, NULL, 21, 6),
(130, 'Palma Fiocina Beam Cannon', 'Turn both palms forward to bathe foes in high-output beams.', 1, 'B+', 'C-', NULL, NULL, 60, 15),
(131, 'Rising Arrow', 'Fire a high-speed beam arrow from the bow on your left arm.', 1, 'A-', 'D', NULL, NULL, 21, 3),
(132, 'IF Bunker', 'Stab a foe frozen by your IF Booster with an I-Field saber.', 1, 'A-', 'D', NULL, NULL, 60, 15),
(133, 'Flight Unit', 'Accelerate with your flight unit, then detach and launch.', 2, 'A-', 'D', NULL, NULL, 35, 4),
(134, 'Storm Edge', 'Create a whirlwind with your axe to mow down surrounding foes. Raise your Shot Defense by 19%.', 3, 'D', 'B+', NULL, NULL, 21, 6),
(135, 'Double Saber Shear', 'Cleave through enemies with sabers in each hand.', 3, 'D', 'B+', NULL, NULL, 21, 6),
(136, 'Edge Fling', 'Throw the twin blades on your legs.', 4, 'A', 'D', NULL, NULL, 21, 3),
(137, 'Trans-Am Raid', 'Release particles in your GN Drive for a high-speed attack. Raise Melee Attack of your Squad by 39%.', 3, 'D', 'A', NULL, NULL, 79, 20),
(138, 'Archer Stance γ', 'Raise Shot Attack of your Squad by 39%', 5, NULL, NULL, 51, NULL, 33, 7),
(139, 'GN Missile', 'Fire guided missiles propelled by GN Particles at multiple foes.', 1, 'A', 'D', NULL, NULL, 21, 3),
(140, 'Trans-Am', 'Fully release all highly-compressed particles in your GN Drive. Raise your speed by 20%. Raise your Shot Attack by 29%. Raise your Beam Resist by 49%.', 6, NULL, NULL, 51, NULL, 60, 12),
(141, 'Offense Up γ', 'Raise Melee and Shot Attack of your Squad by 39%', 5, NULL, NULL, 37, NULL, 33, 7),
(142, 'Twist Buster', 'Lift foes with your saber, then knock them back to earth.', 3, 'D', 'A-', NULL, NULL, 21, 6),
(143, 'Harmonica Cannon', 'Bathe foes in beams from the shield\'s multi-barreled beam cannon.', 1, 'A', 'D', NULL, NULL, 60, 35),
(144, 'Rapid Thrust', 'Unleash a blindingly fast flurry with sabers in each hand.', 4, 'D', 'A-', NULL, NULL, 21, 6),
(145, 'Strike Punisher', 'Slash at high speed to unleash multiple shockwaves.', 3, 'A+', 'C-', NULL, NULL, 79, 8),
(146, 'Knight\'s Nail', 'Jump high to bring your blade down on the enemy\'s head.', 4, 'A', 'D', NULL, NULL, 21, 3),
(147, 'Recovery Tool β', 'Ally recovers 38% of maximum Armor.', 8, NULL, NULL, NULL, NULL, 33, 7),
(148, 'Mirage Colloid', 'Go stealthy with colloidal particles on your armor. Raise your Shot Attack by 19%. You become harder to target for a set period of time.', 6, NULL, NULL, 51, NULL, 60, 12),
(149, 'Trikeros Rush', 'A combo attack with the Trikeros, a composite armament unit.', 3, 'D', 'B', NULL, NULL, 19, 5),
(150, 'EXAM System', 'Activate the anti-Newtype OS EXAM System. Raise your speed by 20%. Raise your Melee Attack by 39%.', 6, NULL, NULL, 37, NULL, 60, 12),
(151, 'Abdominal Wired Missile', 'Fire wire-guided missiles.', 2, 'D', 'B', NULL, NULL, 21, 6),
(152, 'Lightning Ball', 'Charge arms with beam energy, then attack with a rush tackle. Lowers hit enemy Gunpla\'s Physical Resist by 29%', 4, 'D', 'B+', NULL, NULL, 21, 3),
(153, 'Bisect', 'Draw the Gerbera Straight to bisect foes with a mighty swing. Squad recovers 48% of maximum Armor. Raise Melee Attack of your Squad by 29%.', 4, 'D', 'A', NULL, NULL, 79, 20),
(154, 'Gerbera Straight', 'Unleash a barrage of attacks with your blade.', 4, 'A', 'D', NULL, NULL, 21, 3),
(155, 'Queue Blade', 'Attack with the queue blade on your head. Lowers hit enemy Gunpla\'s Melee Defense by 19%.', 4, 'D', 'C', NULL, NULL, 30, 8),
(156, 'Dragon Claw', 'Strike with both extended arms, then unleash a burst of flame. Lowers hit enemy Gunpla\'s Shot Defense by 19%.', 2, 'D', 'B-', NULL, NULL, 30, 8),
(157, 'Hell Jumper', 'Jump high to deal a powerful blow with your lance from the air. Lower\'s hit enemy Gunpla\'s Beam Resist by 39%', 3, 'A-', 'D', NULL, NULL, 30, 3),
(158, '110mm Autocannon', 'Fire live ammunition from your forearm. You can move while firing.', 2, 'A-', 'D', NULL, 11, 60, 0),
(159, 'Hyper Beam Saber', 'Slay your foes with a single strike powered by your Biosensor. Raise Melee Attack of your Squad by 24%', 3, 'D', 'A', NULL, NULL, 79, 20),
(160, 'Arm-Mounted Grenade Launcher', 'Launch grenades from your forearm. You can move while firing.', 2, 'D', 'B', NULL, 7, 60, 0),
(161, 'Recovery Tool γ', 'Squad recovers 48% of maximum Armor.', 8, NULL, NULL, NULL, NULL, 33, 7),
(162, 'Beam Gun', 'Launch rapid-fire beams from your forearm. You can move while firing.', 1, 'A', 'D', NULL, 11, 60, 0),
(163, 'Funnels', 'Launch funnels to repeatedly strike foes in all directions. You can move freely while this is active.', 1, 'A+', 'D', NULL, NULL, 60, 6),
(164, 'Grenade Launcher', 'Launch grenades from your shield.', 2, 'A-', 'D', NULL, NULL, 21, 3),
(165, 'Offense Up α', 'Raise Melee and Shot Attack of your Squad by 39%', 5, NULL, NULL, 37, NULL, 33, 7),
(166, 'Dober Gun', 'Bathe foes in beams from the Dober gun on your shoulder.', 1, 'A-', 'D', NULL, NULL, 60, 15),
(167, 'Royal Heart', 'Thrust your charged sword to cleave cleanly through foes. Lowers hit enemy Gunpla\'s Beam Resist by 29%', 3, 'D', 'B+', NULL, NULL, 30, 8),
(168, 'Dragon Fang', 'Strike with extended arm, then unleash a burst of flame. Lowers hit enemy Gunpla\'s Shot Defense by 24%', 2, 'D', 'B', NULL, NULL, 30, 8),
(169, 'Armed Aura γ', 'Your squad resists flinching for a set period of time.', 5, NULL, NULL, 51, NULL, 33, 7),
(170, 'Machine Cannon', 'Fire the machine cannon in your chest at foes straight ahead. You can move freely while shooting.', 2, 'A', 'D', NULL, 11, 60, 0),
(171, 'Hyper Jammer', 'Activate a powerful radio wave jammer to hide your position. Raise your Shot Attack by 19%. You become harder to target for a set period of time.', 6, NULL, NULL, 51, NULL, 60, 12),
(172, 'Deadly Circle', 'Brutally swipe at nearby foes with your beam scythe. Lowers hit enemy Gunpla\'s Beam Resist by 39%', 3, 'A', 'D', NULL, NULL, 21, 3),
(173, 'Buster Shield', 'Fire your shield toward the enemy.', 3, 'A', 'D', NULL, NULL, 21, 3),
(174, 'Assassination', 'Blast foes with two sabers, finishing with a grand strike. Raise Melee Attack of your Squad by 19%. Raise Beam Resist of your Squad by 29%. Raise Physical Resist of your Squad by 29%.', 3, 'A-', 'D', NULL, NULL, 60, 6),
(175, 'Grave Punisher', 'Send a shockwave along the ground from your beam scythe.', 3, 'B+', 'D', NULL, NULL, 21, 3),
(176, 'Self-Destruct', 'Self-destruct in an explosion that envelops foes around you. Take 90% damage to max Armor.', 4, 'D', 'A', NULL, NULL, 21, 6),
(177, 'Max Output Buster Rifle', 'Fire a rifle rivaling a warship\'s main battery at full output.', 1, 'A+', 'C-', NULL, NULL, 79, 20),
(178, 'Shield Bash', 'Unleash a combo with the shield on your right arm. Lowers hit enemy Gunpla\'s Shot Defense by 19%.', 4, 'D', 'B+', NULL, NULL, 21, 3),
(179, 'Machine Cannon', 'Fire the machine cannon in your chest at foes straight ahead. You can move freely while shooting.', 2, 'A-', 'D', NULL, 11, 60, 0),
(180, 'CIWS', 'Fire the close-range defense system in your head at foes straight ahead. You can move freely while shooting.', 2, 'A', 'D', NULL, NULL, 60, 0),
(181, 'Excalibur', 'Charge forward with the Excalibur you received. Squad recovers 48% of maximum Armor. Raise Beam Resist of your Squad by 49%.', 4, 'D', 'A', NULL, NULL, 79, 20),
(182, 'Spinning Rave', 'Ready your axe, then spin to attack nearby foes. Lowers hit enemy Gunpla\'s Shot Attack by 19%.', 4, 'D', 'B', NULL, NULL, 30, 8),
(183, 'Super Mode', 'Enter Super Mode for enhanced combat prowess. Raises speed by 20%. Raise your Melee Attack by 29%. Raise your Melee Defense by 19%.', 6, NULL, NULL, 51, NULL, 60, 12),
(184, 'Shining Finger Sword', 'Crush foes with your love, your anger, and all of your sorrow. Raise Melee Attack of your Squad by 19%. Raise Melee Defense of your Squad by 24%.', 3, 'B', 'A', NULL, NULL, 79, 8),
(185, 'Maelstrom', 'Blow through foes, spinning to strike them with your blade.', 3, 'A-', 'D', NULL, NULL, 30, 3),
(186, 'Hidden Arm & Samurai Sword', 'Mow down foes with dual blades hidden in your shoulders. Lowers hit enemy Gunpla\'s Melee Defense by 19%.', 4, 'D', 'A-', NULL, NULL, 21, 6),
(187, 'Particle Fa Jin', 'Inject particles into your foe, destroying them from within. Raise Shot Attack of your Squad by 39%.', 4, 'A+', 'C', NULL, NULL, 60, 6),
(188, 'Picus', 'Fire the anti-air autocannons in your head at foes straight ahead. You can move freely while shooting. Lower hit enemy Gunpla\'s Melee and Shot Defense by 14%.', 2, 'D-', 'D', NULL, NULL, 19, 5),
(189, 'Xiphias Rail Cannon', 'Slash with your saber and fire high-speed rounds from both your railguns at mid-air enemy. Squad recovers 48% of maximum Armor. Raises your Shot Attack by 29%', 2, 'D', 'A', NULL, NULL, 73, 19),
(190, 'Balaena Plasma Beam Cannon', 'Attack enemy ahead by firing highly compressed plasma energy from your Plasma Beam Cannon.', 1, 'A', 'D', NULL, NULL, 60, 15),
(191, 'Sagittus', 'Fire the anti-air autocannons in your head at foes straight ahead. You can move freely while shooting. Lower hit enemy Gunpla\'s Melee and Shot Defense by 14%.', 2, 'D-', 'D', NULL, NULL, 19, 5),
(192, 'Bassel Beam Boomerang', 'Attack locked-on target with boomerang on your shoulder.', 3, 'A', 'D', NULL, NULL, 21, 3),
(193, 'Fatum-00', 'Board lifter attached to back and execute a rush attack. Squad recovers 48% of maximum Armor. Raises Melee Attack of your Squad by 29%.', 4, 'D', 'A', NULL, NULL, 79, 20),
(194, 'Voiture Lumiere', 'Catch solar wind using a ring-shaped quantum field, converting it into propulsive force. Raise speed by 20%. Raises your Shot Attack by 19%. Raises your Shot Defense by 29%.', 6, NULL, NULL, 51, NULL, 60, 12),
(195, 'Missile Launcher', 'Open your chest armor to unleash a missile barrage. You can move while firing.', 2, 'A-', 'D', NULL, 7, 60, 0),
(196, 'Handgun', 'Launch rapid-fire Vulcan shots from your forearm. You can move while firing.', 2, 'A-', 'D', NULL, 11, 60, 0),
(197, 'Sonic Blast', 'Bathe foes in beams from the beam cannon in your abdomen.', 1, 'B-', 'D', NULL, NULL, 60, 15),
(198, 'Rapid Thrust', 'Unleash a blindingly fast flurry with knives in each hand.', 4, 'D', 'B+', NULL, NULL, 21, 6),
(199, 'Railgun & Single-Mounted Cannon', 'Fire 115mm Railgun and 105mm Single-Mounted Cannon from your integrated Weapons Striker Pack (IWSP)', 2, 'D', 'B+', NULL, NULL, 21, 6),
(200, 'Dual Shredder', 'Execute suppressive fire with special rounds from your Gatling Gun.', 2, 'A-', 'C-', NULL, NULL, 21, 3),
(201, 'HADES System', 'Activate HADES, a system developed from the EXAM system. Raise speed by 20%. Raise your Melee Attack by 19%. Raise your Shot Attack by 29%.', 6, NULL, NULL, 51, NULL, 60, 12),
(202, 'Leg-Mounted Rocket Launcher', 'Fire the rocket launcher mounted on your leg.', 2, 'D', 'B+', NULL, NULL, 21, 6),
(203, '180mm Cannon', 'Hold the cannon on your back under your arm and fire.', 2, 'D', 'A-', NULL, NULL, 21, 6),
(204, 'Shock Bringer γ', 'Squad attacks stun large foes more easily for a set period.', 5, NULL, NULL, 51, NULL, 33, 7),
(205, 'Armed Aura β', 'Allies resist flinching for a set period of time.', 5, NULL, NULL, 37, NULL, 33, 7),
(206, 'Shiva & 5-Tube Missile Pod', 'Fire a railgun and missiles from units on your shoulders. You can move while firing.', 2, 'A-', 'D', NULL, 7, 60, 0),
(207, 'Grenade Launcher', 'Launch grenades from your shield. You can move while firing.', 2, 'D', 'C', NULL, 7, 60, 0),
(208, 'Buster Beam', 'Bathe foes in high-output beams from your chest Beam Cannon.', 1, 'A', 'D', NULL, NULL, 60, 15),
(209, 'Beam Vulcan', 'Launch rapid-fire Beam Vulcan shots from your forearm. You can move while firing.', 1, 'A-', 'D', NULL, 11, 60, 0),
(210, 'Legilis Cannon', 'Launch beam weapon shots from your tail.', 1, 'A', 'D', NULL, NULL, 21, 3),
(211, 'Legilis Bits', 'Launch Legilis Bits from your shield, hitting an enemy directly ahead with clusters of energy.', 1, 'A', 'D', NULL, NULL, 60, 15),
(212, 'Shoulder Grenade Launcher', 'Attack enemy with the double-barrel break-action grenade launcher stowed in your shoulder frame.', 2, 'D', 'B+', NULL, NULL, 21, 6),
(213, 'Sub-Arm Unit', 'Fire two Beam Rifles using the sub-arms attached to your waist.', 1, 'D', 'B+', NULL, NULL, 21, 6),
(214, 'Shield Booster', 'Use Shield Booster to temporarily increase performance. Raises speed by 20%. Raises your Melee Attack by 19%. Raises your Physical Resist by 49%.', 6, NULL, NULL, 51, NULL, 60, 12),
(215, 'Scattering Beam Cannon', 'Fire the Scattering Beam Cannon stowed in your shield.', 1, 'A-', 'C-', NULL, NULL, 21, 3),
(216, 'Cougar Rush', 'Execute a combo on target using a Beam Saber in both hands.', 3, 'D', 'B+', NULL, NULL, 21, 3),
(217, 'Charge Shot', 'Attach your shield to your rifle and blast foes with a high-energy beam.', 1, 'D', 'B+', NULL, NULL, 21, 6),
(218, 'MEPE Mode', 'Release your limiters to unleash your Gunpla\'s full potential. Raise speed by 20%. Raise your Melee Attack by 19%. Raise your Shot Attack by 29%.', 6, NULL, NULL, 51, NULL, 60, 12),
(219, 'Spinning Saber', 'Spin both hands to mow down nearby foes with your saber. Lowers hit enemy Gunpla\'s Melee Defense by 19%.', 3, 'A', 'D', NULL, NULL, 21, 3),
(220, 'V.S.B.R.', 'Wedge the cannon on your back under your arm to fire projectiles. You can move while firing.', 1, 'A', 'D', NULL, 7, 60, 0),
(221, 'Offense Up β', 'Raise Ally Melee and Shot Attack by 29%', 5, NULL, NULL, 37, NULL, 33, 7),
(222, 'Anti-Armor Shotgun', 'Fire your Gunlauncher forward and Beam Rifle backward to spray the area with bullets.', 2, 'D', 'D', NULL, NULL, 21, 6),
(223, 'Nix Snipe', 'Briefly bathe foes in powerful beams from your long rifle.', 1, 'B+', 'C-', NULL, NULL, 60, 15),
(224, '120mm Machine Cannon', 'Fire the machine cannon in your chest at foes straight ahead. You can move freely while shooting.', 2, 'B+', 'D', NULL, 11, 60, 0),
(225, 'Rapid Thrust', 'Unleash a blindingly fast furry with sabers in each hand.', 3, 'A-', 'D', NULL, NULL, 21, 3),
(226, 'Block Stance β', 'Raise Ally Melee Defense by 29%.', 5, NULL, NULL, 51, NULL, 33, 7),
(227, 'Beam Vulcan', 'Launch rapid-fire Beam Vulcan shots from your forearm. You can move while firing.', 1, 'B+', 'D', NULL, 11, 60, 0),
(228, 'Tail Beam Rifle', 'Launch rapid-fire beam weapon shots from your tail. You can move while firing.', 1, 'B-', 'D', NULL, 4, 60, 0),
(229, 'Arm-Mounted Grenade Launcher', 'Launch grenades from your forearm. You can move while firing.', 2, 'D', 'C-', NULL, 11, 60, 0),
(230, 'Block Hack β', 'Ally recovers 38% of maximum Armor.', 7, NULL, NULL, 51, NULL, 33, 7),
(231, '6-Tube Missile with Built-in Satchel', 'Fire guided missiles from the satchel on your back.', 2, 'D', 'B+', NULL, NULL, 21, 6),
(232, 'Sturm Faust', 'Launch the Sturm Faust stored in your forearm shield. You can move while firing.', 2, 'D', 'C-', NULL, 7, 60, 0),
(233, 'Beam Pistol', 'Fire the twin pistols mounted on your back.', 1, 'D', 'B-', NULL, NULL, 21, 6),
(234, 'Arm-Mounted Scattering Beam Cannon', 'Fire the beam cannons in your shoulder armor over a wide area. You can move while firing.', 1, 'D', 'D', NULL, 11, 60, 0),
(235, 'Grenade Launcher', 'Launch grenades stowed in your body frame.', 2, 'D', 'B-', NULL, NULL, 21, 6),
(236, 'Shoulder-Mounted Beam Cannon', 'Bathe foes in beams from the cannon suspended on your back.', 1, 'B+', 'D', NULL, NULL, 60, 15),
(237, 'Beam Cannon', 'Wedge the beam cannon on your back under your arm to fire beams.', 1, 'B-', 'D', NULL, NULL, 60, 15),
(238, 'Double Saber Shear', 'A furry of invisible blows from the saber on your forearm.', 3, 'B', 'D', NULL, NULL, 21, 3),
(239, 'Rose Screamer', 'Deploy the Rose Bits to enclose foes in an electrified space. Stuns enemies for a set period of time.', 1, NULL, NULL, NULL, NULL, 60, 15),
(240, 'Dober Gun', 'Bathe foes in beams from the Dober gun on your shoulder.', 1, 'A', 'D', NULL, NULL, 60, 15),
(241, 'Vertical Saber Spin', 'Spin your right wrist, attacking enemies with an oscillating Beam Saber. Lower hit enemy Gunpla\'s Beam Resist by 39%.', 3, 'A', 'D', NULL, NULL, 21, 3),
(242, 'Mega Particle Cannon (Incom)', 'Detach and launch your forearm to shoot at a locked-on target.', 1, 'D', 'B+', NULL, NULL, 21, 6),
(243, 'Psycho Jammer', 'Launch Psycho Jammer, erecting a force field around locked-on target and suppressing movement within.', 1, NULL, NULL, NULL, NULL, 60, 15),
(244, 'Triple-Barrel Mega Particle Cannon', 'Fire beams from the Triple-Barrel High-Caliber Mega Particle Cannon in your shield.', 1, 'A-', 'D', NULL, NULL, 60, 15),
(245, 'Battlecry', 'Charge into the fray solo, attacking with your saber. Squad recovers 48% of maximum Armor. Raise Melee Defense of your Squad by 29%.', 3, 'A+', 'C', NULL, NULL, 60, 6),
(246, 'Twist Buster', 'Lift foes with your saber, then knock them back to earth.', 3, 'A', 'D', NULL, NULL, 21, 6),
(247, 'Atomic Bazooka', 'Fire a nuclear warhead from your bazooka.', 2, 'A+', 'C-', NULL, NULL, 79, 12),
(248, 'Beam Dagger Bites', 'Rush and grab a foe, then strike with a beam dagger combo. Lowers hit enemy Gunpla\'s Physical Resist by 29%', 3, 'A-', 'D', NULL, NULL, 33, 4),
(249, 'Chest Mega Particle Cannon & I-Field', 'Fire compressed Mirnovsky particles from Mega Particle Cannons on four of your turrets. Raises your Beam Resist by 59%.', 1, 'A', 'D', NULL, NULL, 60, 15),
(250, 'Chest-Mounted Gatling & Machine Cannons', 'Fire the Gatling and machine cannons in your chest.', 2, 'A-', 'C-', NULL, NULL, 21, 3),
(251, 'Aerial Spin', 'Launch an acrobatic blow with the knife on your forearm. Lowers hit enemy Gunpla\'s Melee Attack by 19%.', 4, 'D', 'B+', NULL, NULL, 21, 6),
(252, 'Beam Gatling Gun', 'Fire the Gatling gun suspended on your back. You can move while firing.', 1, 'A-', 'D', NULL, 11, 60, 0),
(253, 'Sana\'s Signature Rabbit Spike', 'Hop around like a rabbit and strike using the force of a volleyball spike. Squad recovers 38% of maximum Armor. Raises Shot Defense of Squad by 39%.', 4, 'A+', 'C-', NULL, NULL, 79, 8),
(254, 'Belly Beam!', 'Fire a sonic blast with a more straightforward name at target.', 1, 'B+', 'C-', NULL, NULL, 60, 15),
(255, '170mm Autocannon', 'Attack enemies ahead with the autocannon on your arm.', 2, 'A-', 'D', NULL, 11, 60, 0),
(256, 'Bloody Wrench', 'Bulldoze attacking enemies with your Wrench Mace, then pulverize them into the ground. Squad recovers 48% of maximum Armor. Raises Melee Attack of your Squad by 29%.', 4, 'D', 'A', NULL, NULL, 79, 20),
(257, 'Mace Rush', 'Blow away the enemy with your Wrench Mace, then leap into the air, pulverizing them on the way down. Raises your Melee Defense by 24%.', 4, 'D', 'C-', NULL, NULL, 21, 6),
(258, 'Trial System', 'Activate Trial System and stop all Gunpla movement within vicinity for a fixed period of time.', 2, NULL, NULL, NULL, NULL, 41, 11),
(259, 'Defense Up β', 'Raise Ally Melee and Shot Defense by 29%.', 5, NULL, NULL, 37, NULL, 33, 7),
(260, '90mm Gatling Cannon', 'Rapidly fire rounds from your forearm Gatling Cannon. You can move while firing.', 2, 'A', 'D', NULL, 11, 60, 0),
(261, 'Seventh Tri-Shot', 'Bathe foes in triple beams from your rifle.', 1, 'B-', 'D', NULL, NULL, 60, 15),
(262, 'Defense Up α', 'Raise your Melee and Shot Defense by 39%.', 5, NULL, NULL, 37, NULL, 33, 7),
(263, 'Halberd Throw', 'Throw the halberd suspended from your shield at an enemy directly ahead.', 4, 'D', 'B+', NULL, NULL, 21, 6),
(264, 'Mega-Beam Cannon (Dendrobium)', 'Summon the armed base Orchis, which fires a beam from its 90m-long turret.', 1, 'A+', 'C-', NULL, NULL, 79, 20),
(265, 'Dual Beam Shredder', 'Execute suppressive fire with special rounds from your Gatling Gun.', 1, 'A-', 'C-', NULL, NULL, 21, 3),
(266, 'Quadruple-Barrel Mega Particle Cannon', 'Fire beams from the Quadruple-Barrel High-Caliber Mega Particle Cannon mounted on your shield.', 1, 'A', 'D', NULL, NULL, 60, 15),
(267, 'HEAT REV SWORD', 'Unleash a two-bladed barrage of attacks.', 3, 'D', 'B+', NULL, NULL, 21, 6),
(268, 'Quick Slash', 'Unleash a two-hit attack with your blade, knocking enemies away.', 4, 'A', 'D', NULL, NULL, 21, 3),
(269, 'Defense Up γ', 'Raise Melee and Shot Defense of your squad by 39%.', 5, NULL, NULL, 37, NULL, 33, 7),
(270, 'Satellite Cannon', 'Receive microwaves from the moon and fire the converged energy.', 1, 'A+', 'C-', NULL, NULL, 79, 20),
(271, 'Mega Sonic Cannon', 'Unleash high-caliber mega particle beams from your waist.', 1, 'A', 'D', NULL, NULL, 60, 15),
(272, 'Strike Claw', 'Extend arm to strike, then shoot your beam cannon.', 1, 'D', 'A-', NULL, NULL, 21, 6),
(273, 'Beam Hack β', 'Reduce Beam Resist of all enemies by 39%', 7, NULL, NULL, 51, NULL, 33, 7),
(274, 'Combo Weapon Pod', 'Fire missiles and a Vulcan from the unit on your shoulder. You can move while firing.', 2, 'A-', 'D', NULL, 7, 60, 0),
(275, 'Agni', 'Wedge the Agni cannon on your back under your arm to fire.', 1, 'A-', 'D', NULL, NULL, 60, 15),
(276, 'Beam Rifle Shorty', 'Fire the twin pistols on your legs.', 1, 'A', 'D', NULL, NULL, 21, 3),
(277, 'Dual Linear Guns', 'Bombard enemies with dual railguns. You can move while firing.', 2, 'D', 'B+', NULL, 7, 60, 0),
(278, 'High Mega Cannon', 'Fire at enemies ahead with the Mega Particle Cannon in your head.', 1, 'A', 'D', NULL, NULL, 60, 15),
(279, 'Biosensor', 'Temporarily increase energy output using Biosensor. Raise your speed by 20%. Raise your Melee Defense by 29%. Raise your Beam Resist by 49%.', 6, NULL, NULL, 51, NULL, 60, 12),
(280, 'Double Cannon & Missile Launcher', 'Fire Double Cannon and 18-shot missile from your backpack at target.', 2, 'D', 'B+', NULL, NULL, 21, 6),
(281, 'Hyper Beam Saber', 'Execute a combo with your gigantic enhanced saber. Raise your Melee Attack by 24%', 3, 'D', 'B+', NULL, NULL, 21, 3),
(282, 'Chest Missile Launcher', 'Fire all eight rocket-propelled grenades from your chest\'s add-on armor at target.', 2, 'D', 'B+', NULL, NULL, 21, 6),
(283, 'Hidden Arms', 'Unleash a combo with dual Beam Sabers hidden in your waist\'s add-on armor. Lower\'s hit enemy Gunpla\'s Melee Defense by 19%.', 3, 'A', 'D', NULL, NULL, 21, 6),
(284, 'High-Caliber Mega Particle Cannon', 'Fire an ultra-wide beam from the two High-Caliber Mega Particle Cannons in your Hi-Mega Shield.', 1, 'A', 'D', NULL, NULL, 60, 15),
(285, 'Twin Blade Slash', 'Unleash a barrage of attacks with your twin blades.', 3, 'D', 'B+', NULL, NULL, 21, 6),
(286, 'Offense Hack β', 'Reduce Melee and Shot Attack of all enemies by 24%.', 7, NULL, NULL, 37, NULL, 33, 7),
(287, 'Defense Hack β', 'Reduce Melee and Shot Defense of all enemies by 24%.', 7, NULL, NULL, 37, NULL, 33, 7),
(288, 'Serpent Bite', 'Attack with dual sabers held in a backhand grip, striking enemies like a snake striking its prey.', 3, 'B+', 'B-', NULL, NULL, 21, 3),
(289, 'Saber Boomerang', 'Slash with your saber, then hurl it point-first.', 3, 'D', 'B', NULL, NULL, 21, 6),
(290, 'Claw Mode', 'Change the tip of your shield into a claw shape, and catch and crush enemies. Lowers hit enemy Gunpla\'s Physical Resist by 29%.', 4, 'D', 'B', NULL, NULL, 21, 3),
(291, 'Hand Missile Pod', 'Launch missiles stored in your forearm. You can move while firing.', 2, 'A', 'D', NULL, 11, 60, 0),
(292, 'Missile Pod & Beam Cannon', 'Attack enemies ahead with the missile and beam cannon on your back.', 1, 'D', 'B+', NULL, NULL, 21, 6),
(293, 'Big Beam Bazooka', 'Fire a high-energy beam at enemies from your bazooka.', 1, 'A', 'D', NULL, NULL, 60, 15),
(294, 'Combat Stance γ', 'Raise Melee Attack of your Squad by 39%', 5, NULL, NULL, 51, NULL, 33, 7),
(295, 'Universal Boost Pod', 'Transform your propeller-tank-integrated vernier unit at will to boost mobility. Raise speed by 20%. Raise your speed by 20%. Raise your Melee Attack by 19%.', 6, NULL, NULL, 51, NULL, 60, 12),
(296, 'Heat Rod', 'Execute a combo with your whip.', 4, 'A', 'D', NULL, NULL, 21, 3),
(297, 'Composite Armed Shield System', 'Attack enemies with the beam weaponry integrated into your left arm. You can move while firing.', 1, 'A', 'D', NULL, 11, 60, 0),
(298, 'DRAGOON System', 'Use the DRAGOON System to hit foes in all directions. You can move freely while this skill is active.', 1, 'A+', 'D', NULL, NULL, 60, 6),
(299, 'Beam Vulcan', 'Fire the Beam Vulcan in your head at foes straight ahead. You can move freely while shooting. Lowers hit enemy Gunpla\'s Melee Defense by 14%. Lowers hit enemy Gunpla\'s Shot Defense by 14%.', 1, 'D-', 'D', NULL, NULL, 19, 5),
(300, 'IFS Unit Barrier', 'Create a force field barrier through the I-Field control system. Raise your Shot Defense by 19%. Raise your Beam Resist by 29%. Your Gunpla resists flinching for a set period of time.', 6, NULL, NULL, 51, NULL, 60, 12),
(301, 'IFS Unit Combo', 'Attack an enemy with an I-Field control system force field. Raise Shot attack of your Squad by 29%. Raise Beam Resist of your squad by 69%.', 1, 'D', 'A', NULL, NULL, 79, 20),
(302, 'Beam Gun', 'Launch rapid-fire beam guns from your torso. You can move while firing.', 1, 'D', 'B', NULL, 11, 60, 0),
(303, 'Heat Dagger', 'Unleash a barrage of attacks with the daggers in your soles. Raise your Melee Attack by 14%.', 4, 'A-', 'D', NULL, NULL, 21, 3),
(304, 'Sub-Knuckle', 'Catch enemies and crush them with the sub-knuckle on your arm. Lowers hit enemy Gunpla\'s Physical Resist by 29%.', 4, 'D', 'B+', NULL, NULL, 21, 3),
(305, 'Knife Attack', 'Unleash a flurry of attacks with the knife in your right hand.', 4, 'D', 'B+', NULL, NULL, 21, 6),
(306, 'Demolition Knife', 'Attack the enemy with a large, folded close-quarters weapon longer than a mobile suit.', 4, 'D', 'B+', NULL, NULL, 21, 6),
(307, 'Zero System', 'Activate the Zero System to predict battle conditions. Raise your speed by 20%. Raise your Melee Attack by 19%. Raise your Shot Attack by 29%. You become easier to target for a set period of time.', 6, NULL, NULL, 51, NULL, 60, 12),
(308, 'Feather Dive', 'Attack foes with the beam sabers on your wing binders. Raise Melee Attack of your Squad by 39%.', 3, 'D', 'A', NULL, NULL, 79, 20),
(309, 'Rolling Buster Rifle', 'Hold a detached twin buster rifle in each hand and spin, firing in all directions.', 1, 'A+', 'C-', NULL, NULL, 60, 15),
(310, 'Moonbeam Butterfly', 'Fire a straight line of nanomachines upward with your back to the enemy.', 1, 'D', 'B+', NULL, NULL, 60, 15),
(311, 'Fusion Destruction Manipulator', 'Fire beams from your open palm and blast caught enemies with a Shining Finger. Raise Melee Attack of your Squad by 39%.', 3, 'D', 'A', NULL, NULL, 79, 20),
(312, 'Carapace', 'Attack enemies with the rifle and bazooka equipped to your weapon platform.', 1, 'D', 'B+', NULL, NULL, 21, 6),
(313, 'NT-D', 'Enter Destroy Mode and Increase your reflexes with Psycho Frame. Raise speed by 20%. Raises your Melee Attack by 29%. Raises your Melee Defense by 19%.', 6, NULL, NULL, 51, NULL, 60, 12),
(314, 'Beam Tonfa', 'Execute a combo using Beam Tonfa attached to forearm. Squad recovers 48% of maximum Armor. Raises Shot Attack of your Squad by 19%. Raises Beam Resist of your Squad by 49%.', 3, 'D', 'A', NULL, NULL, 76, 19),
(315, 'Double Saber Rush', 'Cleave through enemies with sabers in each hand.', 3, 'D', 'B+', NULL, NULL, 21, 3),
(316, 'Close-In Weapons System', 'Fire the anti-air autocannons in your head at foes straight ahead. You can move freely while firing. Lowers hit enemy Gunpla\'s Melee Defense by 14%. Lower\'s hit enemy Gunpla\'s Shot Defense by 14%.', 2, 'D-', 'D', NULL, NULL, 19, 5),
(317, 'Yata-no-Kagami', 'Repel beams with nanoscale beam diffraction grating and hyperfine plasma criticality inhibitor layers. Raise your Beam Resist by 109%. Your Gunpla resists flinching for a set period of time.', 6, NULL, NULL, 37, NULL, 60, 12),
(318, 'Experimental Twin Beam Saber', 'Perform a combo with two detached sabers, then link them for a spinning attack.', 3, 'D', 'B+', NULL, NULL, 21, 6),
(319, 'High-Energy Beam Cannon', 'Fire a powerful, high-energy beam at enemies.', 1, 'B+', 'C-', NULL, NULL, 60, 15),
(320, 'Moonbeam Butterfly', 'Discharge nanomachines from your rear vanes to fly in and annihilate the enemy. Squad recovers 68% of maximum Armor. Raise Shot Attack of your Squad by 39%.', 1, 'A-', 'B+', NULL, NULL, 79, 20),
(321, 'Flip Jump Saber', 'Brandish sabers in both hands and leap-attack the enemy.', 3, 'A+', 'D', NULL, NULL, 21, 3),
(322, 'Flexible Smash', 'Pulverize the enemy with your hammer.', 4, 'D', 'B+', NULL, NULL, 21, 6),
(323, 'Launch Build Booster', 'Detach your backpack to have it operate on its own, attacking enemies with a large beam cannon. Raise Melee Attack of your Squad by 24%. Raise Shot Attack of your Squad by 24%.', 1, 'D', 'A', NULL, NULL, 79, 29),
(324, 'Point-Blank Shot', 'Detach your head unit, and unleash a decisive, destiny-changing attack on the enemy from above. Raise Shot Attack of your Squad by 29%. Raise Shot Defense of your Squad by 19%.', 1, 'A+', 'C-', NULL, NULL, 79, 4),
(325, '5-Barrel Mega Particle Cannon', 'Detach your forearm and fire mega particle cannon beams at the enemy.', 1, 'A+', 'D', NULL, NULL, 21, 3),
(326, 'Torso Mega Particle Cannon', 'Fire at enemies ahead with the mega particle Cannon equipped to your waist.', 1, 'B+', 'C-', NULL, NULL, 60, 15),
(327, 'Photon Laser Cannon', 'Fire highly compressed photon energy from the photon laser cannon on your chest.', 1, 'A', 'D', NULL, NULL, 60, 15),
(328, 'Beam Saber', 'Execute a combo with the saber on the back of your hand.', 3, 'D', 'B+', NULL, NULL, 21, 6),
(329, 'Beam Ring', 'Throw a disk formed from a beam saber forward.', 3, 'A', 'D', NULL, NULL, 21, 6),
(330, 'Beam Shotgun', 'Fire a scattering beam using specialized ammunition.', 1, 'D', 'B-', NULL, 9, 60, 0),
(331, 'Stream Slash', 'Unleash a blindingly fast flurry with sabers in each hand.', 3, 'B+', 'B-', NULL, NULL, 21, 6),
(332, 'Flight Unit Combo', 'Hammer enemies into the ground with the twin beam sabers, and launch shoulder Funnel Missiles. Raise Melee Attack of your Squad by 29%.', 2, 'D', 'A', NULL, NULL, 79, 20),
(333, 'Funnel Missiles', 'Fire Funnel Missiles to hit foes in all directions. You can move freely while this is active.', 2, 'A+', 'D', NULL, NULL, 60, 6),
(334, 'Berserker System', 'Activate the Berserker System, temporarily enhancing combat prowess. Raise your speed by 20%. Raise your Melee Attack by 39%. Raise your Melee Defense by 19%.', 6, NULL, NULL, 37, NULL, 60, 12),
(335, 'Burning Finger', 'Gather energy in the palm of your hand and obliterate enemies in your grasp. Lowers hit enemy Gunpla\'s Physical Resist by 29%.', 4, 'D', 'B', NULL, NULL, 21, 3),
(336, 'Beam Hoop', 'Throw a hoop made from beams like a boomerang.', 3, 'A', 'D', NULL, NULL, 21, 3),
(337, 'Beam Ribbon', 'Deftly manipulate your beam ribbon to perform an elegant sequence of attacks.', 3, 'A', 'D', NULL, NULL, 21, 3),
(338, '7-Barrel Missile Launcher', 'Attack enemies by launching missiles stowed in your shoulder\'s add-on armor.', 2, 'D', 'B+', NULL, NULL, 21, 6),
(339, 'Twin Beam Rifle & Rocket Launcher', 'Fire at foes straight ahead with dual large beam rifles and heavy ordnance.', 2, 'D', 'B+', NULL, NULL, 21, 6),
(340, '6-Barrel Missile Launcher', 'Attack enemies by launching missiles stowed in your knee\'s add-on armor.', 2, 'D', 'B+', NULL, NULL, 21, 6),
(341, 'Free Improvisation', 'Crush the enemy with the heavy weaponry on your back, then unleash a thunderous finisher. Raise Shot Attack of your Squad by 39%.', 1, 'D', 'A', NULL, NULL, 79, 20),
(342, 'Arm Grenade Launcher', 'Launch grenades from your forearm. You can move while firing.', 2, 'A-', 'D', NULL, 7, 60, 0),
(343, 'Leg Missile Pod', 'Launch missiles from the pod mounted on your leg.', 2, 'D', 'B', NULL, NULL, 21, 6),
(344, 'Heat Rush', 'Ready a saber in each hand and execute a rush attack.', 4, 'A', 'D', NULL, NULL, 21, 3),
(345, 'Heaven\'s Judgement', 'Hack away at enemies with the beam sword held in the hidden arms equipped to your waist. Squad recovers 48% of maximum Armor. Raise Melee Attack of your Squad by 29%.', 3, 'A+', 'C-', NULL, NULL, 79, 20),
(346, 'Beam Chakram', 'Launch a ring-shaped beam from your clavicle antenna. You can move freely while firing. Lowers hit enemy Gunpla\'s Melee Defense by 19%. Lowers hit enemy Gunpla\'s Shot Defense by 19%.', 1, 'D-', 'D', NULL, NULL, 19, 5),
(347, 'GN Vulcan', 'Attack enemies ahead with small, rapid-fire particle beams from your torso.', 1, 'D', 'B', NULL, 7, 60, 0),
(348, 'Trans-Am Raid', 'Release particles in your GN Drive for a high-speed attack. Raise Melee Attack of your Squad by 39%.', 4, 'D', 'B+', NULL, NULL, 79, 20),
(349, 'Protection Hack β', 'Reduce Physical Resist of all enemies by 39%.', 7, NULL, NULL, 51, NULL, 31, 7),
(350, 'Block Stance γ', 'Raise your Melee Defense of your squad by 39%', 5, NULL, NULL, 51, NULL, 33, 7),
(351, 'Schwert Gewehr', 'Jump and bring a charged blade down on the foe\'s head. Raise your Melee Defense by 19%.', 3, 'D', 'B', NULL, NULL, 30, 8),
(352, 'Armed Armor', 'Drag foes with your claw unit and crush them with a torrent of light from your dual beam deflector fins. Squad recovers 48% of maximum Armor. Raise Shot Attack of your Squad by 29%.', 1, 'D', 'A', NULL, NULL, 79, 20),
(353, 'Choukyuu Haou Den\'eidan', 'Wrapped in a spiraling aura, launch yourself at the enemy in a straight line, like a cannonball.', 4, 'B+', 'B', NULL, NULL, 19, 5),
(354, 'Sekiha Tenkyouken', 'Use Master Asia\'s final art to fire a huge chi bullet made of power borrowed from nature. Raise Melee Defense of your Squad by 29%. Raise Beam Resist of your Squad by 69%.', 3, 'D', 'A', NULL, NULL, 79, 20),
(355, 'Juuni Ouhoupai Daishahei', 'Use chi to create multiple small clones, and unleash them upon enemies.', 4, 'D', 'B+', NULL, NULL, 21, 6);
INSERT INTO `ex_skill` (`id`, `name`, `description`, `ex_category_id`, `pierce`, `power`, `duration`, `magazine`, `cooldown`, `cooldown_initial`) VALUES
(356, 'Jigen Haoh Style Gokui', 'Draw out your Gunpla\'s latent power with Plavsky Particles to temporarily increase performance. Raise your speed by 20%. Raise your Melee Attack by 39%.', 6, NULL, NULL, 44, NULL, 60, 12),
(357, 'Jigen Haoh Style Shippu-Zuki', 'Hit Enemies with Seiken-Zuki and Ryusei Rasen-Ken, and finish with a Shippu-Zuki stab. Raise your Melee Attack by 19%.', 4, 'D', 'B+', NULL, NULL, 21, 6),
(358, 'Jigen Haoh Style Seiso-Geri', 'Use the Jigen Haoh style to make a tornado with Senpu Tatsumaki-Geri and unleash a Seiso-Geri. Raise your Melee Attack by 19%.', 4, 'D', 'B+', NULL, NULL, 21, 6),
(359, 'Houou Haoh-Ken', 'Launch a single phoenix-shaped strike with flame-engulfed arms. Squad recovers 48% of maximum Armor. Raise Melee Attack of your Squad by 29%.', 4, 'D', 'A', NULL, NULL, 79, 20),
(360, 'MA-81R Beam Assault Cannon', 'Fire a beam straight at enemies from the beam assault cannon on your back.', 1, 'D', 'B', NULL, NULL, 21, 6),
(361, 'Full Saber Attack', 'Attack using quantum teleports and the Trans-Am System. Raise Melee Attack of your Squad by 29%. Raise Physical Resist of your Squad by 69%.', 4, 'D', 'A', NULL, NULL, 79, 20),
(362, 'Wide Cutter Particle Beam', 'Change direction of the main blade unit to fire a blade beam.', 1, 'A', 'D', NULL, NULL, 21, 3),
(363, 'GN Fang', 'Attack with GN Fangs and fire in all directions. You can move freely while this is active.', 3, 'A+', 'D', NULL, NULL, 60, 6),
(364, 'GN Field', 'Release GN particles to create a force field barrier. Raise your speed by 20%. Raise your Shot Defense by 49%.', 6, NULL, NULL, NULL, NULL, 60, 12),
(365, 'Mirage Colloid', 'Go Stealthy with colloidal particles on your armor. Raise your Melee and Shot Attack by 19%. You become harder to target for a set period of time.', 6, NULL, NULL, 51, NULL, 60, 12),
(366, 'Trikeros Rush', 'A combo attack with the Trikeros Kai, a composite armament unit.', 3, 'D', 'B+', NULL, NULL, 19, 5),
(367, 'Maga no Ikutachi', 'Grab a foe with the unit on your back, then feed it colloidal particles. Recover 48% of your maximum Armor.', 4, 'A+', 'C-', NULL, NULL, 21, 3),
(368, 'Beam Vulcan', 'Fire the Beam Vulcans in your chest at foes straight ahead. You can move while shooting.', 1, 'D', 'B', NULL, 7, 60, 0),
(369, 'Flexible Beam Gun', 'Fire the beam gun attached to your flexible thrusters.', 1, 'D', 'B', NULL, NULL, 21, 6),
(370, 'SD Tackle', 'Execute a rush attack using your whole body. Lowers hit enemy Gunpla\'s Melee Attack by 19%.', 4, 'A-', 'B-', NULL, NULL, 19, 2),
(371, 'Super Electrospear', 'Unleash a barrage of attacks with your Electrospear and follow with a lightning attack.', 4, 'B+', 'B-', NULL, NULL, 21, 3),
(372, 'Comet Sword', 'Unleashes a blinding flash of light with comet-speed swordsmanship that leaves no evil unscathed.', 3, 'D', 'B+', NULL, NULL, 21, 6),
(373, 'SD Attack', 'After a rush attack, unleash a barrage of attacks with your equipped weapons. Lowers hit enemy Gunpla\'s Shot Attack by 19%.', 4, 'D', 'B+', NULL, NULL, 21, 6),
(374, 'Mega Particle Scatter Cannon', 'Fire the mega particle cannon in your abdomen.', 1, 'A', 'D', NULL, NULL, 60, 15),
(375, 'Funnel Combination', 'Launch six funnels to fire at the enemy, and throw a beam tomahawk.', 1, 'D', 'A-', NULL, NULL, 79, 20),
(376, 'Piercing Axe', 'Unleash a flurry of thrusting attacks with the weapon in your right hand.', 3, 'B+', 'C', NULL, NULL, 21, 3),
(377, 'Small Missiles', 'Launch small missiles stowed in your shoulder. You can move while firing.', 2, 'D', 'B', NULL, 11, 60, 0),
(378, 'GN Shield Pod', 'Launch GN Missiles from your shield. You can move while firing.', 1, 'B+', 'D', NULL, 7, 60, 0),
(379, 'GN Stealth Field', 'Release a massive wave of GN particles from your two back units. Support allies over a wide area. Raise Ally Melee and Shot Defense by 19%. Raise Ally Beam and Physical Resist by 29%.', 5, NULL, NULL, 37, NULL, 60, 12),
(380, 'IFS Unit', 'Create a force field with the I-Field control system, swinging it like a staff to temporarily stun enemies. Lowers hit enemy Gunpla\'s Melee Defense by 19%.', 3, NULL, NULL, NULL, NULL, 21, 3),
(381, 'Tri-Claw Slash', 'Grip three beam sabers with your fist in a spinning attack. Raise your Melee Attack by 19%.', 3, 'A', 'D', NULL, NULL, 30, 3),
(382, 'Arm-Mounted GN Vulcan', 'Launch rapid-fire GN Vulcan shots from your forearm. You can move while firing.', 1, 'A', 'D', NULL, 11, 60, 0),
(383, '30mm Machine Gun', 'Attack enemies ahead with the 30mm machine guns in your torso.', 2, 'D', 'B', NULL, NULL, 60, 0),
(384, '200mm x 25 Smoothbore Gun', 'Attack enemies with the gun on your arm. You can move while firing.', 2, 'D', 'B', NULL, 11, 60, 0),
(385, 'Hyper Minovsky Chohouken Tryzan', 'Restrain enemies with pressure from the liger on your chest, then brandish the Hyper Minovsky Chohouken to deliver an almighty death blow. Raise Melee Attack of your squad by 39%.', 3, 'D', 'A+', NULL, NULL, 79, 40),
(386, 'Armed Booster', 'Detach your forearm and unleash a rocket punch.', 4, 'D', 'B+', NULL, NULL, 21, 6),
(387, 'Raptor Breaker', 'Unleash a pulverizing kick with your shin and crush your enemy when your claws latch on. Lowers hit enemy Gunpla\'s Melee Attack by 29%.', 4, 'D', 'B+', NULL, NULL, 21, 3),
(388, 'Double Cannonade', 'Fire powerful long-range beams from the cannon on your back.', 1, 'B+', 'C-', NULL, NULL, 60, 15),
(389, 'Gerbera Straight/Tiger Pierce', 'Unleash a combo with the two swords on your waist.', 4, 'B+', 'B-', NULL, NULL, 21, 6),
(390, 'Tactical Arms II L', 'Transform your Tactical Arms into sword form and unleash a combo attack.', 4, 'D', 'A-', NULL, NULL, 21, 6),
(391, 'Barrier Stance γ', 'Raise Shot Defense of your Squad by 39%', 5, NULL, NULL, NULL, NULL, 33, 7),
(392, 'Alaya-Vijnana Limit Breaker', 'Break the Alaya-Vijnana System\'s limits to temporarily increase your unit\'s performance. Raise your speed by 20%. Raise your Melee Attack by 39%. Your Gunpla resists flinching for a set period of time.', 6, NULL, NULL, 44, NULL, 60, 12),
(393, '200mm Arm Rifle', 'Attack enemies with 200mm rifles equipped to your arms.', 2, 'D', 'B+', NULL, NULL, 21, 6),
(394, 'Wolf\'s Howl', 'Grind enemies to dust with your twin maces. Raise speed of your Squad by 20%. Raise Melee Attack of your Squad by 29%. Raise Melee Defense of your Squad by 19%.', 4, 'D', 'A', NULL, NULL, 79, 20),
(395, 'Mace Rush', 'Blow away the enemy with your Sword Mace, then leap into the air, pulverizing them on the way down. Raises your Melee Defense by 24%.', 4, 'D', 'C', NULL, NULL, 21, 6),
(396, 'Alaya-Vijnana System [Type E]', 'Break the Alaya-Vijnana System to temporarily increase your unit\'s performance. Raise your speed by 20%. Raise your Melee Attack by 39%. Raise your vernier capacity by 25%.', 6, NULL, NULL, 44, NULL, 60, 12),
(397, 'Demon\'s Hunt', 'Crush enemies with a combination attack using Hunter\'s Edge, Handgun, and Burst Saber. Raise speed of your Squad by 20%. Raise Melee Attack of your Squad by 29%. Raise Shot Attack of your Squad by 19%.', 4, 'A-', 'A', NULL, NULL, 79, 20),
(398, 'Cyclone/Burning Machine Gun Punch', 'Unleash a tornado with your left fist and do up to ten rapid-fire punches with your right.', 4, 'D', 'B', NULL, NULL, 21, 6),
(399, 'Gigantic Magnum', 'Fire the twin pistols on your waist.', 1, 'D', 'B', NULL, NULL, 21, 6),
(400, 'Machine Cannon', 'Fire the machine cannon in your chest at foes straight ahead. You can move freely while shooting.', 2, 'D', 'B', NULL, 7, 60, 0),
(401, 'Verde Fenice', 'After readying a rapier and charging an enemy, send it flying with your cloaked fist.', 3, 'D', 'B+', NULL, NULL, 19, 5),
(402, 'Meteor Hopper', 'Fire the Buster Rifle mounted on your Meteor Hopper, a one-wheeled motorcycle, as you ride it. Raise Shot Attack of your Squad by 39%.', 1, 'D', 'A', NULL, NULL, 79, 20),
(403, 'Rapid Thrust', 'Unleash a blindingly fast flurry with sabers in each hand.', 3, 'D', 'A-', NULL, NULL, 21, 6),
(404, 'Missile Pod', 'Fire micro missiles from your backpack into the air to bombard enemies.', 2, 'B', 'B', NULL, NULL, 21, 6),
(405, 'Lightning Snipe', 'Snipe a target with a precise shot of converging beams.', 1, 'A+', 'C-', NULL, NULL, 21, 6),
(406, 'Plasma Claw', 'Fire thermal plasma beams from your fingertips.', 1, 'B+', 'B+', NULL, NULL, 21, 6),
(407, 'Photon Bomb', 'Launch photon bombs stowed in the lower half of your body.', 2, 'D-', 'B', NULL, NULL, 21, 6),
(408, 'Palma Fiocina', 'Charge forward, capture an enemy, and fire a beam from your palm at point-blank range. Lowers hit enemy Gunpla\'s Physical Resist by 29%.', 3, 'B', 'B+', NULL, NULL, 21, 3),
(409, 'Arondight', 'Form wings of light with radiation pressure from Voiture Lumiere, then rush with Arondight. Raise speed of your Squad by 20%. Raise Melee Attack of your Squad by 29%. Raise Shot Defense of your Squad by 19%.', 4, 'D', 'A', NULL, NULL, 79, 20),
(410, 'Darkness Sword', 'Crystalize the wicked power of darkness into a sword and slice enemies to shreds. Recover 38% of your maximum Armor.', 4, 'A+', 'D', NULL, NULL, 21, 3),
(411, 'GN Cannon & GN Field', 'Fire at enemies ahead with dual movable beam turrets on your back. Raise your Beam Resist by 59%.', 1, 'B+', 'D', NULL, NULL, 60, 15),
(412, 'GN Bazooka (w/ Particles Unlocked)', 'Widen the barrel of your GN Bazooka and bombard enemies with compressed particles.', 1, 'B', 'B', NULL, NULL, 21, 3),
(413, 'Alaya-Vijnana System', 'Break the Alaya-Vijnana System to temporarily increase your unit\'s performance. Raise your speed by 20%. Raise your Melee Attack by 39%. Your attacks stun large foes more easily for a set period.', 6, NULL, NULL, 44, NULL, 60, 12),
(414, 'Spirit of Agnika', 'Attack using the two blades said to symbolize Agnika\'s strength.', 4, 'D', 'A-', NULL, NULL, 21, 3),
(415, 'Electromagnetic Cannon', 'Attack enemies ahead with the electromagnetic cannons in your wing-shaped thrusters.', 2, 'B+', 'C', NULL, NULL, 21, 3),
(416, 'Beam Gun', 'Launch rapid-fire beam guns from your torso. You can move while firing.', 1, 'B', 'B+', NULL, NULL, 21, 6),
(417, 'Heat Dagger', 'Unleash a barrage of attacks with the daggers in your soles. Raise your Melee Attack by 14%.', 4, 'A', 'C-', NULL, NULL, 21, 3),
(418, 'Jovian Stinger', 'Unleash a frenzied barrage with your lance. Raise your Melee Defense by 19%.', 4, 'D', 'A-', NULL, NULL, 21, 6),
(419, 'Alaya-Vijnana System', 'Enter the Alaya-Vijnana System to temporarily increase your unit\'s performance. Raise your speed by 20%. Raise your Melee Attack by 29%.', 6, NULL, NULL, 44, NULL, 60, 12),
(420, 'Wind Edge', 'Mow down nearby foes with your axe.', 4, 'D', 'B', NULL, NULL, 21, 6),
(421, 'Butterfly Edge', 'Emit a beam saber from the melee weapon on your arm and throw it at enemies.', 3, 'A', 'D', NULL, NULL, 21, 3),
(422, 'Psycho Plate', 'Use psycommu to hit foes in all directions. You can move freely while this skill is active.', 4, 'D', 'B+', NULL, NULL, 60, 15),
(423, 'SD Tackle', 'Execute a rush attack using your whole body. Lowers hit enemy Gunpla\'s Melee Attack by 19%.', 4, 'B+', 'C', NULL, NULL, 19, 2),
(424, 'SD Missile Launcher', 'Fire missiles from the launcher mounted on your back.', 2, 'D', 'B', NULL, NULL, 21, 6),
(425, 'SD Attack', 'After a rush attack, unleash a barrage of attacks with your equipped weapons. Lowers hit enemy Gunpla\'s Shot Attack by 19%.', 4, 'D', 'B', NULL, NULL, 21, 6),
(426, 'Dual Wave', 'Hold Grenade Launcher in both hands and fire high-power rounds.', 2, 'A+', 'D', NULL, NULL, 21, 3),
(427, 'Chest Launcher', 'Fire the Vulcan in your chest at foes straight ahead. You can move freely while shooting.', 2, 'D', 'B', NULL, 7, 60, 0),
(428, 'Twin Satellite Cannon', 'Receive microwaves from the moon and converge the energy into dual beam blasts.', 1, 'A+', 'C-', NULL, NULL, 79, 20),
(429, 'Trans-Am Burst', 'Discharge a burst of condensed GN particles to engulf a wide area. Raise speed of your Squad by 20%. Squad recovers 48% of maximum Armor. Raise Melee and Shot Defense of your Squad by 19%. Raise Beam and Physical Resist of your Squad by 29%.', 6, NULL, NULL, 51, NULL, 60, 12),
(430, 'Raiser Sword', 'Use a large beam saber formed by outputting a massive amount of energy to cut enemies apart.', 3, 'D', 'B+', NULL, NULL, 21, 6),
(431, 'Callidus Multi-Phase Beam Cannon', 'Fire away with the high-energy Callidus Multi-Phase Beam Cannon on your chest.', 1, 'A-', 'D', NULL, NULL, 60, 15),
(432, '3-Barrel Beam Cannon', 'Fire at enemies using six beam cannons stowed in your shoulders.', 1, 'A-', 'D', NULL, NULL, 60, 15),
(433, 'Balaena Kai Dual Beam Cannons', 'Attack enemies ahead by firing highly compressed plasma energy from your plasma beam cannon.', 1, 'D', 'B', NULL, NULL, 21, 6),
(434, 'Satellite Cannon', 'Receive microwaves from the moon and fire the converged energy.', 1, 'A+', 'C-', NULL, NULL, 79, 20),
(435, 'Brave Axe Combo', 'Bring down a wild rush of blows with your equipped axe.', 4, 'D', 'C-', NULL, NULL, 21, 6),
(436, 'NT-D', 'Enter Destroy Mode and Increase your reflexes with Psycho Frame. Raise speed by 20%. Raises your Shot Attack by 29%. Raises your Shot Defense by 19%.', 6, NULL, NULL, 51, NULL, 60, 12),
(437, 'FX Burst Mode', 'Activate FX Burst mode to obtain an aberranthy massive amount of power. Raise your Melee Attack by 29%. Raise your Beam Resist by 29%. Your Gunpla resists flinching for a set period of time.', 6, NULL, NULL, 51, NULL, 60, 12),
(438, 'Burst Slash', 'Activate FX Burst mode, emit spikes of beam energy, and execute a high-speed rush attack. Squad recovers 48% of maximum Armor. Raise Melee Attack of your Squad by 29%.', 3, 'A-', 'B+', NULL, NULL, 79, 8),
(439, 'C Funnels', 'Launch C Funnels in all directions. You can move freely while this is active.', 3, 'A+', 'D', NULL, NULL, 60, 6),
(440, 'Barrier Tackle', 'Spin the C Funnels on your back around your Gunpla to prevent damage, and execute a rush attack. Raise your Melee Attack by 19%. Raise your Melee Defense by 19%.', 3, 'A-', 'B-', NULL, NULL, 21, 3),
(441, 'Tactical Arms II', 'Transform your Tactical Arms into a sword form and Gatling form to attack in waves. Raise Melee and Shot Attacks of your Squad by 24%.', 4, 'D', 'A', NULL, NULL, 79, 20),
(442, 'Hyper Mode', 'Enter Hyper Mode for enhanced combat prowess. Raise speed by 20%. Raise your Melee Attack by 19%. Raise your Shot Attack by 19%.', 6, NULL, NULL, 51, NULL, 60, 12),
(443, 'Graviton Hammer', 'Pulverize enemies to a pulp with the cannonball stored on your shoulder. Raise your Melee Defense by 29%.', 4, 'D', 'B', NULL, NULL, 21, 6),
(444, 'Flash-Eye', 'Release an intense flash of light from the device on your chest to blind enemies.', 2, NULL, NULL, NULL, NULL, 19, 5),
(445, 'Anchor Shot', 'Discharge the anchor mounted on your arm.', 4, 'D', 'C', NULL, NULL, 21, 3),
(446, 'Sub Leg [Flight Form]', 'Activate your sub legs\' flight form, then unleash a series of kicking combo attacks. Lowers hit enemy Gunpla\'s Melee Defense by 19%.', 4, 'A+', 'D', NULL, NULL, 19, 2),
(447, 'Shield Bash', 'Unleash a combo with the shield on your right arm. Lowers hit enemy Gunpla\'s Melee Attack by 19%.', 4, 'B+', 'B-', NULL, NULL, 19, 2),
(448, 'Fortress Four Booster', 'Gather your four SigMaxiss Cannons together and fire a massive, space-ripping beam.', 1, 'D', 'B-', NULL, NULL, 60, 15),
(998, 'Homing Missile', 'Launch homing missiles mounted on both your shoulders.', 2, 'D', 'B-', NULL, NULL, 30, 8),
(999, 'Cross Crusher', 'With shield, backpack, and shotels equipped onto arms, any enemy grabbed is crushed. Lowers hit enemy Gunpla\'s Physical Resist by 20%.', 3, 'B-', 'D', NULL, NULL, 30, 3);

-- --------------------------------------------------------

--
-- Table structure for table `job_license`
--

DROP TABLE IF EXISTS `job_license`;
CREATE TABLE IF NOT EXISTS `job_license` (
  `id` int(11) NOT NULL AUTO_INCREMENT,
  `name` varchar(16) CHARACTER SET utf8mb4 COLLATE utf8mb4_general_ci NOT NULL,
  PRIMARY KEY (`id`)
) ENGINE=InnoDB AUTO_INCREMENT=9 DEFAULT CHARSET=utf8mb4 COLLATE=utf8mb4_general_ci;

--
-- Dumping data for table `job_license`
--

INSERT INTO `job_license` (`id`, `name`) VALUES
(1, 'All-Rounder'),
(2, 'Defender'),
(3, 'In-Fighter'),
(4, 'Out-Fighter'),
(5, 'Middle-Shooter'),
(6, 'Long-Shooter'),
(7, 'Supporter');

-- --------------------------------------------------------

--
-- Table structure for table `part`
--

DROP TABLE IF EXISTS `part`;
CREATE TABLE IF NOT EXISTS `part` (
  `id` int(11) NOT NULL AUTO_INCREMENT,
  `name` varchar(128) CHARACTER SET utf8mb4 COLLATE utf8mb4_general_ci NOT NULL,
  `collection_id` varchar(16) CHARACTER SET utf8mb4 COLLATE utf8mb4_general_ci DEFAULT NULL,
  `unit_id` int(11) DEFAULT NULL,
  `part_type_id` int(11) NOT NULL,
  `part_augment_type_id` int(11) DEFAULT NULL,
  `rarity` int(11) NOT NULL,
  `attribute_id` int(11) NOT NULL,
  `word_tag_1_id` int(11) NOT NULL,
  `word_tag_2_id` int(11) NOT NULL,
  `armor` int(11) NOT NULL,
  `melee_attack` int(11) NOT NULL,
  `shot_attack` int(11) NOT NULL,
  `melee_defense` int(11) NOT NULL,
  `shot_defense` int(11) NOT NULL,
  `beam_resistance` int(11) NOT NULL,
  `physical_resistance` int(11) NOT NULL,
  `ex_skill_id` int(11) DEFAULT NULL,
  `trait` varchar(1024) CHARACTER SET utf8mb4 COLLATE utf8mb4_general_ci DEFAULT NULL,
  `weapon_type_id` int(11) DEFAULT NULL,
  `weapon_category_id` int(11) DEFAULT NULL,
  `notes` varchar(512) CHARACTER SET utf8mb4 COLLATE utf8mb4_general_ci DEFAULT NULL,
  PRIMARY KEY (`id`),
  KEY `FK_PartAttributeId` (`attribute_id`),
  KEY `FK_PartExSkillId` (`ex_skill_id`),
  KEY `FK_PartPartAugmentTypeId` (`part_augment_type_id`),
  KEY `FK_PartPartTypeId` (`part_type_id`),
  KEY `FK_PartUnitId` (`unit_id`),
  KEY `FK_PartWeaponCategoryId` (`weapon_category_id`),
  KEY `FK_PartWeaponTypeId` (`weapon_type_id`),
  KEY `FK_PartWordTag1Id` (`word_tag_1_id`),
  KEY `FK_PartWordTag2Id` (`word_tag_2_id`)
) ENGINE=InnoDB AUTO_INCREMENT=10000 DEFAULT CHARSET=utf8mb4 COLLATE=utf8mb4_general_ci;

--
-- Dumping data for table `part`
--

INSERT INTO `part` (`id`, `name`, `collection_id`, `unit_id`, `part_type_id`, `part_augment_type_id`, `rarity`, `attribute_id`, `word_tag_1_id`, `word_tag_2_id`, `armor`, `melee_attack`, `shot_attack`, `melee_defense`, `shot_defense`, `beam_resistance`, `physical_resistance`, `ex_skill_id`, `trait`, `weapon_type_id`, `weapon_category_id`, `notes`) VALUES
(1, 'Claw Module', NULL, 3, 6, NULL, 1, 2, 6, 26, 287, 1011, 0, 0, 0, 190, 54, 1, NULL, 2, 3, 'Free Missions, Friend Point Capsule, Capital Shop'),
(2, 'Fist Module', NULL, 3, 6, NULL, 1, 2, 6, 26, 287, 1011, 0, 0, 0, 190, 54, 2, NULL, 2, 3, 'Free Missions, Friend Point Capsule, Capital Shop'),
(3, 'Gundam [Pre-Registration Reward]', '01-01-1-01', 4, 1, NULL, 2, 1, 1, 13, 364, 187, 570, 570, 570, 81, 81, 3, NULL, NULL, NULL, 'Pre-Registration Reward'),
(4, 'Gundam [Pre-Registration Reward]', '01-01-2-01', 4, 2, NULL, 2, 1, 1, 13, 757, 187, 0, 570, 570, 138, 138, NULL, 'Buff EX Skill Effect up 15%', NULL, NULL, 'Pre-Registration Reward'),
(5, 'Gundam [Pre-Registration Reward]', '01-01-3-01', 4, 3, NULL, 2, 1, 1, 6, 364, 570, 187, 570, 570, 81, 81, NULL, 'Beam ranged weapon reload speed boosted 15%', NULL, NULL, 'Pre-Registration Reward'),
(6, 'Gundam [Pre-Registration Reward]', '01-01-4-01', 4, 4, NULL, 2, 1, 1, 6, 364, 187, 187, 757, 757, 139, 139, NULL, 'With Power attribute (self), Mid Shot Attack raised 14%', NULL, NULL, 'Pre-Registration Reward'),
(7, 'Gundam [Pre-Registration Reward]', '01-01-5-01', 4, 5, NULL, 2, 1, 1, 13, 364, 187, 187, 757, 757, 139, 139, NULL, 'All-Rounder Job, Vernier Recovery Rate boosted 15%', NULL, NULL, 'Pre-Registration Reward'),
(8, 'Beam Javelin [Pre-Registration Reward]', '01-01-6d-01', 4, 6, NULL, 2, 1, 1, 6, 364, 757, 0, 364, 364, 201, 201, NULL, 'Job Gauge Increase boosted 13%', 1, 6, 'Pre-Registration Reward'),
(9, 'Beam Saber [Gundam / Pre-Registration Reward]', '01-01-6a-01', 4, 6, NULL, 2, 1, 1, 6, 364, 757, 0, 364, 364, 201, 201, NULL, 'Job Gauge Increase boosted 13%', 1, 2, 'Pre-Registration Reward'),
(10, 'Beam Rifle [Gundam / Pre-Registration Reward]', '01-01-7a-01', 4, 7, NULL, 2, 1, 1, 7, 364, 0, 757, 364, 364, 201, 201, NULL, 'Enemy Shooting Power reduced 25%', 1, 8, 'Pre-Registration Reward'),
(11, 'Hyper Bazooka [Gundam / Pre-Registration Reward]', '01-01-7d-01', 4, 7, NULL, 2, 1, 1, 7, 364, 0, 757, 364, 364, 201, 201, NULL, 'With Power attribute (self), Job Gauge Increase boosted 13%', 2, 12, 'Haro Chip Capsule'),
(12, 'Shield [Gundam / Pre-Registration Reward]', '01-01-8-01', 4, 8, NULL, 2, 1, 1, 6, 0, 0, 0, 942, 942, 201, 201, NULL, 'With Rifle Category equipped, Debuff EX Skill Effect up 15%', NULL, NULL, 'Pre-Registration Reward'),
(13, 'Gundam', '01-01-1-01', 5, 1, NULL, 4, 2, 1, 13, 796, 383, 2378, 796, 796, 212, 212, 3, NULL, NULL, NULL, 'Haro Chip Capsule'),
(14, 'Gundam', '01-01-2-01', 5, 2, NULL, 4, 2, 1, 13, 1602, 383, 383, 1180, 1180, 288, 288, NULL, 'With Saber Category equipped, Melee power boosted 30%', NULL, NULL, 'Haro Chip Capsule'),
(15, 'Gundam', '01-01-3-01', 5, 3, NULL, 4, 2, 1, 6, 796, 2378, 383, 1180, 1180, 0, 0, NULL, 'With Technique attribute (self), Melee Damage taken reduced 35', NULL, NULL, 'Haro Chip Capsule'),
(16, 'Gundam', '01-01-4-01', 5, 4, NULL, 4, 2, 1, 6, 796, 383, 383, 1180, 1180, 475, 502, NULL, 'With Technique attribute (self), Mid Shot Attack raised 20%', NULL, NULL, 'Haro Chip Capsule'),
(17, 'Gundam', '01-01-5-01', 5, 5, NULL, 4, 2, 1, 13, 796, 383, 383, 1180, 1180, 502, 475, 4, NULL, NULL, NULL, 'Haro Chip Capsule'),
(18, 'Beam Javelin', '01-01-6d-01', 5, 6, NULL, 4, 2, 1, 6, 796, 3176, 0, 0, 0, 417, 417, 5, NULL, 1, 6, 'Haro Chip Capsule'),
(19, 'Beam Saber [Gundam]', '01-01-6a-01', 5, 6, NULL, 4, 2, 1, 6, 796, 3176, 0, 0, 0, 417, 417, NULL, 'Melee CRIT rate boosted 30%', 1, 2, 'Haro Chip Capsule'),
(20, 'Beam Rifle [Gundam]', '01-01-7a-01', 5, 7, NULL, 4, 2, 1, 7, 796, 0, 3176, 0, 0, 417, 417, 6, NULL, 1, 8, 'Haro Chip Capsule'),
(21, 'Hyper Bazooka', '01-01-7d-01', 5, 7, NULL, 4, 2, 1, 7, 796, 0, 3176, 0, 0, 417, 417, NULL, 'With Technique attribute (self), Shooting DMG output boosted 35', 2, 12, 'Haro Chip Capsule'),
(22, 'Shield [Gundam]', '01-01-8-01', 5, 8, NULL, 4, 2, 1, 6, 796, 0, 0, 1602, 1602, 417, 417, NULL, 'With Technique attribute (self), Buff EX Skill effect up 22%', NULL, NULL, 'Haro Chip Capsule'),
(23, 'Guntank', '01-03-1-01', 6, 1, NULL, 1, 1, 8, 25, 287, 137, 372, 372, 372, 0, 138, 7, NULL, NULL, NULL, 'Free Missions, Friend Point Capsule, Capital Shop'),
(24, 'Guntank', '01-03-2-01', 6, 2, NULL, 1, 1, 8, 15, 509, 137, 0, 372, 372, 0, 190, 8, NULL, NULL, NULL, 'Free Missions, Friend Point Capsule, Capital Shop'),
(25, 'Guntank', '01-03-3-01', 6, 3, NULL, 1, 1, 8, 15, 287, 372, 137, 372, 372, 54, 138, 9, NULL, NULL, NULL, 'Free Missions, Friend Point Capsule, Capital Shop'),
(26, 'Guntank', '01-03-4-01', 6, 4, NULL, 1, 1, 8, 25, 287, 137, 137, 509, 509, 138, 54, NULL, 'EX Skill Recovery boosted 10%', NULL, NULL, 'Free Missions, Friend Point Capsule, Capital Shop'),
(27, 'Guntank', '01-03-5-01', 6, 5, NULL, 1, 1, 8, 25, 287, 137, 137, 509, 509, 54, 138, NULL, 'Physical ranged weapon, magazine boosted 10%', NULL, NULL, 'Free Missions, Friend Point Capsule, Capital Shop'),
(28, 'Guncannon', '01-02-1-01', 7, 1, NULL, 1, 1, 7, 16, 373, 137, 798, 137, 137, 110, 110, 3, NULL, NULL, NULL, 'Free Missions, Friend Point Capsule, Capital Shop'),
(29, 'Guncannon', '01-02-2-01', 7, 2, NULL, 1, 1, 7, 24, 640, 137, 287, 287, 287, 110, 110, 16, NULL, NULL, NULL, 'Free Missions, Friend Point Capsule, Capital Shop'),
(30, 'Guncannon', '01-02-3-01', 7, 3, NULL, 1, 1, 7, 15, 373, 287, 287, 373, 373, 0, 0, NULL, 'With \"Zaku Type\" enemy, Sp. Shot DMG Output boosted 10', NULL, NULL, 'Free Missions, Friend Point Capsule, Capital Shop'),
(31, 'Guncannon', '01-02-4-01', 7, 4, NULL, 1, 1, 7, 15, 373, 137, 137, 287, 373, 143, 143, 17, NULL, NULL, NULL, 'Free Missions, Friend Point Capsule, Capital Shop'),
(32, 'Guncannon', '01-02-5-01', 7, 5, NULL, 1, 1, 7, 24, 373, 137, 137, 287, 373, 142, 142, NULL, 'Physical ranged weapon, magazine boosted 10%', NULL, NULL, 'Free Missions, Friend Point Capsule, Capital Shop'),
(33, 'Beam Rifle [Guncannon]', '01-02-7b-01', 7, 7, NULL, 1, 1, 7, 15, 373, 0, 1014, 0, 0, 138, 138, 18, NULL, 1, 10, 'Free Missions, Friend Point Capsule, Capital Shop'),
(34, 'GM', '01-04-1-01', 8, 1, NULL, 1, 1, 2, 19, 287, 137, 797, 287, 287, 138, 0, 3, NULL, NULL, NULL, 'Free Missions, Friend Point Capsule, Capital Shop'),
(35, 'GM', '01-04-2-01', 8, 2, NULL, 1, 1, 2, 19, 509, 137, 137, 372, 372, 190, 0, NULL, 'Physical ranged weapon, reload speed boosted 10%', NULL, NULL, 'Free Missions, Friend Point Capsule, Capital Shop'),
(36, 'GM', '01-04-3-01', 8, 3, NULL, 1, 1, 2, 19, 287, 797, 137, 372, 372, 0, 0, NULL, 'With Saber Category equipped, Melee DMG taken reduced 10', NULL, NULL, 'Free Missions, Friend Point Capsule, Capital Shop'),
(37, 'GM', '01-04-4-01', 8, 4, NULL, 1, 1, 2, 16, 287, 137, 137, 372, 372, 190, 138, 19, NULL, NULL, NULL, 'Free Missions, Friend Point Capsule, Capital Shop'),
(38, 'GM', '01-04-5-01', 8, 5, NULL, 1, 1, 2, 16, 287, 137, 137, 372, 372, 190, 138, 20, NULL, NULL, NULL, 'Free Missions, Friend Point Capsule, Capital Shop'),
(39, 'Beam Spray Gun', '01-04-7a-01', 8, 7, NULL, 1, 1, 2, 7, 287, 0, 1011, 0, 0, 190, 54, NULL, 'Shooting DMG taken reduced 10', 1, 8, 'Free Missions, Friend Point Capsule, Capital Shop'),
(40, 'Shield [GM]', '01-04-8-01', 8, 8, NULL, 1, 1, 2, 16, 287, 0, 0, 509, 509, 263, 54, NULL, 'With Power attribute (self), Strong Melee DMG taken reduced 10', NULL, NULL, 'Free Missions, Friend Point Capsule, Capital Shop'),
(41, 'Zaku II', '01-05-1-01', 9, 1, NULL, 1, 2, 2, 17, 373, 137, 373, 373, 287, 138, 54, 21, NULL, NULL, NULL, 'Free Missions, Friend Point Capsule, Capital Shop'),
(42, 'Zaku II', '01-05-2-01', 9, 2, NULL, 1, 2, 2, 17, 640, 137, 137, 287, 287, 191, 0, 22, NULL, NULL, NULL, 'Free Missions, Friend Point Capsule, Capital Shop'),
(43, 'Zaku II', '01-05-3-01', 9, 3, NULL, 1, 2, 2, 18, 287, 373, 137, 373, 373, 54, 0, NULL, 'All-Rounder Job, Enemy SP. Shot Power reduced 10%', NULL, NULL, 'Free Missions, Friend Point Capsule, Capital Shop'),
(44, 'Zaku II', '01-05-4-01', 9, 4, NULL, 1, 2, 2, 18, 373, 137, 137, 511, 137, 191, 54, NULL, 'With Axe Category equipped, Shooting DMG taken reduced 10', NULL, NULL, 'Free Missions, Friend Point Capsule, Capital Shop'),
(45, 'Zaku II', '01-05-5-01', 9, 5, NULL, 1, 2, 2, 18, 373, 137, 137, 373, 287, 191, 54, NULL, 'With Machine Gun Category equipped, Sp. Shot Power boosted 18%', NULL, NULL, 'Free Missions, Friend Point Capsule, Capital Shop'),
(46, 'Heat Hawk', '01-05-6b-01', 9, 6, NULL, 1, 2, 2, 17, 373, 798, 0, 287, 0, 138, 54, 23, NULL, 2, 1, 'Free Missions, Friend Point Capsule, Capital Shop'),
(47, 'Zaku Bazooka', '01-05-7d-01', 9, 7, NULL, 1, 2, 2, 7, 373, 0, 798, 287, 0, 191, 54, NULL, 'Enemy Strong Melee Power Reduced 10%', 2, 12, 'Free Missions, Friend Point Capsule, Capital Shop'),
(48, 'Zaku Machine Gun [Zaku II]', '01-05-7c-01', 9, 7, NULL, 1, 2, 2, 7, 373, 0, 798, 287, 0, 191, 54, NULL, 'Initial EX Skill Charge boosted 10%', 2, 9, 'Free Missions, Friend Point Capsule, Capital Shop'),
(49, 'Zaku II [Char Aznable]', '01-06-1-01', 10, 1, NULL, 3, 3, 3, 20, 558, 291, 1698, 558, 558, 0, 302, 24, NULL, NULL, NULL, 'Haro Chip Capsule'),
(50, 'Zaku II [Char Aznable]', '01-06-2-01', 10, 2, NULL, 3, 3, 3, 20, 1140, 291, 291, 889, 889, 0, 428, NULL, 'When Armor > 60%, Debuff EX Skill Effect up 15%', NULL, NULL, 'Haro Chip Capsule'),
(51, 'Zaku II [Char Aznable]', '01-06-3-01', 10, 3, NULL, 3, 3, 3, 18, 558, 1698, 291, 889, 889, 0, 0, 25, NULL, NULL, NULL, 'Haro Chip Capsule'),
(52, 'Zaku II [Char Aznable]', '01-06-4-01', 10, 4, NULL, 3, 3, 3, 9, 558, 291, 291, 889, 889, 302, 428, NULL, 'With Speed attribute (self), Sp. Shot Power boosted 25%', NULL, NULL, 'Haro Chip Capsule'),
(53, 'Zaku II [Char Aznable]', '01-06-5-01', 10, 5, NULL, 3, 3, 3, 9, 558, 291, 291, 889, 889, 302, 428, NULL, 'With Speed attribute (self), EX Skill Piercing Boosted 22%', NULL, NULL, 'Haro Chip Capsule'),
(54, 'Dom', '01-08-1-01', 11, 1, NULL, 1, 2, 11, 8, 373, 137, 373, 373, 287, 54, 138, NULL, 'When Armor < 50%, Shooting DMG taken reduced 10', NULL, NULL, 'Free Missions, Friend Point Capsule, Capital Shop'),
(55, 'Dom', '01-08-2-01', 11, 2, NULL, 1, 2, 11, 8, 640, 137, 137, 287, 287, 0, 191, 26, NULL, NULL, NULL, 'Free Missions, Friend Point Capsule, Capital Shop'),
(56, 'Dom', '01-08-3-01', 11, 3, NULL, 1, 2, 11, 23, 287, 373, 137, 373, 373, 0, 54, 2, NULL, NULL, NULL, 'Free Missions, Friend Point Capsule, Capital Shop'),
(57, 'Dom', '01-08-4-01', 11, 4, NULL, 1, 2, 11, 23, 373, 137, 137, 511, 137, 54, 191, NULL, 'When Armor < 50%, Shot Spread reduced 10%', NULL, NULL, 'Free Missions, Friend Point Capsule, Capital Shop'),
(58, 'Dom', '01-08-5-01', 11, 5, NULL, 1, 2, 11, 23, 373, 137, 137, 373, 287, 54, 191, 27, NULL, NULL, NULL, 'Free Missions, Friend Point Capsule, Capital Shop'),
(59, 'Gouf', '01-07-1-01', 12, 1, NULL, 1, 2, 6, 17, 372, 137, 287, 372, 137, 138, 54, 28, NULL, NULL, NULL, 'Free Missions, Friend Point Capsule, Capital Shop'),
(60, 'Gouf', '01-07-2-01', 12, 2, NULL, 1, 2, 6, 17, 511, 137, 137, 511, 287, 190, 0, NULL, 'With \"GM Type\" enemy, Melee DMG taken reduced 10', NULL, NULL, 'Free Missions, Friend Point Capsule, Capital Shop'),
(61, 'Gouf', '01-07-3-01', 12, 3, NULL, 1, 2, 6, 17, 137, 1012, 137, 511, 137, 0, 0, 29, NULL, NULL, NULL, 'Free Missions, Friend Point Capsule, Capital Shop'),
(62, 'Gouf', '01-07-4-01', 12, 4, NULL, 1, 2, 6, 2, 287, 137, 137, 511, 287, 138, 190, NULL, 'With \"GM Type\" enemy, Shooting DMG taken reduced 10', NULL, NULL, 'Free Missions, Friend Point Capsule, Capital Shop'),
(63, 'Gouf', '01-07-5-01', 12, 5, NULL, 1, 2, 6, 21, 287, 137, 137, 511, 287, 190, 138, NULL, 'Physical ranged weapon, magazine boosted 10%', NULL, NULL, 'Free Missions, Friend Point Capsule, Capital Shop'),
(64, 'Heat Saber [Gouf]', '01-07-6a-01', 12, 6, NULL, 1, 2, 6, 21, 137, 1309, 0, 0, 0, 138, 54, NULL, 'With \"GM Type\" enemy, Strong Melee DMG Output boosted 10', 2, 2, 'Free Missions, Friend Point Capsule, Capital Shop'),
(65, 'Shield [Gouf]', '01-07-8-01', 12, 8, NULL, 1, 2, 6, 2, 287, 0, 0, 797, 287, 319, 0, 30, NULL, NULL, NULL, 'Free Missions, Friend Point Capsule, Capital Shop'),
(66, 'Acguy', '01-09-1-01', 13, 1, NULL, 1, 2, 4, 11, 287, 138, 376, 287, 287, 138, 138, 3, NULL, NULL, NULL, 'Friend Point Capsule & Capital Shop'),
(67, 'Acguy', '01-09-2-01', 13, 2, 4, 1, 2, 4, 25, 376, 287, 287, 641, 641, 403, 403, 21, NULL, NULL, NULL, 'Friend Point Capsule & Capital Shop'),
(68, 'Acguy', '01-09-3-01', 13, 3, NULL, 1, 2, 4, 25, 138, 376, 138, 287, 287, 194, 194, 31, NULL, NULL, NULL, 'Friend Point Capsule & Capital Shop'),
(69, 'Acguy', '01-09-5-01', 13, 5, NULL, 1, 2, 4, 11, 138, 138, 138, 376, 376, 194, 194, NULL, 'Beam ranged weapon magazine reload 10%', NULL, NULL, 'Friend Point Capsule & Capital Shop'),
(70, 'Z\'Gok', '01-10-2-01', 14, 2, 4, 1, 2, 4, 26, 797, 287, 372, 797, 797, 319, 0, 32, NULL, NULL, NULL, 'Free Missions, Friend Point Capsule, Capital Shop'),
(71, 'Z\'Gok', '01-10-3-01', 14, 3, NULL, 1, 2, 4, 26, 287, 372, 137, 372, 372, 138, 54, 33, NULL, NULL, NULL, 'Free Missions, Friend Point Capsule, Capital Shop'),
(72, 'Z\'Gok', '01-10-4-01', 14, 4, NULL, 1, 2, 4, 2, 287, 137, 137, 509, 509, 54, 138, 28, NULL, NULL, NULL, 'Free Missions, Friend Point Capsule, Capital Shop'),
(73, 'Z\'Gok', '01-10-5-01', 14, 5, NULL, 1, 2, 4, 2, 287, 137, 137, 509, 509, 138, 54, NULL, 'With \"For Base\" enemy, Sp. Shot DMG taken reduced 10', NULL, NULL, 'Free Missions, Friend Point Capsule, Capital Shop'),
(74, 'Gyan', '01-11-1-01', 15, 1, NULL, 1, 2, 6, 21, 372, 137, 287, 372, 287, 54, 138, 34, NULL, NULL, NULL, 'Free Missions, Friend Point Capsule, Capital Shop'),
(75, 'Gyan', '01-11-2-01', 15, 2, NULL, 1, 2, 6, 21, 640, 287, 137, 287, 287, 0, 190, NULL, 'When Armor > 90%, Sp. Shot DMG taken reduced 10', NULL, NULL, 'Free Missions, Friend Point Capsule, Capital Shop'),
(76, 'Gyan', '01-11-3-01', 15, 3, NULL, 1, 2, 6, 26, 287, 899, 0, 372, 372, 0, 0, NULL, 'With Saber Category equipped, Sp. Shot DMG Output boosted 10', NULL, NULL, 'Free Missions, Friend Point Capsule, Capital Shop'),
(77, 'Gyan', '01-11-4-01', 15, 4, NULL, 1, 2, 6, 26, 372, 137, 137, 372, 287, 138, 190, 35, NULL, NULL, NULL, 'Free Missions, Friend Point Capsule, Capital Shop'),
(78, 'Gyan', '01-11-5-01', 15, 5, NULL, 1, 2, 6, 26, 372, 137, 137, 372, 287, 138, 190, NULL, 'Physical ranged weapon, magazine boosted 10%', NULL, NULL, 'Free Missions, Friend Point Capsule, Capital Shop'),
(79, 'Beam Saber', '01-11-6a-01', 15, 6, NULL, 1, 2, 6, 10, 372, 1149, 0, 0, 0, 54, 138, NULL, 'In-Fighter Job, Melee DMG taken Reduced 10', 1, 2, 'Free Missions, Friend Point Capsule, Capital Shop'),
(80, 'Missile Shield', '01-11-8-01', 15, 8, NULL, 1, 2, 6, 17, 372, 0, 0, 510, 287, 54, 264, 36, NULL, NULL, NULL, 'Free Missions, Friend Point Capsule, Capital Shop'),
(81, 'Gelgoog [Mass Production Type]', '01-12-1-01', 16, 1, NULL, 1, 3, 2, 20, 511, 137, 373, 287, 287, 0, 138, 19, NULL, NULL, NULL, 'Free Missions, Friend Point Capsule, Capital Shop'),
(82, 'Gelgoog [Mass Production Type]', '01-12-2-01', 16, 2, NULL, 1, 3, 2, 20, 798, 137, 137, 287, 287, 0, 191, NULL, 'With Rifle Category equipped, Strong Melee DMG taken reduced 10', NULL, NULL, 'Free Missions, Friend Point Capsule, Capital Shop'),
(83, 'Gelgoog [Mass Production Type]', '01-12-3-01', 16, 3, NULL, 1, 3, 2, 20, 373, 373, 137, 373, 373, 0, 54, NULL, 'With Speed attribute (self), Melee DMG taken reduced 10', NULL, NULL, 'Free Missions, Friend Point Capsule, Capital Shop'),
(84, 'Gelgoog [Mass Production Type]', '01-12-4-01', 16, 4, NULL, 1, 3, 2, 25, 373, 137, 137, 373, 373, 191, 54, NULL, 'When attacking with Physical, Melee DMG Output boosted 10', NULL, NULL, 'Free Missions, Friend Point Capsule, Capital Shop'),
(85, 'Gelgoog [Mass Production Type]', '01-12-5-01', 16, 5, NULL, 1, 3, 2, 25, 373, 137, 137, 373, 373, 54, 191, NULL, 'With \"Mass P.\" enemy, Sp. Shot DMG taken reduced 10', NULL, NULL, 'Free Missions, Friend Point Capsule, Capital Shop'),
(86, 'Beam Rifle [Gelgoog]', '01-12-7a-01', 16, 7, NULL, 1, 3, 2, 20, 373, 0, 511, 137, 137, 138, 191, NULL, 'With \"Mass P.\" enemy, Sp. Shot CRIT Rate boosted 10%', 1, 8, 'Free Missions, Friend Point Capsule, Capital Shop'),
(87, 'Zaku Minelayer', '02-02-1-01', 17, 1, NULL, 1, 2, 2, 15, 373, 137, 373, 287, 373, 110, 110, 21, NULL, NULL, NULL, 'Free Missions, Friend Point Capsule, Capital Shop'),
(88, 'Zaku Minelayer', '02-02-2-01', 17, 2, NULL, 1, 2, 2, 15, 640, 137, 137, 287, 511, 25, 25, NULL, 'With Technique attribute (self), Sp. Shot DMG taken reduced 10', NULL, NULL, 'Free Missions, Friend Point Capsule, Capital Shop'),
(89, 'Zaku Minelayer', '02-02-3-01', 17, 3, NULL, 1, 2, 2, 18, 287, 373, 137, 373, 511, 25, 25, NULL, 'With \"Close Combat\" enemy, Sp. Shot DMG Output boost 10', NULL, NULL, 'Free Missions, Friend Point Capsule, Capital Shop'),
(90, 'Zaku Minelayer', '02-02-4-01', 17, 4, NULL, 1, 2, 2, 18, 373, 137, 137, 137, 511, 138, 138, NULL, 'With \"Close Combat\" enemy, Sp. Shot DMG Output boost 10', NULL, NULL, 'Free Missions, Friend Point Capsule, Capital Shop'),
(91, 'Zaku Minelayer', '02-02-5-01', 17, 5, NULL, 1, 2, 2, 18, 373, 137, 137, 287, 373, 138, 138, 37, NULL, NULL, NULL, 'Free Missions, Friend Point Capsule, Capital Shop'),
(92, 'Zaku II Type FS [Garma Zabi]', '02-01-1-01', 18, 1, NULL, 2, 3, 3, 18, 187, 187, 1483, 187, 570, 0, 0, 3, NULL, NULL, NULL, 'Haro Chip Capsule'),
(93, 'Zaku II Type FS [Garma Zabi]', '02-01-2-01', 18, 2, NULL, 2, 3, 3, 18, 757, 187, 187, 364, 757, 139, 139, NULL, 'With Speed attribute (self), Buff EX Skill Time up 15%', NULL, NULL, 'Haro Chip Capsule'),
(94, 'Zaku II Type FS [Garma Zabi]', '02-01-3-01', 18, 3, NULL, 2, 3, 3, 18, 570, 364, 187, 187, 757, 139, 139, 38, NULL, NULL, NULL, 'Haro Chip Capsule'),
(95, 'Zaku II Type FS [Garma Zabi]', '02-01-4-01', 18, 4, NULL, 2, 3, 3, 8, 364, 187, 187, 364, 757, 201, 201, NULL, 'When attacking with Physical, Melee Power boosted 15%', NULL, NULL, 'Haro Chip Capsule'),
(96, 'Zaku II Type FS [Garma Zabi]', '02-01-5-01', 18, 5, NULL, 2, 3, 3, 8, 364, 187, 187, 364, 757, 201, 201, NULL, 'With Speed attribute (self), Vernier Consumption reduced 10%', NULL, NULL, 'Haro Chip Capsule'),
(97, 'Dead End G', '02-01-6b-02', 18, 6, NULL, 2, 3, 3, 10, 570, 1090, 0, 0, 0, 209, 209, 39, NULL, 2, 1, 'Haro Chip Capsule'),
(98, 'Large Heat Hawk', '02-01-6b-01', 18, 6, NULL, 2, 3, 3, 10, 570, 1090, 0, 0, 0, 209, 209, 39, NULL, 2, 1, 'Haro Chip Capsule'),
(99, 'Magella-Top Cannon', '02-01-7b-01', 18, 7, NULL, 2, 3, 3, 8, 187, 0, 1867, 0, 0, 139, 139, NULL, 'When attacking with Physical, Shooting DMG Output boosted 15', 2, 10, 'Haro Chip Capsule'),
(100, 'Gelgoog Cannon', '02-03-1-01', 19, 1, NULL, 1, 1, 8, 22, 137, 137, 1012, 137, 372, 0, 0, NULL, 'With Machine Gun Category equipped, Shot Spread reduced 10%', NULL, NULL, 'Free Missions, Friend Point Capsule, Capital Shop'),
(101, 'Gelgoog Cannon', '02-03-2-01', 19, 2, NULL, 1, 1, 8, 15, 511, 137, 137, 287, 511, 0, 190, NULL, 'When Armor > 50%, Sp. Shot DMG taken reduced 10', NULL, NULL, 'Free Missions, Friend Point Capsule, Capital Shop'),
(102, 'Gelgoog Cannon', '02-03-3-01', 19, 3, NULL, 1, 1, 8, 15, 372, 287, 137, 137, 511, 54, 138, NULL, 'With Power attribute (self), Sp. Shot Power boosted 10%', NULL, NULL, 'Free Missions, Friend Point Capsule, Capital Shop'),
(103, 'Gelgoog Cannon', '02-03-4-01', 19, 4, NULL, 1, 1, 8, 22, 287, 137, 137, 287, 511, 190, 138, NULL, 'With Power attribute (self), EX Skill Recovery boosted 10%', NULL, NULL, 'Free Missions, Friend Point Capsule, Capital Shop'),
(104, 'Gelgoog Cannon', '02-03-5-01', 19, 5, NULL, 1, 1, 8, 22, 287, 137, 137, 287, 511, 138, 190, 40, NULL, NULL, NULL, 'Free Missions, Friend Point Capsule, Capital Shop'),
(105, 'Mobile Worker', '36-01-1-01', 20, 1, NULL, 1, 1, 6, 17, 511, 138, 374, 287, 287, 55, 55, NULL, 'With Axe Category equipped, EX Skill DMG Output boosted 10', NULL, NULL, 'Free Missions, Friend Point Capsule, Capital Shop'),
(106, 'Mobile Worker', '36-01-2-01', 20, 2, NULL, 1, 1, 6, 17, 798, 138, 138, 287, 287, 110, 110, 42, NULL, NULL, NULL, 'Free Missions, Friend Point Capsule, Capital Shop'),
(107, 'Mobile Worker', '36-01-3-01', 20, 3, NULL, 1, 1, 6, 25, 374, 374, 138, 374, 374, 55, 55, 43, NULL, NULL, NULL, 'Free Missions, Friend Point Capsule, Capital Shop'),
(108, 'Mobile Worker', '36-01-4-01', 20, 4, NULL, 1, 1, 6, 25, 374, 138, 138, 374, 374, 138, 138, NULL, 'In-Fighter Job, EX Skill Piercing boosted 15%', NULL, NULL, 'Free Missions, Friend Point Capsule, Capital Shop'),
(109, 'Mobile Worker', '36-01-5-01', 20, 5, NULL, 1, 1, 6, 24, 374, 138, 138, 374, 374, 138, 138, NULL, 'With Axe Category equipped, Debuff EX Skill Effect up 10%', NULL, NULL, 'Free Missions, Friend Point Capsule, Capital Shop'),
(110, 'Shield [Mobile Worker]', '36-01-8-01', 20, 8, NULL, 1, 1, 6, 24, 374, 0, 0, 374, 374, 143, 143, NULL, 'In-Fighter Job, Strong Melee DMG taken reduced 10', NULL, NULL, 'Free Missions, Friend Point Capsule, Capital Shop'),
(111, 'Gundam Mk-II [A.E.U.G. Design]', '08-02-1-01', 21, 1, NULL, 2, 1, 13, 23, 365, 188, 944, 188, 573, 139, 139, 44, NULL, NULL, NULL, 'Haro Chip Capsule'),
(112, 'Gundam Mk-II [A.E.U.G. Design]', '08-02-2-01', 21, 2, NULL, 2, 1, 13, 23, 573, 365, 188, 365, 758, 139, 139, NULL, 'With Power attribute (self), Debuff EX Skill Effect up 12%', NULL, NULL, 'Haro Chip Capsule'),
(113, 'Gundam Mk-II [A.E.U.G. Design]', '08-02-3-01', 21, 3, NULL, 2, 1, 13, 23, 365, 1280, 188, 365, 573, 0, 0, NULL, 'With Power attribute (self), Strong Melee CRIT Rate boosted 14%', NULL, NULL, 'Haro Chip Capsule'),
(114, 'Gundam Mk-II [A.E.U.G. Design]', '08-02-4-01', 21, 4, NULL, 2, 1, 13, 7, 365, 188, 188, 188, 573, 210, 210, 45, NULL, NULL, NULL, 'Haro Chip Capsule'),
(115, 'Gundam Mk-II [A.E.U.G. Design]', '08-02-5-01', 21, 5, NULL, 2, 1, 13, 7, 365, 188, 188, 188, 573, 210, 210, 4, NULL, NULL, NULL, 'Haro Chip Capsule'),
(116, 'Beam Saber [Mk-II]', '08-02-6a-01', 21, 6, NULL, 2, 1, 13, 23, 188, 1665, 0, 0, 365, 139, 139, 46, NULL, 1, 2, 'Haro Chip Capsule'),
(117, 'Beam Rifle [Mk-II]', '08-02-7a-01', 21, 7, NULL, 2, 1, 13, 26, 365, 0, 944, 0, 365, 139, 139, NULL, 'Long-Shooter Job, Sp. Shot CRIT Rate boosted 14%', 1, 8, 'Haro Chip Capsule'),
(118, 'Hyper Bazooka [Mk-II]', '08-02-7d-01', 21, 7, NULL, 2, 1, 13, 26, 365, 0, 944, 0, 365, 139, 139, 47, NULL, 2, 12, 'Haro Chip Capsule'),
(119, 'Shield [Mk-II / A.E.U.G. Design]', '08-02-8-01', 21, 8, NULL, 2, 1, 13, 26, 365, 0, 0, 365, 944, 210, 210, 48, NULL, NULL, NULL, 'Haro Chip Capsule'),
(120, 'Gundam Mk-II [Titans Design]', '08-06-1-01', 22, 1, NULL, 2, 3, 13, 16, 364, 187, 942, 187, 570, 201, 81, 49, NULL, NULL, NULL, 'Haro Chip Capsule'),
(121, 'Gundam Mk-II [Titans Design]', '08-06-2-01', 22, 2, NULL, 2, 3, 13, 16, 570, 365, 187, 364, 757, 281, 0, NULL, 'With Speed attribute (self), Buff EX Skill Effect up 12%', NULL, NULL, 'Haro Chip Capsule'),
(122, 'Gundam Mk-II [Titans Design]', '08-06-3-01', 22, 3, NULL, 2, 3, 13, 25, 364, 1277, 187, 364, 570, 0, 0, NULL, 'With Speed attribute (self), Strong Melee CRIT Rate boosted 14%', NULL, NULL, 'Haro Chip Capsule'),
(123, 'Gundam Mk-II [Titans Design]', '08-06-4-01', 22, 4, NULL, 2, 3, 13, 7, 364, 187, 187, 187, 570, 281, 201, 50, NULL, NULL, NULL, 'Haro Chip Capsule'),
(124, 'Gundam Mk-II [Titans Design]', '08-06-5-01', 22, 5, NULL, 2, 3, 13, 7, 364, 187, 187, 187, 570, 281, 201, 4, NULL, NULL, NULL, 'Haro Chip Capsule'),
(125, 'Shield [Mk-II / Titans Design]', '08-06-8-01', 22, 8, NULL, 2, 3, 13, 25, 364, 0, 0, 364, 942, 374, 81, 48, NULL, NULL, NULL, 'Haro Chip Capsule'),
(126, 'GM II', '08-05-1-01', 23, 1, NULL, 1, 3, 2, 19, 287, 137, 797, 287, 287, 138, 0, 3, NULL, NULL, NULL, 'Free Missions, Friend Point Capsule, Capital Shop'),
(127, 'GM II', '08-05-2-01', 23, 2, NULL, 1, 3, 2, 19, 509, 137, 137, 372, 372, 190, 0, NULL, 'Defender Job, Shooting DMG taken reduced 10', NULL, NULL, 'Free Missions, Friend Point Capsule, Capital Shop'),
(128, 'GM II', '08-05-3-01', 23, 3, NULL, 1, 3, 2, 19, 287, 797, 137, 372, 372, 0, 0, NULL, 'With \"Zaku Type\" enemy, Sp. Shot DMG taken reduced 10', NULL, NULL, 'Free Missions, Friend Point Capsule, Capital Shop'),
(129, 'GM II', '08-05-4-01', 23, 4, NULL, 1, 3, 2, 25, 287, 137, 137, 372, 372, 190, 138, 34, NULL, NULL, NULL, 'Free Missions, Friend Point Capsule, Capital Shop'),
(130, 'GM II', '08-05-5-01', 23, 5, NULL, 1, 3, 2, 25, 287, 137, 137, 372, 372, 190, 138, 20, NULL, NULL, NULL, 'Free Missions, Friend Point Capsule, Capital Shop'),
(131, 'Rick Dias [Quattro Bajeena Colors]', '08-04-1-01', 24, 1, NULL, 2, 2, 9, 2, 365, 187, 571, 365, 365, 202, 202, 51, NULL, NULL, NULL, 'Haro Chip Capsule'),
(132, 'Rick Dias [Quattro Bajeena Colors]', '08-04-2-01', 24, 2, NULL, 2, 2, 9, 2, 365, 187, 187, 365, 365, 282, 282, NULL, 'When Armor > 70%, Debuff EX Skill Effect up 12%', NULL, NULL, 'Haro Chip Capsule'),
(133, 'Rick Dias [Quattro Bajeena Colors]', '08-04-3-01', 24, 3, NULL, 2, 2, 9, 24, 187, 571, 187, 365, 365, 282, 282, 52, NULL, NULL, NULL, 'Haro Chip Capsule'),
(134, 'Rick Dias [Quattro Bajeena Colors]', '08-04-4-01', 24, 4, NULL, 2, 2, 9, 24, 187, 187, 187, 571, 571, 282, 282, NULL, 'When Armor > 70%, Melee CRIT Rate boosted 14%', NULL, NULL, 'Haro Chip Capsule'),
(135, 'Rick Dias [Quattro Bajeena Colors]', '08-04-5-01', 24, 5, NULL, 2, 2, 9, 24, 187, 187, 187, 571, 571, 282, 282, 53, NULL, NULL, NULL, 'Haro Chip Capsule'),
(136, 'Palace Athene', '08-07-1-01', 25, 1, NULL, 2, 1, 10, 8, 570, 187, 570, 570, 364, 139, 139, 24, NULL, NULL, NULL, 'Haro Chip Capsule'),
(137, 'Palace Athene', '08-07-2-01', 25, 2, NULL, 2, 1, 10, 15, 942, 187, 187, 364, 364, 139, 139, NULL, 'With Power attribute (self), Debuff EX Skill Effect up 12%', NULL, NULL, 'Haro Chip Capsule'),
(138, 'Palace Athene', '08-07-3-01', 25, 3, NULL, 2, 1, 10, 8, 364, 570, 187, 570, 570, 29, 29, 54, NULL, NULL, NULL, 'Haro Chip Capsule'),
(139, 'Palace Athene', '08-07-4-01', 25, 4, NULL, 2, 1, 10, 15, 570, 187, 187, 757, 187, 201, 201, 55, NULL, NULL, NULL, 'Haro Chip Capsule'),
(140, 'Palace Athene', '08-07-5-01', 25, 5, NULL, 2, 1, 10, 8, 570, 187, 187, 570, 364, 201, 201, 56, NULL, NULL, NULL, 'Haro Chip Capsule'),
(141, 'Shield [Palace Athene]', '08-07-8-01', 25, 8, NULL, 2, 1, 10, 15, 270, 0, 0, 942, 364, 209, 209, 57, NULL, NULL, NULL, 'Haro Chip Capsule'),
(142, 'GM III', '10-01-1-01', 26, 1, NULL, 1, 1, 2, 8, 372, 137, 287, 372, 287, 138, 54, 3, NULL, NULL, NULL, 'Free Missions, Friend Point Capsule, Capital Shop'),
(143, 'GM III', '10-01-2-01', 26, 2, NULL, 1, 1, 2, 8, 640, 287, 137, 287, 287, 190, 0, NULL, 'When attacking with Beam, Strong Melee DMG Output boosted 10', NULL, NULL, 'Free Missions, Friend Point Capsule, Capital Shop'),
(144, 'GM III', '10-01-3-01', 26, 3, NULL, 1, 1, 2, 16, 287, 899, 0, 372, 372, 0, 0, 58, NULL, NULL, NULL, 'Free Missions, Friend Point Capsule, Capital Shop'),
(145, 'GM III', '10-01-4-01', 26, 4, NULL, 1, 1, 2, 16, 372, 137, 137, 372, 287, 190, 138, 59, NULL, NULL, NULL, 'Free Missions, Friend Point Capsule, Capital Shop'),
(146, 'GM III', '10-01-5-01', 26, 5, NULL, 1, 1, 2, 16, 372, 137, 137, 372, 287, 190, 138, 20, NULL, NULL, NULL, 'Free Missions, Friend Point Capsule, Capital Shop'),
(147, 'Döven Wolf', '07-04-1-01', 27, 1, NULL, 2, 1, 10, 2, 363, 186, 1088, 363, 363, 0, 200, 3, NULL, NULL, NULL, 'Haro Chip Capsule'),
(148, 'Döven Wolf', '07-04-2-01', 27, 2, NULL, 2, 1, 10, 8, 754, 186, 186, 569, 569, 0, 280, 60, NULL, NULL, NULL, 'Haro Chip Capsule'),
(149, 'Döven Wolf', '07-04-3-01', 27, 3, NULL, 2, 1, 10, 2, 363, 1088, 186, 569, 569, 0, 0, NULL, 'When attacking with Beam, Sp. Shot DMG Output boosted 15 ', NULL, NULL, 'Haro Chip Capsule'),
(150, 'Döven Wolf', '07-04-4-01', 27, 4, NULL, 2, 1, 10, 2, 363, 186, 186, 569, 569, 200, 280, NULL, 'When attacking with Beam, Mid Shot Attack raised 10%', NULL, NULL, 'Haro Chip Capsule'),
(151, 'Döven Wolf', '07-04-5-01', 27, 5, NULL, 2, 1, 10, 8, 363, 186, 186, 569, 569, 200, 280, 61, NULL, NULL, NULL, 'Haro Chip Capsule'),
(152, 'Beam Rifle [Döven Wolf]', '07-04-7a-01', 27, 7, NULL, 2, 1, 10, 8, 363, 0, 1479, 0, 0, 80, 280, 62, NULL, 1, 8, 'Haro Chip Capsule'),
(153, 'Jegan', '11-02-1-01', 28, 1, NULL, 2, 2, 7, 25, 755, 187, 570, 364, 364, 201, 0, 63, NULL, NULL, NULL, 'Haro Chip Capsule'),
(154, 'Jegan', '11-02-2-01', 28, 2, NULL, 2, 2, 7, 25, 1090, 187, 187, 364, 364, 281, 0, NULL, 'Supporter Job, EX Skill Piercing boosted 16%', NULL, NULL, 'Haro Chip Capsule'),
(155, 'Jegan', '11-02-3-01', 28, 3, NULL, 2, 2, 7, 25, 570, 570, 187, 570, 570, 81, 0, NULL, 'With Bazooka Category equipped, Sp. Shot DMG Output boosted 15', NULL, NULL, 'Haro Chip Capsule'),
(156, 'Jegan', '11-02-4-01', 28, 4, NULL, 2, 2, 7, 19, 570, 187, 187, 570, 570, 81, 281, 17, NULL, NULL, NULL, 'Haro Chip Capsule'),
(157, 'Jegan', '11-02-5-01', 28, 5, NULL, 2, 2, 7, 19, 570, 187, 187, 570, 570, 281, 81, NULL, 'Beam ranged weapon magazine boosted 14%', NULL, NULL, 'Haro Chip Capsule'),
(158, 'Shield [Jegan]', '11-02-8-01', 28, 8, NULL, 2, 2, 7, 19, 570, 0, 0, 570, 570, 462, 0, 48, NULL, NULL, NULL, 'Haro Chip Capsule'),
(159, 'Geara Doga', '11-03-1-01', 29, 1, NULL, 2, 2, 2, 18, 570, 187, 364, 570, 187, 201, 81, 64, NULL, NULL, NULL, 'Haro Chip Capsule'),
(160, 'Geara Doga', '11-03-2-01', 29, 2, NULL, 2, 2, 2, 7, 754, 187, 187, 754, 364, 281, 0, NULL, 'When Armor < 30%, Buff EX Skill Effect up 12%', NULL, NULL, 'Haro Chip Capsule'),
(161, 'Geara Doga', '11-03-3-01', 29, 3, NULL, 2, 2, 2, 7, 187, 1480, 187, 754, 187, 0, 0, NULL, 'When attacking with Beam, EX Skill Power Boosted 15', NULL, NULL, 'Haro Chip Capsule'),
(162, 'Geara Doga', '11-03-4-01', 29, 4, NULL, 2, 2, 2, 20, 364, 187, 187, 754, 364, 201, 281, 65, NULL, NULL, NULL, 'Haro Chip Capsule'),
(163, 'Geara Doga', '11-03-5-01', 29, 5, NULL, 2, 2, 2, 20, 364, 187, 187, 754, 364, 281, 201, 37, NULL, NULL, NULL, 'Haro Chip Capsule'),
(164, 'Beam Sword-Axe', '11-03-6b-01', 29, 6, NULL, 2, 2, 2, 18, 187, 1864, 0, 0, 0, 201, 81, NULL, 'Melee DMG Output boosted 15', 1, 1, 'Haro Chip Capsule'),
(165, 'Beam Machine Gun [Geara Doga]', '11-03-7c-01', 29, 7, NULL, 2, 2, 2, 18, 570, 0, 1089, 0, 0, 281, 201, 66, NULL, 1, 9, 'Haro Chip Capsule'),
(166, 'Shield [Geara Doga]', '11-03-8-01', 29, 8, NULL, 2, 2, 2, 20, 364, 0, 0, 1089, 364, 462, 0, 67, NULL, NULL, NULL, 'Haro Chip Capsule'),
(167, 'Gundam NT-1 [Chobham Armor]', '06-02-1-01', 30, 1, NULL, 4, 1, 25, 11, 891, 292, 891, 891, 558, 127, 302, 3, NULL, NULL, NULL, 'Haro Chip Capsule'),
(168, 'Gundam NT-1 [Chobham Armor]', '06-02-2-01', 30, 2, NULL, 4, 1, 11, 16, 1435, 292, 292, 558, 558, 0, 430, 147, NULL, NULL, NULL, 'Haro Chip Capsule'),
(169, 'Gundam NT-1 [Chobham Armor]', '06-02-3-01', 30, 3, NULL, 4, 1, 11, 16, 558, 891, 292, 891, 891, 0, 127, NULL, 'Middle-Shooter Job, Enemy Sp. Shot Power reduced 25%', NULL, NULL, 'Haro Chip Capsule'),
(170, 'Gundam NT-1 [Chobham Armor]', '06-02-4-01', 30, 4, NULL, 4, 1, 11, 25, 891, 292, 292, 1144, 292, 127, 430, NULL, 'With Technique attribute (self), Enemy Melee Power reduced 25%', NULL, NULL, 'Haro Chip Capsule'),
(171, 'Gundam NT-1 [Chobham Armor]', '06-02-5-01', 30, 5, NULL, 4, 1, 11, 25, 891, 292, 292, 891, 558, 127, 430, NULL, 'When Armor > 60%, 13% chance to not recoil', NULL, NULL, 'Haro Chip Capsule'),
(172, 'Zaku II Kai', '06-04-1-01', 31, 1, NULL, 2, 2, 9, 23, 570, 187, 570, 570, 364, 139, 139, NULL, 'With Machine Gun Category equipped, Close Shot Attack raised 10%', NULL, NULL, 'Haro Chip Capsule'),
(173, 'Zaku II Kai', '06-04-2-01', 31, 2, NULL, 2, 2, 9, 18, 942, 187, 187, 364, 364, 139, 139, NULL, 'When Armor > 60%, Debuff EX Skill Effect up 12%', NULL, NULL, 'Haro Chip Capsule'),
(174, 'Zaku II Kai', '06-04-3-01', 31, 3, NULL, 2, 2, 9, 18, 364, 570, 187, 570, 570, 29, 29, NULL, 'With Machine Gun Category equipped Melee Damage Output boosted 15%', NULL, NULL, 'Haro Chip Capsule'),
(175, 'Zaku II Kai', '06-04-4-01', 31, 4, NULL, 2, 2, 9, 23, 570, 187, 187, 757, 187, 201, 201, 17, NULL, NULL, NULL, 'Haro Chip Capsule'),
(176, 'Zaku II Kai', '06-04-5-01', 31, 5, NULL, 2, 2, 9, 18, 570, 187, 187, 570, 364, 201, 201, NULL, 'With \"Gundam Type\" enemy, Debuff EX Skill Effect up 12%', NULL, NULL, 'Haro Chip Capsule'),
(177, 'Zaku Machine Gun [Zaku II Kai]', '06-04-7c-01', 31, 7, NULL, 2, 2, 9, 23, 570, 0, 1090, 364, 0, 201, 201, 68, NULL, 2, 9, 'Haro Chip Capsule'),
(178, 'Gelgoog Jäger', '06-07-1-01', 32, 1, NULL, 1, 1, 7, 17, 365, 187, 1278, 365, 187, 0, 81, 3, NULL, NULL, NULL, 'Haro Chip Capsule'),
(179, 'Gelgoog Jäger', '06-07-2-01', 32, 2, NULL, 1, 1, 7, 17, 571, 187, 187, 757, 365, 0, 282, NULL, 'Supporter Job, Buff EX Skill Time up 12%', NULL, NULL, 'Haro Chip Capsule'),
(180, 'Gelgoog Jäger', '06-07-3-01', 32, 3, NULL, 1, 1, 7, 5, 365, 943, 187, 571, 365, 0, 0, 41, NULL, NULL, NULL, 'Haro Chip Capsule'),
(181, 'Gelgoog Jäger', '06-07-4-01', 32, 4, NULL, 1, 1, 7, 5, 365, 187, 365, 571, 187, 202, 282, NULL, 'With Machine Gun Category equipped, Sp. Shot Power boosted 18%', NULL, NULL, 'Haro Chip Capsule'),
(182, 'Gelgoog Jäger', '06-07-5-01', 32, 5, NULL, 1, 1, 5, 7, 365, 187, 187, 757, 187, 202, 282, NULL, 'Middle-Shooter Job, Vernier Recovery Rate boosted 12%', NULL, NULL, 'Haro Chip Capsule'),
(183, 'Large Beam Machine Gun [Gelgoog Jäger]', '06-07-7c-01', 32, 7, NULL, 1, 1, 7, 17, 187, 0, 1663, 365, 0, 81, 202, NULL, 'With Machine Gun Category equipped, Sp. Shot Power boosted 18%', 1, 9, 'Haro Chip Capsule'),
(184, 'Hy-Gogg', '06-05-2-01', 33, 2, 1, 2, 3, 4, 17, 1088, 363, 569, 1088, 1088, 460, 0, 69, NULL, NULL, NULL, 'Haro Chip Capsule'),
(185, 'Hy-Gogg', '06-05-3-01', 33, 3, NULL, 2, 3, 4, 22, 363, 569, 186, 569, 569, 200, 80, 70, NULL, NULL, NULL, 'Haro Chip Capsule'),
(186, 'Hy-Gogg', '06-05-4-01', 33, 4, NULL, 2, 3, 4, 22, 363, 186, 186, 754, 754, 80, 200, NULL, 'With \"Mass P.\" enemy, Close Shot Attack raised 10%', NULL, NULL, 'Haro Chip Capsule'),
(187, 'Hy-Gogg', '06-05-5-01', 33, 5, NULL, 2, 3, 4, 22, 363, 186, 186, 754, 754, 200, 80, NULL, 'With \"Ace Excl.\" enemy, Enemy Sp. Shot Power reduced 18%', NULL, NULL, 'Haro Chip Capsule'),
(188, 'Kämpfer', '06-06-1-01', 34, 1, NULL, 3, 2, 10, 7, 291, 291, 2300, 291, 889, 0, 0, 3, NULL, NULL, NULL, 'Haro Chip Capsule'),
(189, 'Kämpfer', '06-06-2-01', 34, 2, NULL, 3, 2, 10, 7, 1142, 291, 291, 558, 1142, 428, 0, NULL, 'With Technique attribute (self), Buff EX Skill time up 15%', NULL, NULL, 'Haro Chip Capsule'),
(190, 'Kämpfer', '06-06-3-01', 34, 3, NULL, 3, 2, 10, 17, 889, 558, 291, 291, 1142, 302, 126, NULL, 'When attacking with Physical, Strong Melee CRIT Rate boosted 17%', NULL, NULL, 'Haro Chip Capsule'),
(191, 'Kämpfer', '06-06-4-01', 34, 4, NULL, 3, 2, 10, 26, 558, 291, 291, 558, 1142, 302, 428, 71, NULL, NULL, NULL, 'Haro Chip Capsule'),
(192, 'Kämpfer', '06-06-5-01', 34, 5, NULL, 3, 2, 10, 26, 558, 291, 291, 558, 1142, 428, 302, 72, NULL, NULL, NULL, 'Haro Chip Capsule'),
(193, 'GM Command [Space Type]', '06-03-1-01', 35, 1, NULL, 1, 3, 5, 16, 137, 137, 1016, 137, 373, 0, 0, 3, NULL, NULL, NULL, 'Free Missions, Friend Point Capsule, Capital Shop'),
(194, 'GM Command [Space Type]', '06-03-2-01', 35, 2, NULL, 1, 3, 5, 16, 511, 137, 137, 287, 511, 110, 110, NULL, 'With Rifle Category equipped, Strong Melee DMG taken reduced 10', NULL, NULL, 'Free Missions, Friend Point Capsule, Capital Shop'),
(195, 'GM Command [Space Type]', '06-03-3-01', 35, 3, NULL, 1, 3, 5, 20, 373, 287, 137, 137, 511, 110, 110, NULL, 'With Rifle Category equipped, Sp. Shot DMG taken reduced 10', NULL, NULL, 'Free Missions, Friend Point Capsule, Capital Shop'),
(196, 'GM Command [Space Type]', '06-03-4-01', 35, 4, NULL, 1, 3, 5, 20, 287, 137, 137, 287, 511, 138, 138, 20, NULL, NULL, NULL, 'Free Missions, Friend Point Capsule, Capital Shop'),
(197, 'GM Command [Space Type]', '06-03-5-01', 35, 5, NULL, 1, 3, 5, 20, 287, 137, 137, 287, 511, 138, 138, NULL, 'With Speed attribute (self), Debuff EX Skill Effect up 10%', NULL, NULL, 'Free Missions, Friend Point Capsule, Capital Shop'),
(198, 'Beam Gun [GM Command]', '06-03-7a-01', 35, 7, NULL, 1, 3, 5, 19, 137, 0, 1310, 0, 0, 110, 110, NULL, 'All-Rounder Job, Shooting DMG taken reduced 10', 1, 8, 'Free Missions, Friend Point Capsule, Capital Shop'),
(199, 'Bullpup Machine Gun', '06-03-7c-01', 35, 7, NULL, 1, 3, 5, 19, 137, 0, 1310, 0, 0, 110, 110, NULL, 'With Speed attribute (self), Initial EX Skill Charge boosted 10%', 2, 9, 'Free Missions, Friend Point Capsule, Capital Shop'),
(200, 'Curved Shield [GM Command]', '06-03-8-01', 35, 8, NULL, 1, 3, 5, 19, 287, 0, 0, 287, 798, 143, 143, 73, NULL, NULL, NULL, 'Free Missions, Friend Point Capsule, Capital Shop'),
(201, 'Den\'an Zon', '13-02-1-01', 36, 1, NULL, 2, 2, 2, 6, 570, 187, 1089, 187, 187, 201, 81, NULL, 'When Armor < 30%, Shooting DMG Output boosted 15', NULL, NULL, 'Haro Chip Capsule'),
(202, 'Den\'an Zon', '13-02-2-01', 36, 2, NULL, 2, 2, 2, 6, 942, 187, 364, 364, 364, 281, 0, 74, NULL, NULL, NULL, 'Haro Chip Capsule'),
(203, 'Den\'an Zon', '13-02-3-01', 36, 3, 8, 2, 2, 2, 6, 1089, 364, 364, 942, 1275, 371, 81, 75, NULL, NULL, NULL, 'Haro Chip Capsule'),
(204, 'Den\'an Zon', '13-02-4-01', 36, 4, NULL, 2, 2, 2, 7, 570, 187, 187, 364, 570, 281, 201, NULL, 'Middle-Shooter Job, Long Shot Attack Raised 10%', NULL, NULL, 'Haro Chip Capsule'),
(205, 'Den\'an Zon', '13-02-5-01', 36, 5, NULL, 2, 2, 2, 7, 570, 187, 187, 364, 570, 281, 201, 76, NULL, NULL, NULL, 'Haro Chip Capsule'),
(206, 'Shot Lancer', '13-02-6d-01', 36, 6, NULL, 2, 2, 2, 20, 570, 1089, 0, 0, 187, 201, 81, NULL, 'When Armor > 30%, Shooting DMG Output boosted 15', 2, 6, 'Haro Chip Capsule'),
(207, 'Shot Lancer [Heavy Machine Gun]', '13-02-7c-01', 36, 7, NULL, 2, 2, 2, 25, 570, 0, 1480, 0, 0, 281, 81, NULL, 'When Armor < 30%, Shooting DMG Output boosted 15', 2, 9, 'Haro Chip Capsule'),
(208, 'GM Custom', '07-02-1-01', 37, 1, NULL, 1, 3, 5, 3, 287, 138, 902, 287, 138, 0, 55, 3, NULL, NULL, NULL, 'Free Missions, Friend Point Capsule, Capital Shop'),
(209, 'GM Custom', '07-02-2-01', 37, 2, NULL, 1, 3, 5, 3, 376, 138, 138, 511, 287, 0, 194, 22, NULL, NULL, NULL, 'Free Missions, Friend Point Capsule, Capital Shop'),
(210, 'GM Custom', '07-02-3-01', 37, 3, NULL, 1, 3, 5, 21, 287, 641, 138, 376, 287, 0, 0, NULL, 'Physical ranged weapon, reload speed boosted 10%', NULL, NULL, 'Free Missions, Friend Point Capsule, Capital Shop'),
(211, 'GM Custom', '07-02-4-01', 37, 4, NULL, 1, 3, 5, 21, 287, 138, 287, 376, 138, 138, 194, NULL, 'With Speed attribute (self), EX Skill Piercing boosted 15%', NULL, NULL, 'Free Missions, Friend Point Capsule, Capital Shop'),
(212, 'GM Custom', '07-02-5-01', 37, 5, NULL, 1, 3, 5, 19, 287, 138, 138, 511, 138, 138, 194, 20, NULL, NULL, NULL, 'Free Missions, Friend Point Capsule, Capital Shop'),
(213, 'Curved Shield [GM Custom]', '07-02-8-01', 37, 8, NULL, 1, 3, 5, 19, 287, 0, 0, 641, 287, 55, 265, NULL, 'With Speed attribute (self), Sp. Shot DMG taken reduced 10', NULL, NULL, 'Free Missions, Friend Point Capsule, Capital Shop'),
(214, 'Dom Tropen', '07-03-1-01', 38, 1, NULL, 1, 2, 11, 23, 372, 137, 372, 287, 372, 138, 54, NULL, 'Beam ranged weapon magazine boosted 10%', NULL, NULL, 'Free Missions, Friend Point Capsule, Capital Shop'),
(215, 'Dom Tropen', '07-03-2-01', 38, 2, NULL, 1, 2, 11, 23, 640, 137, 137, 287, 511, 54, 0, 22, NULL, NULL, NULL, 'Free Missions, Friend Point Capsule, Capital Shop'),
(216, 'Dom Tropen', '07-03-3-01', 38, 3, NULL, 1, 2, 11, 23, 287, 372, 137, 372, 511, 54, 0, NULL, 'When Armor < 50%, Melee DMG taken reduced 10', NULL, NULL, 'Free Missions, Friend Point Capsule, Capital Shop'),
(217, 'Dom Tropen', '07-03-4-01', 38, 4, NULL, 1, 2, 11, 8, 372, 137, 137, 137, 511, 190, 54, NULL, 'When Armor < 50%, Strong Melee DMG taken reduced 10', NULL, NULL, 'Free Missions, Friend Point Capsule, Capital Shop'),
(218, 'Dom Tropen', '07-03-5-01', 38, 5, NULL, 1, 2, 11, 8, 372, 137, 137, 287, 372, 190, 54, 27, NULL, NULL, NULL, 'Free Missions, Friend Point Capsule, Capital Shop'),
(219, 'Raketen Bazooka', '07-03-7d-01', 38, 7, NULL, 1, 2, 11, 8, 372, 0, 797, 0, 287, 190, 54, NULL, 'With Bazooka Category equipped, Enemy Shooting Power reduced 10%', 2, 12, 'Free Missions, Friend Point Capsule, Capital Shop'),
(220, 'Dom Tropen [Sand Brown]', '07-04-1-01', 39, 1, NULL, 1, 3, 11, 17, 372, 137, 372, 287, 372, 54, 138, NULL, 'Physical ranged weapon, magazine boosted 10%', NULL, NULL, 'Free Missions, Friend Point Capsule, Capital Shop'),
(221, 'Dom Tropen [Sand Brown]', '07-04-2-01', 39, 2, NULL, 1, 3, 11, 17, 640, 137, 137, 287, 511, 0, 54, NULL, 'Middle-Shooter Job, Strong Melee DMG Output boosted 10', NULL, NULL, 'Free Missions, Friend Point Capsule, Capital Shop'),
(222, 'Dom Tropen [Sand Brown]', '07-04-3-01', 39, 3, NULL, 1, 3, 11, 21, 287, 372, 137, 372, 511, 0, 54, NULL, 'When Armor < 50%, Melee DMG taken reduced 10', NULL, NULL, 'Free Missions, Friend Point Capsule, Capital Shop'),
(223, 'Dom Tropen [Sand Brown]', '07-04-4-01', 39, 4, NULL, 1, 3, 11, 21, 372, 137, 137, 137, 511, 54, 190, NULL, 'When Armor < 50%, Melee DMG taken reduced 10', NULL, NULL, 'Free Missions, Friend Point Capsule, Capital Shop'),
(224, 'Dom Tropen [Sand Brown]', '07-04-5-01', 39, 5, NULL, 1, 3, 11, 21, 372, 137, 137, 287, 372, 54, 190, 27, NULL, NULL, NULL, 'Free Missions, Friend Point Capsule, Capital Shop'),
(225, 'Gundam Rose', '16-04-1-01', 40, 1, NULL, 3, 1, 14, 24, 559, 292, 1436, 292, 891, 303, 127, NULL, 'With Power attribute (self), Long Shot Attack raised 14%', NULL, NULL, 'Haro Chip Capsule'),
(226, 'Gundam Rose', '16-04-2-01', 40, 2, NULL, 3, 1, 14, 24, 891, 559, 292, 559, 1144, 430, 0, 77, NULL, NULL, NULL, 'Haro Chip Capsule'),
(227, 'Gundam Rose', '16-04-3-01', 40, 3, 8, 3, 1, 14, 24, 1144, 1994, 292, 1144, 2304, 592, 127, 78, NULL, NULL, NULL, 'Haro Chip Capsule'),
(228, 'Gundam Rose', '16-04-4-01', 40, 4, NULL, 3, 1, 14, 8, 559, 292, 292, 292, 891, 430, 303, 79, NULL, NULL, NULL, 'Haro Chip Capsule'),
(229, 'Gundam Rose', '16-04-5-01', 40, 5, NULL, 3, 1, 14, 8, 559, 292, 292, 292, 891, 430, 303, NULL, 'With Saber Category equipped, Buff EX Skill Time up 15%', NULL, NULL, 'Haro Chip Capsule'),
(230, 'Chevalier Saber', '16-02-6a-01', 40, 6, NULL, 3, 1, 14, 8, 292, 2594, 0, 0, 559, 303, 127, NULL, 'Job Gauge Increase boosted 13%', 2, 2, 'Haro Chip Capsule'),
(231, 'Wing Gundam [Pre-Registration Reward]', '17-01-1-01', 41, 1, NULL, 4, 3, 12, 8, 187, 187, 1480, 187, 570, 0, 0, 3, NULL, NULL, NULL, 'Pre-Registration Reward'),
(232, 'Wing Gundam [Pre-Registration Reward]', '17-01-2-01', 41, 2, NULL, 4, 3, 12, 1, 754, 187, 187, 364, 754, 0, 281, 179, NULL, NULL, NULL, 'Pre-Registration Reward'),
(233, 'Wing Gundam [Pre-Registration Reward]', '17-01-3-01', 41, 3, NULL, 4, 3, 12, 8, 570, 364, 187, 187, 754, 81, 201, NULL, 'Melee DMG Output boosted 25', NULL, NULL, 'Pre-Registration Reward'),
(234, 'Wing Gundam [Pre-Registration Reward]', '17-01-4-01', 41, 4, NULL, 4, 3, 12, 13, 364, 187, 187, 364, 754, 281, 201, NULL, 'With Power attribute (self), Long Shot Attack raised 14%', NULL, NULL, 'Pre-Registration Reward'),
(235, 'Wing Gundam [Pre-Registration Reward]', '17-01-5-01', 41, 5, NULL, 4, 3, 12, 13, 364, 187, 187, 364, 754, 201, 281, NULL, 'All-Rounder Job, EX Skill Piercing boosted 22%', NULL, NULL, 'Pre-Registration Reward'),
(236, 'Beam Saber [Wing / Pre-Registration Reward]', '17-01-6a-01', 41, 6, NULL, 4, 3, 12, 13, 570, 1089, 0, 0, 0, 201, 281, NULL, 'Defender Job, Job Gauge Increase boosted 11%', 1, 2, 'Pre-Registration Reward'),
(237, 'Buster Rifle [Pre-Registration Reward]', '17-01-7a-01', 41, 7, NULL, 4, 3, 12, 8, 187, 0, 1864, 0, 0, 81, 201, NULL, 'All-Rounder Job, EX Skill Power boosted 25%', 1, 8, 'Pre-Registration Reward'),
(238, 'Shield [Wing / Pre-Registration Reward]', '17-01-8-01', 41, 8, NULL, 4, 3, 12, 8, 364, 0, 0, 364, 1089, 0, 462, NULL, 'With Technique attribute (self), Sp. Shot DMG taken reduced 15', NULL, NULL, 'Pre-Registration Reward'),
(239, 'Serpent Custom', '18-02-1-01', 42, 1, NULL, 1, 3, 2, 10, 137, 137, 1012, 137, 372, 0, 0, NULL, 'When Armor > 90%, Projectile Speed boosted 10%', NULL, NULL, 'Free Missions, Friend Point Capsule, Capital Shop'),
(240, 'Serpent Custom', '18-02-2-01', 42, 2, NULL, 1, 3, 2, 10, 511, 137, 137, 287, 511, 190, 0, 49, NULL, NULL, NULL, 'Free Missions, Friend Point Capsule, Capital Shop'),
(241, 'Serpent Custom', '18-02-3-01', 42, 3, NULL, 1, 3, 2, 8, 372, 287, 137, 137, 511, 138, 54, 7, NULL, NULL, NULL, 'Free Missions, Friend Point Capsule, Capital Shop'),
(242, 'Serpent Custom', '18-02-4-01', 42, 4, NULL, 1, 3, 2, 8, 287, 137, 137, 287, 511, 138, 190, NULL, 'Long-Shooter Job, Sp. Shot power boosted 10%', NULL, NULL, 'Free Missions, Friend Point Capsule, Capital Shop'),
(243, 'Serpent Custom', '18-02-5-01', 42, 5, NULL, 1, 3, 2, 7, 287, 137, 137, 287, 511, 190, 138, 80, NULL, NULL, NULL, 'Free Missions, Friend Point Capsule, Capital Shop'),
(244, 'Bazooka [Serpent]', '18-02-7d-01', 42, 7, NULL, 1, 3, 2, 7, 137, 0, 1309, 0, 0, 138, 54, NULL, 'With \"Gundam Type\" enemy, Sp. Shot DMG taken reduced 10', 2, 12, 'Free Missions, Friend Point Capsule, Capital Shop'),
(245, 'Beam Cannon [Serpent]', '18-02-7b-01', 42, 7, NULL, 1, 3, 2, 7, 137, 0, 1309, 0, 0, 138, 54, NULL, 'Long-Shooter Job, Shooting DMG Output boosted 10', 1, 10, 'Free Missions, Friend Point Capsule, Capital Shop'),
(246, 'Serpent Custom [Double Gatling Gun]', '18-03-1-01', 43, 1, NULL, 1, 3, 2, 7, 137, 137, 1016, 137, 373, 0, 0, NULL, 'Beam ranged weapon magazine boosted 10%', NULL, NULL, 'Free Missions, Friend Point Capsule, Capital Shop'),
(247, 'Serpent Custom [Double Gatling Gun]', '18-03-2-01', 43, 2, NULL, 1, 3, 2, 7, 511, 137, 137, 287, 511, 110, 110, NULL, 'When Armor > 90%, Melee DMG taken reduced 10', NULL, NULL, 'Free Missions, Friend Point Capsule, Capital Shop'),
(248, 'Serpent Custom [Double Gatling Gun]', '18-03-3-01', 43, 3, NULL, 1, 3, 2, 24, 373, 287, 137, 137, 511, 110, 110, 81, NULL, NULL, NULL, 'Free Missions, Friend Point Capsule, Capital Shop'),
(249, 'Serpent Custom [Double Gatling Gun]', '18-03-4-01', 43, 4, NULL, 1, 3, 2, 24, 287, 137, 137, 287, 511, 138, 138, NULL, 'With Power attribute (self), Sp. Shot Power boosted 10%', NULL, NULL, 'Free Missions, Friend Point Capsule, Capital Shop'),
(250, 'Serpent Custom [Double Gatling Gun]', '18-03-5-01', 43, 5, NULL, 1, 3, 2, 24, 287, 137, 137, 287, 511, 138, 138, NULL, 'With Power attribute (self), Sp. Shot DMG taken reduced 10', NULL, NULL, 'Free Missions, Friend Point Capsule, Capital Shop'),
(251, 'Duel Gundam', '21-05-1-01', 44, 1, NULL, 3, 3, 7, 24, 889, 291, 1701, 291, 291, 302, 126, 82, NULL, NULL, NULL, 'Haro Chip Capsule'),
(252, 'Duel Gundam', '21-05-2-01', 44, 2, NULL, 3, 3, 7, 13, 1433, 291, 558, 558, 558, 428, 0, NULL, 'With Bazooka Category equipped, Sp. Shot Power boosted 25%', NULL, NULL, 'Haro Chip Capsule'),
(253, 'Duel Gundam', '21-05-3-01', 44, 3, NULL, 3, 3, 7, 13, 889, 558, 558, 889, 889, 0, 0, 83, NULL, NULL, NULL, 'Haro Chip Capsule'),
(254, 'Duel Gundam', '21-05-4-01', 44, 4, NULL, 3, 3, 7, 13, 889, 291, 291, 558, 889, 428, 302, NULL, 'When Armor < 40%, 13% chance to not recoil', NULL, NULL, 'Haro Chip Capsule'),
(255, 'Duel Gundam', '21-05-5-01', 44, 5, NULL, 3, 3, 7, 24, 889, 291, 291, 558, 889, 428, 302, 84, NULL, NULL, NULL, 'Haro Chip Capsule'),
(256, '57mm High-Energy Beam Rifle [Duel]', '21-05-7a-01', 44, 7, NULL, 3, 3, 7, 24, 889, 0, 2300, 0, 0, 428, 126, NULL, 'With Speed attribute (self), EX Skill Power boosted 25%', 1, 8, 'Haro Chip Capsule'),
(257, 'Gae Bulg', '21-05-7d-01', 44, 7, NULL, 3, 3, 7, 24, 889, 0, 2300, 0, 0, 428, 126, NULL, 'When Armor < 40%, Enemy Shooting Power reduced 25%', 2, 12, 'Haro Chip Capsule'),
(258, 'Anti-Beam Shield [Duel]', '21-05-8-01', 44, 8, NULL, 3, 3, 7, 23, 889, 0, 0, 558, 1142, 590, 126, 85, NULL, NULL, NULL, 'Haro Chip Capsule'),
(259, 'Aegis Gundam', '21-04-1-01', 45, 1, NULL, 4, 3, 12, 9, 1181, 384, 2380, 384, 384, 213, 417, 82, NULL, NULL, NULL, 'Haro Chip Capsule'),
(260, 'Aegis Gundam', '21-04-2-01', 45, 2, NULL, 4, 3, 12, 9, 1977, 384, 796, 796, 796, 0, 611, NULL, 'When Armor > 40%, Shooting DMG taken reduced 35', NULL, NULL, 'Haro Chip Capsule'),
(261, 'Aegis Gundam', '21-04-3-01', 45, 3, NULL, 4, 3, 12, 9, 1181, 796, 796, 1181, 1181, 0, 0, 86, NULL, NULL, NULL, 'Haro Chip Capsule'),
(262, 'Aegis Gundam', '21-04-4-01', 45, 4, NULL, 4, 3, 12, 13, 1181, 384, 384, 796, 1181, 417, 611, 87, NULL, NULL, NULL, 'Haro Chip Capsule'),
(263, 'Aegis Gundam', '21-04-5-01', 45, 5, NULL, 4, 3, 12, 13, 1181, 384, 384, 796, 1181, 417, 611, NULL, 'When Armor > 40%, Enemy Sp. Shot Power reduced 17%', NULL, NULL, 'Haro Chip Capsule'),
(264, '60mm High-Energy Beam Rifle', '21-04-7a-01', 45, 7, NULL, 4, 3, 12, 25, 1181, 0, 3177, 0, 0, 213, 611, NULL, 'Out-Fighter Job, Enemy Shooting Power reduced 30%', 1, 8, 'Haro Chip Capsule'),
(265, 'Anti-Beam Shield [Aegis]', '21-04-8-01', 45, 8, NULL, 4, 3, 12, 13, 1181, 0, 0, 796, 1602, 213, 806, 88, NULL, NULL, NULL, 'Haro Chip Capsule'),
(266, 'Astray Green Frame', '23-03-1-01', 46, 1, NULL, 2, 1, 9, 26, 570, 187, 364, 570, 187, 201, 81, 82, NULL, NULL, NULL, 'Haro Chip Capsule'),
(267, 'Astray Green Frame', '23-03-2-01', 46, 2, NULL, 2, 1, 9, 26, 754, 187, 187, 754, 365, 281, 0, NULL, 'With Power attribute (self), Debuff EX Skill Effect up 12%', NULL, NULL, 'Haro Chip Capsule'),
(268, 'Astray Green Frame', '23-03-3-01', 46, 3, NULL, 2, 1, 9, 26, 187, 1480, 187, 754, 187, 0, 0, NULL, 'With Power attribute (self), Strong Melee CRIT Rate boosted 14%', NULL, NULL, 'Haro Chip Capsule'),
(269, 'Astray Green Frame', '23-03-4-01', 46, 4, NULL, 2, 1, 9, 23, 364, 187, 187, 754, 364, 201, 281, 89, NULL, NULL, NULL, 'Haro Chip Capsule'),
(270, 'Astray Green Frame', '23-03-5-01', 46, 5, NULL, 2, 1, 9, 23, 364, 187, 187, 754, 364, 281, 201, 4, NULL, NULL, NULL, 'Haro Chip Capsule'),
(271, 'Twin Sword Rifle', '23-03-6d-01', 46, 6, NULL, 2, 1, 9, 6, 187, 1864, 0, 0, 0, 201, 81, 90, NULL, 1, 6, 'Haro Chip Capsule'),
(272, 'Twin Sword Rifle', '23-03-7a-01', 46, 7, NULL, 2, 1, 9, 6, 570, 0, 1089, 0, 0, 281, 201, NULL, 'With Power attribute (self), Sp. Shot Power boosted 18%', 1, 8, 'Haro Chip Capsule');
INSERT INTO `part` (`id`, `name`, `collection_id`, `unit_id`, `part_type_id`, `part_augment_type_id`, `rarity`, `attribute_id`, `word_tag_1_id`, `word_tag_2_id`, `armor`, `melee_attack`, `shot_attack`, `melee_defense`, `shot_defense`, `beam_resistance`, `physical_resistance`, `ex_skill_id`, `trait`, `weapon_type_id`, `weapon_category_id`, `notes`) VALUES
(273, 'Anti-Beam Shield [Green Frame]', '23-03-8-01', 46, 8, NULL, 2, 1, 9, 23, 364, 0, 0, 1089, 364, 462, 0, NULL, 'With Power attribute (self), Strong Melee DMG taken reduced 15', NULL, NULL, 'Haro Chip Capsule'),
(274, 'GN-X', '25-04-1-01', 47, 1, NULL, 2, 2, 3, 7, 363, 186, 569, 569, 569, 0, 200, 91, NULL, NULL, NULL, 'Haro Chip Capsule'),
(275, 'GN-X', '25-04-2-01', 47, 2, NULL, 2, 2, 3, 2, 754, 186, 0, 569, 569, 0, 280, NULL, 'With Technique attribute (self), Buff EX Skill Effect up 12%', NULL, NULL, 'Haro Chip Capsule'),
(276, 'GN-X', '25-04-3-01', 47, 3, NULL, 2, 2, 3, 2, 363, 569, 186, 569, 569, 80, 200, 92, NULL, NULL, NULL, 'Haro Chip Capsule'),
(277, 'GN-X', '25-04-4-01', 47, 4, NULL, 2, 2, 3, 7, 363, 186, 186, 754, 754, 200, 80, 93, NULL, NULL, NULL, 'Haro Chip Capsule'),
(278, 'GN-X', '25-04-5-01', 47, 5, NULL, 2, 2, 3, 26, 363, 186, 186, 754, 754, 80, 200, NULL, 'Beam ranged weapon magazine boosted 14%', NULL, NULL, 'Haro Chip Capsule'),
(279, 'GN Beam Saber [GN-X]', '25-04-6a-01', 47, 6, NULL, 2, 2, 3, 26, 363, 754, 0, 363, 363, 200, 280, NULL, '10% chance of attacks penetrating super armor', 1, 2, 'Haro Chip Capsule'),
(280, 'GN Beam Rifle [GN-X / Long Barrel]', '25-04-7b-01', 47, 7, NULL, 2, 2, 3, 26, 363, 0, 754, 363, 363, 200, 280, 18, NULL, 1, 10, 'Haro Chip Capsule'),
(281, 'GN Beam Rifle [GN-X]', '25-04-7a-01', 47, 7, NULL, 2, 2, 3, 21, 363, 0, 754, 363, 363, 200, 280, 62, NULL, 1, 8, 'Haro Chip Capsule'),
(282, 'GN Shield [GN-X]', '25-04-8-01', 47, 8, NULL, 2, 2, 3, 26, 0, 0, 0, 940, 940, 80, 371, 94, NULL, NULL, NULL, 'Haro Chip Capsule'),
(283, 'GN-XIII', '25-05-1-01', 48, 1, NULL, 2, 3, 2, 22, 570, 187, 1089, 187, 187, 81, 201, 95, NULL, NULL, NULL, 'Haro Chip Capsule'),
(284, 'GN-XIII', '25-05-2-01', 48, 2, NULL, 2, 3, 2, 6, 942, 187, 364, 364, 364, 0, 281, NULL, 'With Speed attribute (self), Buff EX Skill Time up 12%', NULL, NULL, 'Haro Chip Capsule'),
(285, 'GN-XIII', '25-05-3-01', 48, 3, NULL, 2, 3, 2, 22, 570, 364, 364, 570, 570, 0, 0, 96, NULL, NULL, NULL, 'Haro Chip Capsule'),
(286, 'GN-XIII', '25-05-4-01', 48, 4, NULL, 2, 3, 2, 8, 570, 187, 187, 364, 570, 201, 281, 93, NULL, NULL, NULL, 'Haro Chip Capsule'),
(287, 'GN-XIII', '25-05-5-01', 48, 5, NULL, 2, 3, 2, 8, 570, 187, 187, 364, 570, 201, 281, NULL, 'Beam ranged weapon magazine boosted 14%', NULL, NULL, 'Haro Chip Capsule'),
(288, 'GN Beam Saber [GN-XIII]', '25-05-6a-01', 48, 6, NULL, 2, 3, 2, 6, 570, 1089, 0, 0, 187, 81, 201, 97, NULL, 1, 2, 'Haro Chip Capsule'),
(289, 'GN Lance', '25-05-6d-01', 48, 6, NULL, 2, 3, 2, 6, 570, 1089, 0, 0, 187, 81, 201, 98, NULL, 2, 6, 'Haro Chip Capsule'),
(290, 'GN Bazooka [GN-XIII]', '25-05-7d-01', 48, 7, NULL, 2, 3, 2, 22, 570, 0, 1480, 0, 0, 81, 281, NULL, 'When attacking with Beam, Sp. Shot DMG Output boosted 15 ', 1, 12, 'Haro Chip Capsule'),
(291, 'GN Beam Rifle [GN-XII/Long Barrel]', '25-05-7b-01', 48, 7, NULL, 2, 3, 2, 22, 570, 0, 1480, 0, 0, 81, 281, 18, NULL, 1, 10, 'Haro Chip Capsule'),
(292, 'GN Beam Rifle [GN-XIII]', '25-05-7a-01', 48, 7, NULL, 2, 3, 2, 22, 570, 0, 1480, 0, 0, 81, 281, NULL, 'In-Fighter Job, Shooting DMG taken reduced 15', 1, 8, 'Haro Chip Capsule'),
(293, 'GN Lance [Rifle Mode]', '25-05-7a-02', 48, 7, NULL, 2, 3, 2, 22, 570, 0, 1480, 0, 0, 81, 281, NULL, 'With Speed attribute (self), Strong Melee DMG taken reduced 15', 1, 8, 'Haro Chip Capsule'),
(294, 'GN-Shield [GN-XIII]', '25-05-8-01', 48, 8, NULL, 2, 3, 2, 22, 570, 0, 0, 364, 754, 81, 371, 76, NULL, NULL, NULL, 'Haro Chip Capsule'),
(295, 'GN Archer', '25-03-1-01', 49, 1, NULL, 2, 3, 12, 7, 365, 187, 1278, 365, 187, 81, 0, 22, NULL, NULL, NULL, 'Haro Chip Capsule'),
(296, 'GN Archer', '25-03-2-01', 49, 2, NULL, 2, 3, 12, 7, 591, 187, 187, 757, 365, 282, 0, NULL, 'Supporter Job, Debuff EX Skill Effect up 12%', NULL, NULL, 'Haro Chip Capsule'),
(297, 'GN Archer', '25-03-3-01', 49, 3, NULL, 2, 3, 12, 15, 365, 943, 187, 571, 365, 0, 0, 99, NULL, NULL, NULL, 'Haro Chip Capsule'),
(298, 'GN Archer', '25-03-4-01', 49, 4, NULL, 2, 3, 12, 15, 365, 187, 365, 571, 187, 282, 202, 93, NULL, NULL, NULL, 'Haro Chip Capsule'),
(299, 'GN Archer', '25-03-5-01', 49, 5, NULL, 2, 3, 12, 15, 365, 187, 187, 757, 187, 282, 202, 100, NULL, NULL, NULL, 'Haro Chip Capsule'),
(300, 'Gundam AGE-1 Titus', '26-02-1-01', 50, 1, NULL, 3, 1, 10, 13, 559, 292, 891, 891, 891, 127, 127, 51, NULL, NULL, NULL, 'Haro Chip Capsule'),
(301, 'Gundam AGE-1 Titus', '26-02-2-01', 50, 2, NULL, 3, 1, 10, 13, 1145, 292, 0, 891, 891, 214, 214, NULL, 'When attack with Physical, Strong Melee Power boosted 25%', NULL, NULL, 'Haro Chip Capsule'),
(302, 'Gundam AGE-1 Titus', '26-02-3-01', 50, 3, NULL, 3, 1, 10, 6, 559, 891, 292, 891, 891, 127, 127, 101, NULL, NULL, NULL, 'Haro Chip Capsule'),
(303, 'Gundam AGE-1 Titus', '26-02-4-01', 50, 4, NULL, 3, 1, 10, 6, 559, 292, 292, 1145, 1145, 214, 214, 102, NULL, NULL, NULL, 'Haro Chip Capsule'),
(304, 'Gundam AGE-1 Titus', '26-02-5-01', 50, 5, NULL, 3, 1, 10, 6, 559, 292, 292, 1145, 1145, 214, 214, NULL, 'When attacking with Physical, Melee Power boosted 25%', NULL, NULL, 'Haro Chip Capsule'),
(305, 'Gafran', '26-03-1-01', 51, 1, NULL, 2, 1, 2, 6, 364, 187, 187, 757, 757, 139, 139, NULL, 'With Module Category equipped, Close Shot Attack raised 10%', NULL, NULL, 'Haro Chip Capsule'),
(306, 'Gafran', '26-03-2-01', 51, 2, NULL, 2, 1, 2, 7, 757, 187, 0, 570, 570, 139, 139, 103, NULL, NULL, NULL, 'Haro Chip Capsule'),
(307, 'Gafran', '26-03-3-01', 51, 3, NULL, 2, 1, 2, 7, 364, 570, 187, 570, 570, 81, 81, 4, NULL, NULL, NULL, 'Haro Chip Capsule'),
(308, 'Gafran', '26-03-4-01', 51, 4, NULL, 2, 1, 2, 7, 364, 187, 187, 757, 757, 139, 139, NULL, 'With Module Category equipped, EX Skill Recovery boosted 18%', NULL, NULL, 'Haro Chip Capsule'),
(309, 'Gafran', '26-03-5-01', 51, 5, NULL, 2, 1, 2, 6, 364, 187, 187, 757, 757, 139, 139, 104, NULL, NULL, NULL, 'Haro Chip Capsule'),
(310, 'Zudah', '37-02-1-01', 52, 1, NULL, 1, 2, 9, 8, 372, 137, 287, 372, 137, 138, 54, NULL, 'Long Rifle', NULL, NULL, 'Free Missions, Friend Point Capsule, Capital Shop'),
(311, 'Zudah', '37-02-2-01', 52, 2, NULL, 1, 2, 9, 8, 511, 137, 137, 511, 287, 190, 0, NULL, 'When Armor < 50%, Debuff EX Skill Effect up 10%', NULL, NULL, 'Free Missions, Friend Point Capsule, Capital Shop'),
(312, 'Zudah', '37-02-3-01', 52, 3, 8, 1, 2, 9, 20, 372, 1012, 137, 1309, 372, 319, 0, 105, NULL, NULL, NULL, 'Free Missions, Friend Point Capsule, Capital Shop'),
(313, 'Zudah', '37-02-4-01', 52, 4, NULL, 1, 2, 9, 20, 287, 137, 137, 511, 287, 138, 190, 65, NULL, NULL, NULL, 'Free Missions, Friend Point Capsule, Capital Shop'),
(314, 'Zudah', '37-02-5-01', 52, 5, NULL, 1, 2, 9, 20, 287, 137, 137, 511, 287, 190, 138, 106, NULL, NULL, NULL, 'Free Missions, Friend Point Capsule, Capital Shop'),
(315, 'Anti-Ship Rifle', '37-02-7b-01', 52, 7, NULL, 1, 2, 9, 8, 372, 0, 797, 0, 0, 190, 138, NULL, 'With Technique attribute (self), Enemy Shooting Power reduced 10%', 2, 10, 'Friend Point Capsule & Capital Shop'),
(316, 'Zudah [Commander Type]', '37-01-1-01', 53, 1, NULL, 2, 3, 5, 20, 570, 187, 364, 570, 187, 201, 81, 107, NULL, NULL, NULL, 'Haro Chip Capsule'),
(317, 'Zudah [Commander Type]', '37-01-2-01', 53, 2, NULL, 2, 3, 5, 20, 754, 187, 187, 754, 364, 281, 0, NULL, 'When Armor < 50%, EX Skill Piercing boosted 15%', NULL, NULL, 'Haro Chip Capsule'),
(318, 'Zudah [Commander Type]', '37-01-3-01', 53, 3, 8, 2, 3, 5, 20, 570, 1480, 187, 1864, 570, 462, 0, 105, NULL, NULL, NULL, 'Haro Chip Capsule'),
(319, 'Zudah [Commander Type]', '37-01-4-01', 53, 4, NULL, 2, 3, 9, 5, 364, 187, 187, 754, 364, 201, 281, 108, NULL, NULL, NULL, 'Haro Chip Capsule'),
(320, 'Zudah [Commander Type]', '37-01-5-01', 53, 5, NULL, 2, 3, 5, 9, 364, 187, 187, 754, 364, 281, 201, 106, NULL, NULL, NULL, 'Haro Chip Capsule'),
(321, 'Jesta', '12-01-1-01', 54, 1, NULL, 2, 2, 2, 19, 364, 186, 1089, 364, 364, 80, 80, 63, NULL, NULL, NULL, 'Haro Chip Capsule'),
(322, 'Jesta', '12-01-2-01', 54, 2, NULL, 2, 2, 2, 19, 754, 186, 186, 569, 569, 138, 138, NULL, 'With Technique attribute (self), EX Skill Piercing boosted 16%', NULL, NULL, 'Haro Chip Capsule'),
(323, 'Jesta', '12-01-3-01', 54, 3, NULL, 2, 2, 2, 19, 364, 1089, 186, 569, 569, 0, 0, NULL, 'When Armor > 70%, Melee DMG taken reduced 15', NULL, NULL, 'Haro Chip Capsule'),
(324, 'Jesta', '12-01-4-01', 54, 4, NULL, 2, 2, 2, 15, 364, 186, 186, 569, 569, 208, 252, 17, NULL, NULL, NULL, 'Haro Chip Capsule'),
(325, 'Jesta', '12-01-5-01', 54, 5, NULL, 2, 2, 2, 15, 364, 186, 186, 569, 569, 282, 208, 109, NULL, NULL, NULL, 'Haro Chip Capsule'),
(326, 'Beam Rifle [Jesta]', '12-01-7a-01', 54, 7, NULL, 2, 2, 2, 15, 364, 0, 1480, 0, 0, 201, 201, NULL, 'With Technique attribute (self), Sp. Shot CRIT Rate boosted 14%', 1, 8, 'Haro Chip Capsule'),
(327, 'Jesta Cannon', '12-02-1-01', 55, 1, NULL, 2, 1, 8, 15, 187, 187, 1480, 187, 570, 0, 0, NULL, 'When Armor > 70%, Close Shot Attacked raised 10%', NULL, NULL, 'Haro Chip Capsule'),
(328, 'Jesta Cannon', '12-02-2-01', 55, 2, NULL, 2, 1, 8, 15, 754, 187, 187, 364, 754, 281, 0, NULL, 'With Power attribute (self), Enemy Strong Melee Power Reduced 18%', NULL, NULL, 'Haro Chip Capsule'),
(329, 'Jesta Cannon', '12-02-3-01', 55, 3, NULL, 2, 1, 8, 19, 570, 364, 187, 187, 754, 201, 81, NULL, 'Middle-Shooter Job, Sp. Shot Power boosted 18%', NULL, NULL, 'Haro Chip Capsule'),
(330, 'Jesta Cannon', '12-02-4-01', 55, 4, NULL, 2, 1, 8, 19, 364, 187, 187, 364, 754, 201, 281, 17, NULL, NULL, NULL, 'Haro Chip Capsule'),
(331, 'Jesta Cannon', '12-02-5-01', 55, 5, NULL, 2, 1, 8, 19, 364, 187, 187, 364, 754, 281, 201, 110, NULL, NULL, NULL, 'Haro Chip Capsule'),
(332, 'Beam Rifle [Jesta Cannon]', '12-02-7c-01', 55, 7, NULL, 2, 1, 8, 15, 187, 0, 1864, 0, 0, 201, 81, NULL, 'With Machine Gun Category equipped, Sp. Shot DMG Output boosted 15', 1, 9, 'Haro Chip Capsule'),
(333, 'Stark Jegan', '12-03-1-01', 56, 1, NULL, 1, 3, 5, 8, 287, 138, 902, 287, 138, 55, 0, 63, NULL, NULL, NULL, 'Free Missions, Friend Point Capsule, Capital Shop'),
(334, 'Stark Jegan', '12-03-2-01', 56, 2, NULL, 1, 3, 5, 8, 376, 138, 138, 511, 287, 194, 0, NULL, 'Middle-Shooter Job, Strong Melee DMG Output boosted 10', NULL, NULL, 'Free Missions, Friend Point Capsule, Capital Shop'),
(335, 'Stark Jegan', '12-03-3-01', 56, 3, NULL, 1, 3, 5, 15, 287, 641, 138, 376, 287, 0, 0, 111, NULL, NULL, NULL, 'Free Missions, Friend Point Capsule, Capital Shop'),
(336, 'Stark Jegan', '12-03-4-01', 56, 4, NULL, 1, 3, 5, 15, 287, 138, 287, 376, 138, 194, 138, 112, NULL, NULL, NULL, 'Free Missions, Friend Point Capsule, Capital Shop'),
(337, 'Stark Jegan', '12-03-5-01', 56, 5, NULL, 1, 3, 5, 19, 287, 138, 138, 511, 138, 194, 138, NULL, 'Middle-Shooter Job, Sp. Shot DMG taken reduced 10', NULL, NULL, 'Free Missions, Friend Point Capsule, Capital Shop'),
(338, 'Beam Rifle [Stark Jegan]', '12-03-7a-01', 56, 7, NULL, 1, 3, 5, 7, 138, 0, 1154, 287, 0, 138, 55, NULL, 'Long-Shooter Job, Shooting DMG Output boosted 10', 1, 8, 'Free Missions, Friend Point Capsule, Capital Shop'),
(339, 'Hyper Bazooka [Stark Jegan]', '12-03-7d-01', 56, 7, NULL, 1, 3, 5, 7, 138, 0, 1154, 287, 0, 138, 55, NULL, 'Middle-Shooter Job, Shooting DMG Output boosted 10', 2, 12, 'Free Missions, Friend Point Capsule, Capital Shop'),
(340, 'Dreissen [Unicorn Ver.]', '12-04-1-01', 57, 1, NULL, 1, 1, 11, 17, 373, 137, 287, 373, 137, 110, 110, NULL, 'Physical ranged weapon, reload speed boosted 10%', NULL, NULL, 'Free Missions, Friend Point Capsule, Capital Shop'),
(341, 'Dreissen [Unicorn Ver.]', '12-04-2-01', 57, 2, NULL, 1, 1, 11, 17, 511, 137, 137, 511, 287, 110, 110, NULL, 'EX Skill Piercing boosted 15%', NULL, NULL, 'Free Missions, Friend Point Capsule, Capital Shop'),
(342, 'Dreissen [Unicorn Ver.]', '12-04-3-01', 57, 3, NULL, 1, 1, 11, 23, 137, 1016, 137, 511, 137, 0, 0, 113, NULL, NULL, NULL, 'Free Missions, Friend Point Capsule, Capital Shop'),
(343, 'Dreissen [Unicorn Ver.]', '12-04-4-01', 57, 4, NULL, 1, 1, 11, 23, 287, 137, 137, 511, 287, 138, 110, NULL, 'Middle-Shooter Job, Sp. Shot DMG Output boosted 10', NULL, NULL, 'Free Missions, Friend Point Capsule, Capital Shop'),
(344, 'Dreissen [Unicorn Ver.]', '12-04-5-01', 57, 5, NULL, 1, 1, 11, 23, 287, 137, 137, 511, 287, 110, 138, 114, NULL, NULL, NULL, 'Free Missions, Friend Point Capsule, Capital Shop'),
(345, 'Beam Tomahawk [Dreissen]', '12-04-6b-01', 57, 6, NULL, 1, 1, 11, 6, 137, 1310, 0, 0, 0, 138, 138, 115, NULL, 1, 1, 'Free Missions, Friend Point Capsule, Capital Shop'),
(346, 'Giant Bazooka [Dreissen]', '12-04-7d-01', 57, 7, NULL, 1, 1, 11, 17, 373, 0, 798, 0, 0, 143, 143, NULL, 'With Bazooka Category equipped, Shooting DMG Output boosted 10%', 2, 12, 'Free Missions, Friend Point Capsule, Capital Shop'),
(347, 'Byarlant Custom', '12-05-1-01', 58, 1, NULL, 2, 1, 9, 8, 187, 187, 1480, 187, 570, 0, 0, 116, NULL, NULL, NULL, 'Haro Chip Capsule'),
(348, 'Byarlant Custom', '12-05-2-01', 58, 2, NULL, 2, 1, 8, 25, 754, 187, 187, 364, 754, 0, 281, NULL, 'With Module Category equipped, Buff EX Skill Effect up 12%', NULL, NULL, 'Haro Chip Capsule'),
(349, 'Byarlant Custom', '12-05-3-01', 58, 3, NULL, 2, 1, 8, 9, 570, 364, 187, 187, 754, 81, 201, 117, NULL, NULL, NULL, 'Haro Chip Capsule'),
(350, 'Byarlant Custom', '12-05-4-01', 58, 4, NULL, 2, 1, 9, 8, 364, 187, 187, 364, 754, 281, 201, 55, NULL, NULL, NULL, 'Haro Chip Capsule'),
(351, 'Byarlant Custom', '12-05-5-01', 58, 5, NULL, 2, 1, 8, 16, 364, 187, 187, 364, 754, 201, 281, 118, NULL, NULL, NULL, 'Haro Chip Capsule'),
(352, 'Juaggu [Unicorn Ver.]', '12-06-1-01', 59, 1, NULL, 1, 3, 4, 8, 372, 137, 797, 137, 137, 138, 54, NULL, 'When Armor > 90%, Projectile Speed boosted 10%', NULL, NULL, 'Free Missions, Friend Point Capsule, Capital Shop'),
(353, 'Juaggu [Unicorn Ver.]', '12-06-2-01', 59, 2, NULL, 1, 3, 4, 8, 640, 137, 287, 287, 287, 190, 0, 119, NULL, NULL, NULL, 'Free Missions, Friend Point Capsule, Capital Shop'),
(354, 'Juaggu [Unicorn Ver.]', '12-06-3-01', 59, 3, NULL, 1, 3, 4, 15, 372, 287, 287, 372, 372, 0, 0, 120, NULL, NULL, NULL, 'Free Missions, Friend Point Capsule, Capital Shop'),
(355, 'Juaggu [Unicorn Ver.]', '12-06-4-01', 59, 4, NULL, 1, 3, 4, 15, 372, 137, 137, 287, 372, 190, 138, 121, NULL, NULL, NULL, 'Free Missions, Friend Point Capsule, Capital Shop'),
(356, 'Juaggu [Unicorn Ver.]', '12-06-5-01', 59, 5, NULL, 1, 3, 4, 15, 372, 137, 137, 287, 372, 190, 138, NULL, 'When Armor > 90%, Vernier Consumption reduced 10%', NULL, NULL, 'Free Missions, Friend Point Capsule, Capital Shop'),
(357, 'Gundam Barbatos [4th Form]', '28-01-1-01', 60, 1, NULL, 4, 1, 1, 23, 799, 384, 1979, 384, 1182, 420, 213, NULL, 'With Power attribute (self), Close Shot Attack raised 20%', NULL, NULL, 'Haro Chip Capsule'),
(358, 'Gundam Barbatos [4th Form]', '28-01-2-01', 60, 2, NULL, 4, 1, 1, 23, 1182, 799, 384, 799, 1606, 612, 0, 38, NULL, NULL, NULL, 'Haro Chip Capsule'),
(359, 'Gundam Barbatos [4th Form]', '28-01-3-01', 60, 3, NULL, 4, 1, 1, 6, 799, 2786, 384, 799, 1182, 0, 0, NULL, 'In-Fighter Job, Melee Power boosted 30%', NULL, NULL, 'Haro Chip Capsule'),
(360, 'Gundam Barbatos [4th Form]', '28-01-4-01', 60, 4, NULL, 4, 1, 1, 6, 799, 384, 384, 384, 1182, 612, 420, 108, NULL, NULL, NULL, 'Haro Chip Capsule'),
(361, 'Gundam Barbatos [4th Form]', '28-01-5-01', 60, 5, NULL, 4, 1, 1, 6, 779, 384, 384, 384, 1182, 612, 420, NULL, 'With Power attribute (self), Melee DMG Output boosted by 35', NULL, NULL, 'Haro Chip Capsule'),
(362, 'Long Sword [Barbatos]', '28-01-6a-01', 60, 6, NULL, 4, 1, 1, 21, 384, 3586, 0, 0, 799, 420, 213, NULL, 'In-Fighter Job, Melee CRIT Rate boosted 30%', 2, 2, 'Haro Chip Capsule'),
(363, 'Mace', '28-01-6d-01', 60, 6, NULL, 4, 1, 21, 1, 384, 3586, 0, 0, 799, 420, 213, 122, NULL, 2, 6, 'Haro Chip Capsule'),
(364, 'Smoothbore Cannon', '28-01-7b-01', 60, 7, NULL, 4, 1, 1, 21, 799, 0, 1979, 0, 799, 612, 213, NULL, 'With Power attribute (self), Close Shot Attack raised 20%', 2, 10, 'Haro Chip Capsule'),
(365, 'Beargguy', '31-02-1-01', 61, 1, NULL, 3, 1, 4, 26, 1144, 292, 891, 558, 558, 302, 0, 123, NULL, NULL, NULL, 'Haro Chip Capsule'),
(366, 'Beargguy', '31-02-2-01', 61, 2, 4, 3, 1, 4, 24, 2593, 558, 558, 1435, 1435, 592, 430, NULL, 'With Module Category equipped, Buff EX Skill Effect up 15%', NULL, NULL, 'Haro Chip Capsule'),
(367, 'Beargguy', '31-02-3-01', 61, 3, NULL, 3, 1, 4, 24, 891, 891, 292, 891, 891, 127, 0, 117, NULL, NULL, NULL, 'Haro Chip Capsule'),
(368, 'Beargguy', '31-02-5-01', 61, 5, NULL, 3, 1, 4, 26, 891, 292, 292, 891, 891, 430, 127, 124, NULL, NULL, NULL, 'Haro Chip Capsule'),
(369, 'Nu Gundam [Ver. Ka]', '16-05-1-01', 62, 1, NULL, 4, 3, 20, 3, 553, 553, 3312, 553, 1356, 0, 0, NULL, 'When attacking with Beam, EX Skill Power boosted 30%', NULL, NULL, 'Haro Chip Capsule'),
(370, 'Nu Gundam [Ver. Ka]', '16-05-2-01', 62, 2, NULL, 4, 3, 20, 3, 1734, 553, 553, 966, 1734, 0, 673, NULL, 'When attacking with Beam, Shooting Power boosted 30%', NULL, NULL, 'Haro Chip Capsule'),
(371, 'Nu Gundam [Ver. Ka]', '16-05-3-01', 62, 3, NULL, 4, 3, 20, 3, 1356, 966, 553, 553, 1734, 284, 465, 125, NULL, NULL, NULL, 'Haro Chip Capsule'),
(372, 'Nu Gundam [Ver. Ka]', '16-05-4-01', 62, 4, NULL, 4, 3, 20, 13, 966, 553, 553, 966, 1734, 673, 465, NULL, 'When Armor > 40%, EX Skill CD reduced 20%', NULL, NULL, 'Haro Chip Capsule'),
(373, 'Nu Gundam [Ver. Ka]', '16-05-5-01', 62, 5, NULL, 4, 3, 20, 13, 966, 553, 553, 966, 1734, 465, 673, 126, NULL, NULL, NULL, 'Haro Chip Capsule'),
(374, 'Beam Saber [Nu Ver.Ka]', '16-05-6a-01', 62, 6, NULL, 4, 3, 20, 3, 1356, 2523, 0, 0, 0, 465, 673, NULL, 'With Speed attribute (self), Strong Melee Power boosted 30%', 1, 2, 'Haro Chip Capsule'),
(375, 'Beam Rifle [Nu Ver.Ka]', '16-05-7a-01', 62, 7, NULL, 4, 3, 20, 3, 553, 0, 4110, 0, 0, 284, 465, NULL, 'When Armor > 40%, Enemy Strong Melee Power Reduced 30%', 1, 8, 'Haro Chip Capsule'),
(376, 'New Hyper Bazooka [Nu Ver.Ka]', '16-05-7d-01', 62, 7, NULL, 4, 3, 20, 3, 553, 0, 4110, 0, 0, 284, 465, 127, NULL, 2, 12, 'Haro Chip Capsule'),
(377, 'Shield [Nu Ver.Ka]', '16-05-8-01', 62, 8, NULL, 4, 3, 20, 3, 966, 0, 0, 966, 2523, 0, 1082, NULL, 'With Rifle Category equipped, Enemy Shooting Power reduced 30%', NULL, NULL, 'Haro Chip Capsule'),
(378, 'Gundam Artemis', '99-01-1-01', 63, 1, NULL, 2, 1, 1, 10, 796, 383, 2378, 796, 796, 417, 0, 128, NULL, NULL, NULL, 'Friend Point Capsule & Capital Shop'),
(379, 'Gundam Artemis', '99-01-2-01', 63, 2, NULL, 2, 1, 1, 10, 1601, 383, 383, 1180, 1180, 610, 0, 129, NULL, NULL, NULL, 'Friend Point Capsule & Capital Shop'),
(380, 'Gundam Artemis', '99-01-3-01', 63, 3, 8, 2, 1, 1, 10, 1601, 2378, 383, 2781, 2781, 417, 417, 130, NULL, NULL, NULL, 'Friend Point Capsule & Capital Shop'),
(381, 'Gundam Artemis', '99-01-4-01', 63, 4, NULL, 2, 1, 1, 26, 796, 383, 383, 1180, 1180, 610, 417, NULL, '11% chance to not recoil', NULL, NULL, 'Friend Point Capsule & Capital Shop'),
(382, 'Gundam Artemis', '99-01-5-01', 63, 5, NULL, 2, 1, 1, 26, 796, 383, 383, 1180, 1180, 610, 417, NULL, 'Buff EX Skill Effect up 12%', NULL, NULL, 'Friend Point Capsule & Capital Shop'),
(383, 'Arondight [Artemis]', '99-01-6c-01', 63, 6, NULL, 2, 1, 1, 10, 796, 3175, 0, 0, 0, 610, 212, NULL, 'Melee DMG Output boosted 15', 1, 5, 'Friend Point Capsule & Capital Shop'),
(384, 'Beam Rifle [Artemis]', '99-01-7a-01', 63, 7, NULL, 2, 1, 1, 10, 796, 0, 3175, 0, 0, 610, 212, NULL, 'Shooting DMG Output boosted 15', 1, 8, 'Friend Point Capsule & Capital Shop'),
(385, 'Rising Gundam', '16-02-1-01', 64, 1, NULL, 3, 3, 14, 8, 889, 291, 558, 889, 291, 126, 302, 3, NULL, NULL, NULL, 'Bullseye Coins (Event)'),
(386, 'Rising Gundam', '16-02-2-01', 64, 2, NULL, 3, 3, 14, 8, 1142, 291, 291, 1142, 558, 0, 428, NULL, 'Strong Melee Power boosted 20%', NULL, NULL, 'Bullseye Coins (Event)'),
(387, 'Rising Gundam', '16-02-3-01', 64, 3, NULL, 3, 3, 14, 13, 291, 2300, 291, 1142, 291, 0, 0, 131, NULL, NULL, NULL, 'Bullseye Coins (Event)'),
(388, 'Rising Gundam', '16-02-4-01', 64, 4, NULL, 3, 3, 14, 13, 558, 291, 291, 1142, 558, 428, 302, NULL, 'Shooting CRIT Rate boosted 17%', NULL, NULL, 'Bullseye Coins (Event)'),
(389, 'Rising Gundam', '16-02-5-01', 64, 5, NULL, 3, 3, 14, 8, 558, 291, 291, 1142, 558, 302, 428, 37, NULL, NULL, NULL, 'Bullseye Coins (Event)'),
(390, 'Mobile SUMO [Gold Type]', '20-01-1-01', 65, 1, NULL, 3, 3, 3, 11, 558, 292, 1993, 292, 292, 302, 127, 34, NULL, NULL, NULL, 'Arena Coins'),
(391, 'Mobile SUMO [Gold Type]', '20-01-2-01', 65, 2, NULL, 3, 3, 3, 11, 1144, 558, 558, 558, 558, 430, 0, NULL, 'When Armor < 40%, 10% chance to survive a fatal blow', NULL, NULL, 'Arena Coins'),
(392, 'Mobile SUMO [Gold Type]', '20-01-3-01', 65, 3, NULL, 3, 3, 3, 11, 558, 1993, 891, 292, 292, 0, 0, 132, NULL, NULL, NULL, 'Arena Coins'),
(393, 'Mobile SUMO [Gold Type]', '20-01-4-01', 65, 4, NULL, 3, 3, 3, 7, 558, 558, 292, 558, 558, 302, 430, 133, NULL, NULL, NULL, 'Arena Coins'),
(394, 'Mobile SUMO [Gold Type]', '20-01-5-01', 65, 5, NULL, 3, 3, 3, 24, 558, 558, 292, 558, 558, 430, 302, NULL, 'When Armor > 60%, EX Skill Piercing boosted 22%', NULL, NULL, 'Arena Coins'),
(395, 'Heat Fan', '20-01-6b-01', 65, 6, NULL, 3, 3, 3, 24, 292, 2593, 0, 0, 0, 430, 302, 134, NULL, 2, 1, 'Arena Coins'),
(396, 'Hand Beam Gun', '20-01-7a-01', 65, 7, NULL, 3, 3, 3, 7, 292, 0, 2593, 0, 0, 302, 127, NULL, 'When Armor > 60%, Shooting DMG Output boosted 20', 1, 8, 'Arena Coins'),
(397, 'Gundam Exia', '25-01-1-01', 66, 1, NULL, 4, 3, 13, 6, 1181, 384, 796, 1181, 384, 213, 417, 22, NULL, NULL, NULL, 'Haro Chip Capsule'),
(398, 'Gundam Exia', '25-01-2-01', 66, 2, NULL, 4, 3, 13, 6, 1602, 384, 384, 1602, 796, 0, 611, NULL, 'In-Fighter Job, EX Skill CD reduced 20%', NULL, NULL, 'Haro Chip Capsule'),
(399, 'Gundam Exia', '25-01-3-01', 66, 3, NULL, 4, 3, 13, 6, 384, 3177, 384, 1602, 384, 0, 0, 135, NULL, NULL, NULL, 'Haro Chip Capsule'),
(400, 'Gundam Exia', '25-01-4-01', 66, 4, NULL, 4, 3, 13, 9, 796, 384, 384, 1602, 796, 611, 417, 136, NULL, NULL, NULL, 'Haro Chip Capsule'),
(401, 'Gundam Exia', '25-01-5-01', 66, 5, NULL, 4, 3, 13, 25, 796, 384, 384, 1602, 796, 417, 611, 137, NULL, NULL, NULL, 'Haro Chip Capsule'),
(402, 'GN Sword', '25-01-6a-01', 66, 6, NULL, 4, 3, 13, 6, 1181, 2380, 0, 0, 384, 417, 213, NULL, 'With Speed attribute (self), Initial EX Skill Charge boosted 20%', 2, 2, 'Haro Chip Capsule'),
(403, 'GN Sword Rifle Mode', '25-01-7a-01', 66, 7, NULL, 4, 3, 13, 6, 1181, 0, 3177, 0, 0, 611, 213, NULL, 'When Armor > 40%, Enemy Strong Melee Power Reduced 30%', 1, 8, 'Haro Chip Capsule'),
(404, 'GN Shield [Exia]', '25-01-8-01', 66, 8, NULL, 4, 3, 13, 6, 796, 0, 0, 2380, 796, 0, 1028, NULL, 'When Armor > 40%, EX Skill DMG output boosted by 35', NULL, NULL, 'Haro Chip Capsule'),
(405, 'Gundam Dynames', '25-02-1-01', 67, 1, NULL, 4, 2, 8, 13, 384, 384, 3181, 384, 1182, 0, 0, 138, NULL, NULL, NULL, 'Haro Chip Capsule'),
(406, 'Gundam Dynames', '25-02-2-01', 67, 2, NULL, 4, 2, 8, 21, 1606, 384, 384, 799, 1606, 290, 290, NULL, 'Long-Shooter Job, Shooting Power boosted 30%', NULL, NULL, 'Haro Chip Capsule'),
(407, 'Gundam Dynames', '25-02-3-01', 67, 3, NULL, 4, 2, 8, 10, 1182, 799, 384, 384, 1606, 290, 290, NULL, 'Long-Shooter Job, Shot Guidance boosted 17%', NULL, NULL, 'Haro Chip Capsule'),
(408, 'Gundam Dynames', '25-02-4-01', 67, 4, NULL, 4, 2, 8, 21, 799, 384, 384, 799, 1606, 420, 420, 139, NULL, NULL, NULL, 'Haro Chip Capsule'),
(409, 'Gundam Dynames', '25-02-5-01', 67, 5, NULL, 4, 2, 8, 13, 799, 384, 384, 799, 1606, 420, 420, 140, NULL, NULL, NULL, 'Haro Chip Capsule'),
(410, 'GN Sniper Rifle', '25-02-7b-01', 67, 7, NULL, 4, 2, 8, 10, 384, 0, 4004, 0, 0, 290, 290, NULL, 'Beam ranged weapon reload speed boosted 20%', 1, 10, 'Haro Chip Capsule'),
(411, 'Gundam X Divider', '19-02-1-01', 68, 1, NULL, 4, 1, 7, 13, 1181, 384, 1181, 1181, 797, 418, 213, 141, NULL, NULL, NULL, 'Haro Chip Capsule'),
(412, 'Gundam X Divider', '19-02-2-01', 68, 2, NULL, 4, 1, 7, 13, 1978, 384, 384, 797, 797, 611, 0, NULL, 'With Blade Category equipped, Strong Melee Power boosted 30%', NULL, NULL, 'Haro Chip Capsule'),
(413, 'Gundam X Divider', '19-02-3-01', 68, 3, NULL, 4, 1, 7, 10, 797, 1181, 384, 1181, 1181, 213, 0, NULL, 'Out-Fighter Job, Enemy Shooting Power reduced 30%', NULL, NULL, 'Haro Chip Capsule'),
(414, 'Gundam X Divider', '19-02-4-01', 68, 4, NULL, 4, 1, 7, 21, 1181, 384, 384, 1605, 384, 611, 213, NULL, 'Out-Fighter Job, EX Skill CD reduced 20%', NULL, NULL, 'Haro Chip Capsule'),
(415, 'Gundam X Divider', '19-02-5-01', 68, 5, NULL, 4, 1, 7, 21, 1181, 384, 384, 1181, 797, 611, 213, 142, NULL, NULL, NULL, 'Haro Chip Capsule'),
(416, 'Beam Machine Gun [X Divider]', '19-02-7c-01', 68, 7, NULL, 4, 1, 7, 21, 1181, 0, 2382, 797, 0, 611, 213, NULL, 'Out-Fighter Job, Initial EX Skill Charge boosted 20%', 1, 9, 'Haro Chip Capsule'),
(417, 'Divider', '19-02-8-01', 68, 8, NULL, 4, 1, 7, 10, 1181, 0, 0, 1978, 797, 809, 213, 143, NULL, NULL, NULL, 'Haro Chip Capsule'),
(418, 'Aile Strike Gundam', '21-01-1-01', 69, 1, NULL, 4, 3, 1, 7, 799, 384, 2791, 799, 384, 213, 0, 82, NULL, NULL, NULL, 'Haro Chip Capsule'),
(419, 'Aile Strike Gundam', '21-01-2-01', 69, 2, NULL, 4, 3, 1, 7, 1184, 384, 384, 1608, 799, 614, 0, NULL, 'Shooting CRIT rate boosted 30%', NULL, NULL, 'Haro Chip Capsule'),
(420, 'Aile Strike Gundam', '21-01-3-01', 69, 3, NULL, 4, 3, 1, 7, 799, 1982, 384, 1184, 799, 0, 0, NULL, 'Sp. Shot Power boosted 30%', NULL, NULL, 'Haro Chip Capsule'),
(421, 'Aile Strike Gundam', '21-01-4-01', 69, 4, NULL, 4, 3, 1, 9, 799, 384, 799, 1184, 384, 614, 420, 144, NULL, NULL, NULL, 'Haro Chip Capsule'),
(422, 'Aile Strike Gundam', '21-01-5-01', 69, 5, NULL, 4, 3, 1, 9, 799, 384, 384, 1608, 384, 614, 420, 145, NULL, NULL, NULL, 'Haro Chip Capsule'),
(423, 'Beam Saber [Aile Strike]', '21-01-6a-01', 69, 6, NULL, 4, 3, 1, 9, 799, 1982, 0, 799, 0, 614, 213, NULL, 'Out-Fighter Job, Enemy Melee Power reduced 30%', 1, 2, 'Haro Chip Capsule'),
(424, 'Grand Slam', '21-01-6c-02', 69, 6, NULL, 4, 3, 1, 9, 799, 1982, 0, 799, 0, 614, 213, 146, NULL, 2, 5, 'Haro Chip Capsule'),
(425, '57mm High-Energy Beam Rifle [Aile Strike]', '21-01-7a-01', 69, 7, NULL, 4, 3, 1, 7, 384, 0, 3590, 799, 0, 420, 213, NULL, 'With Speed attribute (self), Initial EX Skill Charge boosted 20%', 1, 8, 'Haro Chip Capsule'),
(426, 'Anti-Beam Shield [Aile Strike]', '21-01-8-01', 69, 8, NULL, 4, 3, 1, 7, 799, 0, 0, 1982, 799, 812, 213, NULL, 'With Speed attribute (self), EX Skill DMG output boosted 35', NULL, NULL, 'Haro Chip Capsule'),
(427, 'Blitz Gundam', '21-06-1-01', 70, 1, NULL, 3, 3, 9, 24, 558, 291, 889, 889, 889, 302, 0, 147, NULL, NULL, NULL, 'Assault Coins (Event)'),
(428, 'Blitz Gundam', '21-06-2-01', 70, 2, NULL, 3, 3, 9, 24, 1140, 291, 0, 889, 889, 428, 0, 148, NULL, NULL, NULL, 'Assault Coins (Event)'),
(429, 'Blitz Gundam', '21-06-3-01', 70, 3, NULL, 3, 3, 9, 24, 558, 889, 291, 889, 889, 302, 126, 149, NULL, NULL, NULL, 'Assault Coins (Event)'),
(430, 'Blitz Gundam', '21-06-4-01', 70, 4, NULL, 3, 3, 9, 7, 558, 291, 291, 1140, 1140, 126, 302, NULL, 'With Speed attribute (self), Shooting CRIT Rate boosted 17%', NULL, NULL, 'Assault Coins (Event)'),
(431, 'Blitz Gundam', '21-06-5-01', 70, 5, NULL, 3, 3, 9, 7, 558, 291, 291, 1140, 1140, 302, 126, NULL, '15% chance to prevent vernier consumption when stepping', NULL, NULL, 'Assault Coins (Event)'),
(432, 'Astray Red Frame', '23-01-1-01', 71, 1, NULL, 4, 3, 1, 6, 1181, 384, 796, 1181, 796, 289, 289, 82, NULL, NULL, NULL, 'Haro Chip Capsule'),
(433, 'Astray Red Frame', '23-01-2-01', 71, 2, NULL, 4, 3, 1, 6, 1977, 796, 384, 796, 796, 289, 289, NULL, 'In-Fighter Job, EX Skill CD reduced 20%', NULL, NULL, 'Haro Chip Capsule'),
(434, 'Astray Red Frame', '23-01-3-01', 71, 3, NULL, 4, 3, 1, 6, 796, 2783, 0, 1181, 1181, 0, 0, 152, NULL, NULL, NULL, 'Haro Chip Capsule'),
(435, 'Astray Red Frame', '23-01-4-01', 71, 4, NULL, 4, 3, 1, 24, 1181, 384, 384, 1181, 796, 476, 476, 153, NULL, NULL, NULL, 'Haro Chip Capsule'),
(436, 'Astray Red Frame', '23-01-5-01', 71, 5, NULL, 4, 3, 1, 24, 1181, 384, 384, 1181, 796, 479, 479, 4, NULL, NULL, NULL, 'Haro Chip Capsule'),
(437, 'Gerbera Straight', '23-01-6a-01', 71, 6, NULL, 4, 3, 1, 24, 1181, 3581, 0, 0, 0, 289, 289, 154, NULL, 2, 2, 'Haro Chip Capsule'),
(438, 'Anti-Beam Shield [Red Frame]', '23-01-8-01', 71, 8, NULL, 4, 3, 1, 24, 1181, 0, 0, 1603, 796, 476, 476, NULL, 'In-Fighter Job, Enemy Shooting Power reduced 30%', NULL, NULL, 'Haro Chip Capsule'),
(439, 'Dragon Gundam', '16-03-1-01', 72, 1, NULL, 3, 2, 14, 6, 559, 292, 1436, 292, 891, 127, 303, 155, NULL, NULL, NULL, 'Haro Chip Capsule'),
(440, 'Dragon Gundam', '16-03-2-01', 72, 2, NULL, 3, 2, 14, 6, 891, 559, 292, 559, 1144, 0, 430, 77, NULL, NULL, NULL, 'Haro Chip Capsule'),
(441, 'Dragon Gundam', '16-03-3-01', 72, 3, NULL, 3, 2, 14, 6, 559, 1994, 292, 559, 891, 0, 0, 156, NULL, NULL, NULL, 'Haro Chip Capsule'),
(442, 'Dragon Gundam', '16-03-4-01', 72, 4, NULL, 3, 2, 14, 10, 559, 292, 292, 292, 891, 303, 430, NULL, 'Out-Fighter Job, Close Shot Attack raised 14%', NULL, NULL, 'Haro Chip Capsule'),
(443, 'Dragon Gundam', '16-03-5-01', 72, 5, NULL, 3, 2, 14, 10, 559, 292, 292, 292, 891, 303, 430, NULL, 'Out-Fighter Job, Enemy Sp. Shot Power reduced 25%', NULL, NULL, 'Haro Chip Capsule'),
(444, 'Feilong Flag', '16-03-6a-01', 72, 6, NULL, 3, 2, 14, 10, 292, 2594, 0, 0, 559, 127, 303, 157, NULL, 1, 2, 'Haro Chip Capsule'),
(445, 'Gerbera Tetra', '07-05-1-01', 73, 1, NULL, 3, 3, 3, 17, 889, 291, 1701, 291, 291, 302, 126, NULL, 'With \"Gundam Type\" enemy, Shooting Power boosted 25%', NULL, NULL, 'Covert Coins (Event)'),
(446, 'Gerbera Tetra', '07-05-2-01', 73, 2, NULL, 3, 3, 3, 17, 1433, 291, 558, 558, 558, 428, 0, NULL, 'With \"Gundam Type\" enemy, EX Skill DMG Output boosted 20', NULL, NULL, 'Covert Coins (Event)'),
(447, 'Gerbera Tetra', '07-05-3-01', 73, 3, NULL, 3, 3, 3, 7, 889, 558, 558, 889, 889, 0, 0, 158, NULL, NULL, NULL, 'Covert Coins (Event)'),
(448, 'Gerbera Tetra', '07-05-4-01', 73, 4, NULL, 3, 3, 3, 7, 889, 291, 291, 558, 889, 428, 302, 20, NULL, NULL, NULL, 'Covert Coins (Event)'),
(449, 'Gerbera Tetra', '07-05-5-01', 73, 5, NULL, 3, 3, 3, 9, 889, 291, 291, 558, 889, 428, 302, NULL, 'When Armor > 60%, Buff EX Skill Effect up 15%', NULL, NULL, 'Covert Coins (Event)'),
(450, 'Beam Machine Gun [Gerbera Tetra]', '07-05-7c-01', 73, 7, NULL, 3, 3, 3, 7, 889, 0, 2300, 0, 0, 428, 126, 66, NULL, 1, 9, 'Covert Coins (Event)'),
(451, 'Zeta Gundam', '08-01-1-01', 74, 1, NULL, 4, 3, 12, 13, 969, 379, 2361, 791, 791, 468, 0, 3, NULL, NULL, NULL, 'Haro Chip Capsule'),
(452, 'Zeta Gundam', '08-01-2-01', 74, 2, NULL, 4, 3, 12, 3, 1738, 379, 379, 1358, 1358, 675, 0, 159, NULL, NULL, NULL, 'Haro Chip Capsule'),
(453, 'Zeta Gundam', '08-01-3-01', 74, 3, NULL, 4, 3, 12, 13, 969, 2528, 379, 1358, 1358, 0, 0, 160, NULL, NULL, NULL, 'Haro Chip Capsule'),
(454, 'Zeta Gundam', '08-01-4-01', 74, 4, NULL, 4, 3, 12, 3, 969, 379, 379, 1358, 1358, 675, 468, 93, NULL, NULL, NULL, 'Haro Chip Capsule'),
(455, 'Zeta Gundam', '08-01-5-01', 74, 5, NULL, 4, 3, 12, 13, 969, 379, 379, 1358, 1358, 675, 468, NULL, 'When attacking with Beam, Shooting Power boosted 30%', NULL, NULL, 'Haro Chip Capsule'),
(456, 'Beam Saber [Zeta]', '08-01-6a-01', 74, 6, NULL, 4, 3, 12, 6, 969, 3318, 0, 0, 0, 675, 208, 46, NULL, 1, 2, 'Haro Chip Capsule'),
(457, 'Long Beam Saber', '08-01-6c-01', 74, 6, NULL, 4, 3, 12, 8, 969, 3318, 0, 0, 0, 675, 208, NULL, 'With Speed attribute (self), Melee DMG Output boosted 35', 1, 5, 'Haro Chip Capsule'),
(458, 'Beam Rifle [Zeta]', '08-01-7a-01', 74, 7, NULL, 4, 3, 12, 13, 969, 0, 3318, 0, 0, 675, 208, NULL, 'Sp. Shot DMG Output boosted 35', 1, 8, 'Haro Chip Capsule'),
(459, 'Hyper Mega Launcher', '08-01-7b-01', 74, 7, NULL, 4, 3, 12, 10, 969, 0, 3318, 0, 0, 675, 208, NULL, 'With Speed attribute (self), Enemy Shooting Power reduced 30%', 1, 10, 'Haro Chip Capsule'),
(460, 'Zeta Shield', '08-01-8-01', 74, 8, NULL, 4, 3, 12, 6, 969, 0, 0, 1738, 1738, 878, 208, 48, NULL, NULL, NULL, 'Haro Chip Capsule'),
(461, 'Qubeley', '08-08-1-01', 75, 1, NULL, 4, 1, 5, 10, 968, 553, 2927, 968, 553, 0, 284, 161, NULL, NULL, NULL, 'Haro Chip Capsule'),
(462, 'Qubeley', '08-08-2-01', 75, 2, NULL, 4, 1, 5, 10, 1358, 553, 553, 1737, 968, 0, 675, NULL, 'Middle-Shooter Job, Buff EX Skill Effect up 22%', NULL, NULL, 'Haro Chip Capsule'),
(463, 'Qubeley', '08-08-3-01', 75, 3, NULL, 4, 1, 5, 10, 968, 2138, 553, 1358, 968, 0, 0, 162, NULL, NULL, NULL, 'Haro Chip Capsule'),
(464, 'Qubeley', '08-08-4-01', 75, 4, NULL, 4, 1, 5, 9, 968, 553, 968, 1358, 553, 467, 675, NULL, 'Middle-Shooter Job, Mid Shot Attack raised 20%', NULL, NULL, 'Haro Chip Capsule'),
(465, 'Qubeley', '08-08-5-01', 75, 5, NULL, 4, 1, 5, 9, 968, 553, 553, 1737, 553, 467, 675, 163, NULL, NULL, NULL, 'Haro Chip Capsule'),
(466, 'Tallgeese II', '17-06-1-01', 76, 1, NULL, 3, 2, 5, 8, 558, 291, 1700, 558, 558, 126, 126, 165, NULL, NULL, NULL, 'Commander-in-Chief Coins (Event)'),
(467, 'Tallgeese II', '17-06-2-01', 76, 2, NULL, 3, 2, 5, 8, 1142, 291, 291, 889, 889, 213, 213, NULL, 'With \"For Space\" enemy, EX Skill Piercing boosted 22%', NULL, NULL, 'Commander-in-Chief Coins (Event)'),
(468, 'Tallgeese II', '17-06-3-01', 76, 3, 8, 3, 2, 5, 8, 1142, 1700, 291, 1991, 1991, 302, 302, 166, NULL, NULL, NULL, 'Commander-in-Chief Coins (Event)'),
(469, 'Tallgeese II', '17-06-4-01', 76, 4, NULL, 3, 2, 5, 9, 558, 291, 291, 889, 889, 349, 375, NULL, 'With \"For Space\" enemy, Mid Shot Attack raised 14%', NULL, NULL, 'Commander-in-Chief Coins (Event)'),
(470, 'Tallgeese II', '17-06-5-01', 76, 5, NULL, 3, 2, 5, 9, 558, 291, 291, 889, 889, 375, 349, NULL, 'With \"For Space\" enemy, Shooting Power boosted 25%', NULL, NULL, 'Commander-in-Chief Coins (Event)'),
(471, 'Hyaku Shiki', '08-03-1-01', 77, 1, NULL, 3, 3, 5, 9, 559, 294, 1999, 559, 294, 0, 129, 3, NULL, NULL, NULL, 'Golden Coins (Event)'),
(472, 'Hyaku Shiki', '08-03-2-01', 77, 2, NULL, 3, 3, 5, 9, 893, 294, 294, 1146, 559, 0, 432, NULL, 'With \"Ace Excl.\" enemy, Melee DMG taken reduced 20', NULL, NULL, 'Golden Coins (Event)'),
(473, 'Hyaku Shiki', '08-03-3-01', 77, 3, NULL, 3, 3, 5, 3, 559, 1438, 294, 893, 559, 0, 0, 20, NULL, NULL, NULL, 'Golden Coins (Event)'),
(474, 'Hyaku Shiki', '08-03-4-01', 77, 4, NULL, 3, 3, 5, 3, 559, 294, 559, 893, 294, 303, 432, NULL, 'With Bazooka Category equipped, Shot Spread reduced 15%', NULL, NULL, 'Golden Coins (Event)'),
(475, 'Hyaku Shiki', '08-03-5-01', 77, 5, NULL, 3, 3, 5, 20, 559, 294, 294, 1146, 294, 303, 432, NULL, 'With \"Ace Excl.\" enemy, Shooting Power boosted 25%', NULL, NULL, 'Golden Coins (Event)'),
(476, 'Beam Saber [Hyaku Shiki]', '08-03-6a-01', 77, 6, NULL, 3, 3, 5, 20, 559, 1438, 0, 559, 0, 129, 432, 167, NULL, 1, 2, 'Golden Coins (Event)'),
(477, 'Beam Rifle [Hyaku Shiki]', '08-03-7a-01', 77, 7, NULL, 3, 3, 5, 7, 294, 0, 2598, 559, 0, 129, 303, NULL, 'When attacking with Beam, EX Skill Power boosted 25%', 1, 8, 'Golden Coins (Event)'),
(478, 'Clay Bazooka', '08-03-7d-01', 77, 7, NULL, 3, 3, 5, 7, 294, 0, 2598, 559, 0, 129, 303, 47, NULL, 2, 12, 'Golden Coins (Event)'),
(479, 'Shenlong Gundam', '17-03-1-01', 78, 1, NULL, 4, 2, 6, 23, 1605, 384, 1181, 797, 797, 418, 0, 3, NULL, NULL, NULL, 'Haro Chip Capsule'),
(480, 'Shenlong Gundam', '17-03-2-01', 78, 2, NULL, 4, 2, 6, 23, 2382, 384, 384, 797, 797, 611, 0, NULL, 'With Technique attribute (self), Strong Melee Power boosted 30%', NULL, NULL, 'Haro Chip Capsule'),
(481, 'Shenlong Gundam', '17-03-3-01', 78, 3, NULL, 4, 2, 6, 10, 1181, 1181, 384, 1181, 1181, 213, 0, 168, NULL, NULL, NULL, 'Haro Chip Capsule'),
(482, 'Shenlong Gundam', '17-03-4-01', 78, 4, NULL, 4, 2, 6, 10, 1181, 384, 384, 1181, 1181, 213, 611, NULL, 'With Technique attribute (self), 20% chance to not recoil', NULL, NULL, 'Haro Chip Capsule'),
(483, 'Shenlong Gundam', '17-03-5-01', 78, 5, NULL, 4, 2, 6, 10, 1181, 384, 384, 1181, 1181, 611, 213, 169, NULL, NULL, NULL, 'Haro Chip Capsule'),
(484, 'Beam Glaive', '17-03-6d-01', 78, 6, NULL, 4, 2, 6, 23, 1181, 1605, 0, 384, 384, 611, 418, 157, NULL, 1, 6, 'Haro Chip Capsule'),
(485, 'Shenlong Shield', '17-03-8-01', 78, 8, NULL, 4, 2, 6, 13, 1181, 0, 0, 1181, 1181, 1029, 0, 88, NULL, NULL, NULL, 'Haro Chip Capsule'),
(486, 'Gundam Deathscythe', '17-02-1-01', 79, 1, NULL, 4, 3, 9, 23, 795, 382, 1179, 1179, 1179, 0, 416, 3, NULL, NULL, NULL, 'Haro Chip Capsule'),
(487, 'Gundam Deathscythe', '17-02-2-01', 79, 2, NULL, 4, 3, 9, 23, 1601, 382, 0, 1179, 1179, 0, 609, 170, NULL, NULL, NULL, 'Haro Chip Capsule'),
(488, 'Gundam Deathscythe', '17-02-3-01', 79, 3, NULL, 4, 3, 9, 23, 795, 1179, 382, 1179, 1179, 211, 416, NULL, 'With Axe Category equipped, Mid Shot Attack raised 20%', NULL, NULL, 'Haro Chip Capsule'),
(489, 'Gundam Deathscythe', '17-02-4-01', 79, 4, NULL, 4, 3, 9, 25, 795, 382, 382, 1601, 1601, 416, 211, NULL, 'With Axe Category equipped, EX Skill CD reduced 20%', NULL, NULL, 'Haro Chip Capsule'),
(490, 'Gundam Deathscythe', '17-02-5-01', 79, 5, NULL, 4, 3, 9, 25, 795, 382, 382, 1601, 1601, 211, 416, 171, NULL, NULL, NULL, 'Haro Chip Capsule'),
(491, 'Beam Scythe', '17-02-6b-01', 79, 6, NULL, 4, 3, 9, 25, 795, 1601, 0, 795, 795, 416, 609, 172, NULL, 1, 1, 'Haro Chip Capsule'),
(492, 'Buster Shield', '17-02-8-01', 79, 8, NULL, 4, 3, 9, 25, 0, 0, 0, 1974, 1974, 211, 805, 173, NULL, NULL, NULL, 'Haro Chip Capsule'),
(493, 'Code ϕ', '99-02-1-01', 80, 1, NULL, 2, 2, 3, 9, 800, 385, 1985, 385, 1185, 292, 292, 3, NULL, NULL, NULL, 'Hard Free Missions'),
(494, 'Code ϕ', '99-02-2-01', 80, 2, NULL, 2, 2, 3, 9, 1185, 800, 385, 800, 1610, 292, 292, 174, NULL, NULL, NULL, 'Hard Free Missions'),
(495, 'Code ϕ', '99-02-3-01', 80, 3, NULL, 2, 2, 3, 9, 800, 2795, 385, 800, 1185, 0, 0, NULL, 'Melee Power Boosted 15%', NULL, NULL, 'Hard Free Missions'),
(496, 'Code ϕ', '99-02-4-01', 80, 4, NULL, 2, 2, 3, 22, 800, 385, 385, 385, 1185, 479, 479, NULL, 'Melee CRIT Rate boosted 14%', NULL, NULL, 'Hard Free Missions'),
(497, 'Beam Scythe [Code ϕ]', '99-02-6b-01', 80, 6, NULL, 2, 2, 3, 9, 385, 3594, 0, 0, 800, 292, 292, 175, NULL, 1, 1, 'Hard Free Missions'),
(498, 'Beam Rifle [Code ϕ]', '99-02-7a-01', 80, 7, NULL, 2, 2, 3, 9, 800, 0, 1985, 0, 800, 292, 292, NULL, 'Job Gauge Increase boosted 11%', 1, 8, 'Hard Free Missions'),
(499, 'Wing Gundam', '17-01-1-01', 81, 1, NULL, 4, 3, 12, 8, 797, 384, 2785, 384, 384, 418, 213, 3, NULL, NULL, NULL, 'Haro Chip Capsule'),
(500, 'Wing Gundam', '17-01-2-01', 81, 2, NULL, 4, 3, 12, 1, 1605, 797, 797, 797, 797, 611, 0, 176, NULL, NULL, NULL, 'Haro Chip Capsule'),
(501, 'Wing Gundam', '17-01-3-01', 81, 3, NULL, 4, 3, 12, 8, 797, 2785, 1181, 384, 384, 0, 0, NULL, 'When Armor < 70%, Enemy Melee Power reduced 30% ', NULL, NULL, 'Haro Chip Capsule'),
(502, 'Wing Gundam', '17-01-4-01', 81, 4, NULL, 4, 3, 12, 13, 797, 797, 384, 797, 797, 418, 611, NULL, 'When Armor < 70%, Long Shot Attack raised 20%', NULL, NULL, 'Haro Chip Capsule'),
(503, 'Wing Gundam', '17-01-5-01', 81, 5, NULL, 4, 3, 12, 13, 797, 797, 384, 797, 797, 611, 418, NULL, 'When Armor < 70%, Long Shot Attack raised 20%', NULL, NULL, 'Haro Chip Capsule'),
(504, 'Beam Saber [Wing]', '17-01-6a-01', 81, 6, NULL, 4, 3, 12, 13, 384, 3582, 0, 0, 0, 611, 418, NULL, 'Long-Shooter Job, Job Gauge Increase boosted 17%', 1, 2, 'Haro Chip Capsule'),
(505, 'Buster Rifle', '17-01-7a-01', 81, 7, NULL, 4, 3, 12, 8, 384, 0, 3582, 0, 0, 417, 213, 177, NULL, 1, 8, 'Haro Chip Capsule'),
(506, 'Shield [Wing]', '17-01-8-01', 81, 8, NULL, 4, 3, 12, 8, 797, 797, 384, 797, 797, 1029, 0, 178, NULL, NULL, NULL, 'Haro Chip Capsule'),
(507, 'Force Impulse Gundam', '22-01-1-01', 82, 1, NULL, 4, 1, 13, 22, 795, 382, 2377, 795, 795, 0, 416, NULL, 'When Armor > 40%, Shooting CRIT Rate boosted 30%', NULL, NULL, 'Haro Chip Capsule'),
(508, 'Force Impulse Gundam', '22-01-2-01', 82, 2, NULL, 4, 1, 13, 22, 1601, 382, 382, 1179, 1179, 0, 609, 180, NULL, NULL, NULL, 'Haro Chip Capsule'),
(509, 'Force Impulse Gundam', '22-01-3-01', 82, 3, NULL, 4, 1, 13, 7, 795, 2377, 382, 1179, 1179, 0, 0, NULL, 'With Power attribute (self), Strong Melee CRIT Rate boosted 30%', NULL, NULL, 'Haro Chip Capsule'),
(510, 'Force Impulse Gundam', '22-01-4-01', 82, 4, NULL, 4, 1, 13, 7, 795, 382, 382, 1179, 1179, 416, 609, 144, NULL, NULL, NULL, 'Haro Chip Capsule'),
(511, 'Force Impulse Gundam', '22-01-5-01', 82, 5, NULL, 4, 1, 13, 7, 795, 382, 382, 1179, 1179, 416, 609, 181, NULL, NULL, NULL, 'Haro Chip Capsule'),
(512, 'Vajra Beam Saber', '22-01-6a-01', 82, 6, NULL, 4, 1, 13, 22, 795, 3173, 0, 0, 0, 211, 609, NULL, 'With Rifle Category equipped, Initial EX Skill Charge boosted 20%', 1, 2, 'Haro Chip Capsule'),
(513, 'MA-BAR72 High-Energy Beam Rifle', '22-01-7a-01', 82, 7, NULL, 4, 1, 13, 1, 795, 0, 3173, 0, 0, 211, 609, NULL, 'With Rifle Category equipped, Enemy Shooting Power reduced 30%', 1, 8, 'Haro Chip Capsule'),
(514, 'Mobile Shield', '22-01-8-01', 82, 8, NULL, 4, 1, 13, 1, 795, 0, 0, 1601, 1601, 211, 805, 88, NULL, NULL, NULL, 'Haro Chip Capsule'),
(515, 'Gusion', '28-03-1-01', 83, 1, NULL, 1, 1, 11, 20, 1144, 292, 891, 558, 558, 0, 302, 3, NULL, NULL, NULL, 'Colossus Coins (Event)'),
(516, 'Gusion', '28-03-2-01', 83, 2, NULL, 1, 1, 11, 20, 1702, 292, 292, 558, 558, 0, 430, 10, NULL, NULL, NULL, 'Colossus Coins (Event)'),
(517, 'Gusion', '28-03-3-01', 83, 3, NULL, 1, 1, 11, 7, 891, 891, 292, 891, 891, 0, 127, 11, NULL, NULL, NULL, 'Colossus Coins (Event)'),
(518, 'Gusion', '28-03-4-01', 83, 4, NULL, 1, 1, 11, 10, 891, 292, 292, 891, 891, 430, 127, 12, NULL, NULL, NULL, 'Colossus Coins (Event)'),
(519, 'Gusion', '28-03-5-01', 83, 5, NULL, 1, 1, 11, 10, 891, 292, 292, 891, 891, 127, 430, 13, NULL, NULL, NULL, 'Colossus Coins (Event)'),
(520, 'Gusion Hammer', '28-03-6b-01', 83, 6, NULL, 3, 1, 11, 10, 891, 1144, 0, 292, 292, 302, 430, 182, NULL, 2, 1, 'Colossus Coins (Event)'),
(521, 'Submachine Gun', '28-03-7c-01', 83, 7, NULL, 3, 1, 11, 7, 891, 0, 1144, 292, 292, 302, 430, NULL, 'Defender Job, Enemy Shooting Power reduced 25%', 2, 9, 'Colossus Coins (Event)'),
(522, 'Shining Gundam', '16-01-1-01', 84, 1, NULL, 4, 1, 14, 6, 1180, 383, 796, 1180, 796, 212, 417, NULL, 'In-Fighter Job, Projectile Speed boosted 15%', NULL, NULL, 'Haro Chip Capsule'),
(523, 'Shining Gundam', '16-01-2-01', 84, 2, NULL, 4, 1, 14, 24, 1976, 796, 383, 796, 796, 0, 610, 183, NULL, NULL, NULL, 'Haro Chip Capsule'),
(524, 'Shining Gundam', '16-01-3-01', 84, 3, NULL, 4, 1, 14, 6, 796, 2781, 0, 1180, 1180, 0, 0, 184, NULL, NULL, NULL, 'Haro Chip Capsule'),
(525, 'Shining Gundam', '16-01-4-01', 84, 4, NULL, 4, 1, 14, 24, 1180, 383, 383, 1180, 796, 417, 610, 144, NULL, NULL, NULL, 'Haro Chip Capsule'),
(526, 'Shining Gundam', '16-01-5-01', 84, 5, NULL, 4, 1, 14, 6, 1180, 383, 383, 1180, 796, 417, 610, NULL, 'In-Fighter Job, 20% chance to not recoil', NULL, NULL, 'Haro Chip Capsule'),
(527, 'Sword Strike', '21-02-1-01', 85, 1, NULL, 3, 1, 10, 6, 558, 292, 1993, 292, 292, 302, 127, 349, NULL, NULL, NULL, 'Sword Coins (Event)'),
(528, 'Sword Strike', '21-02-2-01', 85, 2, NULL, 3, 1, 10, 6, 1144, 558, 558, 558, 558, 430, 0, NULL, 'Against a large enemy, Enemy Strong Melee Power reduced 25%', NULL, NULL, 'Sword Coins (Event)'),
(529, 'Sword Strike', '21-02-3-01', 85, 3, 8, 3, 1, 10, 6, 1144, 2593, 1144, 891, 891, 718, 0, 350, NULL, NULL, NULL, 'Sword Coins (Event)'),
(530, 'Sword Strike', '21-02-4-01', 85, 4, NULL, 3, 1, 10, 13, 558, 558, 292, 558, 558, 302, 430, NULL, 'Against a large enemy, Melee CRIT Rate boosted 17%', NULL, NULL, 'Sword Coins (Event)'),
(531, 'Sword Strike', '21-02-5-01', 85, 5, NULL, 3, 1, 10, 13, 558, 558, 292, 558, 558, 430, 302, 351, NULL, NULL, NULL, 'Sword Coins (Event)'),
(532, 'Schwert Gewehr', '21-02-6c-01', 85, 6, NULL, 3, 2, 10, 6, 292, 2593, 0, 0, 0, 430, 302, 185, NULL, 1, 5, 'Sword Coins (Event)'),
(533, 'Sengoku Astray Gundam', '32-01-1-01', 86, 1, NULL, 4, 2, 11, 13, 1180, 383, 796, 1180, 796, 417, 212, NULL, 'In-Fighter Job, EX Skill Piercing boosted 28%', NULL, NULL, 'Haro Chip Capsule'),
(534, 'Sengoku Astray Gundam', '32-01-2-01', 86, 2, NULL, 4, 2, 11, 6, 1976, 796, 383, 796, 796, 610, 0, NULL, 'In-Fighter Job, EX Skill CD reduced 20%', NULL, NULL, 'Haro Chip Capsule'),
(535, 'Sengoku Astray Gundam', '32-01-3-01', 86, 3, NULL, 4, 2, 11, 13, 796, 2781, 0, 1180, 1180, 0, 0, 186, NULL, NULL, NULL, 'Haro Chip Capsule'),
(536, 'Sengoku Astray Gundam', '32-01-4-01', 86, 4, NULL, 4, 2, 11, 23, 1180, 383, 383, 1180, 796, 610, 417, NULL, 'With Module Category equipped, EX Skill Piercing boosted 28%', NULL, NULL, 'Haro Chip Capsule'),
(537, 'Sengoku Astray Gundam', '32-01-5-01', 86, 5, NULL, 4, 2, 11, 6, 1180, 383, 383, 1180, 796, 610, 417, 187, NULL, NULL, NULL, 'Haro Chip Capsule'),
(538, 'Oni No Tate', '32-01-8-01', 86, 8, NULL, 4, 2, 11, 6, 1180, 0, 0, 1601, 796, 805, 212, NULL, 'In-Fighter Job, Enemy Strong Melee Power reduced 30%', NULL, NULL, 'Haro Chip Capsule'),
(539, 'Freedom Gundam', '21-07-1-01', 87, 1, NULL, 4, 1, 1, 13, 1356, 553, 2523, 553, 553, 383, 383, 188, NULL, NULL, NULL, 'Haro Chip Capsule'),
(540, 'Freedom Gundam', '21-07-2-01', 87, 2, NULL, 4, 1, 1, 13, 2133, 553, 966, 966, 966, 383, 383, NULL, 'When armor > 40%, Strong Melee DMG Output boosted 35', NULL, NULL, 'Haro Chip Capsule'),
(541, 'Freedom Gundam', '21-07-3-01', 87, 3, NULL, 4, 1, 1, 13, 1356, 966, 966, 1356, 1356, 0, 0, NULL, 'With Power attribute (self), Sp. Shot Power boosted 30%', NULL, NULL, 'Haro Chip Capsule'),
(542, 'Freedom Gundam', '21-07-4-01', 87, 4, NULL, 4, 1, 1, 9, 1356, 553, 553, 966, 1356, 555, 555, 189, NULL, NULL, NULL, 'Haro Chip Capsule'),
(543, 'Freedom Gundam', '21-07-5-01', 87, 5, NULL, 4, 1, 1, 9, 1356, 553, 553, 966, 1356, 555, 555, 190, NULL, NULL, NULL, 'Haro Chip Capsule'),
(544, 'Lacerta Beam Saber', '21-07-6a-01', 87, 6, NULL, 4, 1, 1, 13, 1356, 2523, 0, 0, 553, 383, 383, NULL, 'Strong Melee DMG Output boosted 35', 1, 2, 'Haro Chip Capsule'),
(545, 'Lupus Beam Rifle', '21-07-7a-01', 87, 7, NULL, 4, 1, 1, 13, 1356, 0, 3312, 0, 0, 465, 465, NULL, 'With Power attribute (self), Job Gauge Increase boosted 17%', 1, 8, 'Haro Chip Capsule'),
(546, 'Laminated Anti-Beam Shield [Freedom]', '21-07-8-01', 87, 8, NULL, 4, 1, 1, 13, 1356, 0, 0, 966, 1734, 555, 555, 178, NULL, NULL, NULL, 'Haro Chip Capsule'),
(547, 'Justice Gundam', '21-08-1-01', 88, 1, NULL, 4, 3, 3, 9, 1356, 553, 966, 1356, 553, 465, 284, 191, NULL, NULL, NULL, 'Haro Chip Capsule'),
(548, 'Justice Gundam', '21-08-2-01', 88, 2, NULL, 4, 3, 3, 9, 1734, 553, 553, 1734, 966, 673, 0, NULL, 'When Armor < 40%, Strong Melee Power boosted 30%', NULL, NULL, 'Haro Chip Capsule'),
(549, 'Justice Gundam', '21-08-3-01', 88, 3, NULL, 4, 3, 3, 9, 553, 3312, 553, 1734, 553, 0, 0, 192, NULL, NULL, NULL, 'Haro Chip Capsule'),
(550, 'Justice Gundam', '21-08-4-01', 88, 4, NULL, 4, 3, 3, 6, 966, 553, 553, 1734, 966, 465, 673, 135, NULL, NULL, NULL, 'Haro Chip Capsule'),
(551, 'Justice Gundam', '21-08-5-01', 88, 5, NULL, 4, 3, 3, 6, 996, 553, 553, 1734, 966, 673, 465, 193, NULL, NULL, NULL, 'Haro Chip Capsule'),
(552, 'Laminated Anti-Beam Shield [Justice]', '21-08-8-01', 88, 8, NULL, 4, 3, 3, 9, 966, 0, 0, 2523, 966, 1082, 0, NULL, 'With Speed attribute (self), Buff EX Skill Time up 22%', NULL, NULL, 'Haro Chip Capsule'),
(553, 'Stargazer Gundam', '24-01-1-01', 89, 1, NULL, 3, 3, 20, 15, 558, 291, 889, 889, 889, 302, 0, NULL, 'With Speed attribute (self), Shot Guidance boosted 14%', NULL, NULL, 'Encounter Coins (Event)'),
(554, 'Stargazer Gundam', '24-01-2-01', 89, 2, NULL, 3, 3, 20, 15, 1140, 291, 0, 889, 889, 428, 0, NULL, 'With Speed attribute (self), Enemy Strong Melee Power reduced 30%', NULL, NULL, 'Encounter Coins (Event)'),
(555, 'Stargazer Gundam', '24-01-3-01', 89, 3, 8, 3, 3, 20, 15, 558, 889, 291, 2297, 2297, 874, 302, NULL, 'Beam ranged weapon reload speed boosted 15%', NULL, NULL, 'Encounter Coins (Event)'),
(556, 'Stargazer Gundam', '24-01-4-01', 89, 4, NULL, 3, 3, 20, 1, 558, 291, 291, 1140, 1140, 126, 302, NULL, 'With Speed attribute (self), EX Skill DMG taken reduced 25', NULL, NULL, 'Encounter Coins (Event)'),
(557, 'Stargazer Gundam', '24-01-5-01', 89, 5, NULL, 3, 3, 20, 1, 558, 291, 291, 1140, 1140, 302, 126, 194, NULL, NULL, NULL, 'Encounter Coins (Event)'),
(558, 'Mobile Kapool', '20-02-2-01', 90, 2, 1, 1, 1, 4, 15, 797, 287, 372, 797, 797, 0, 319, 195, NULL, NULL, NULL, 'Free Missions, Friend Point Capsule, Capital Shop'),
(559, 'Mobile Kapool', '20-02-3-01', 90, 3, NULL, 1, 1, 4, 15, 287, 372, 137, 372, 372, 54, 138, 196, NULL, NULL, NULL, 'Free Missions, Friend Point Capsule, Capital Shop'),
(560, 'Mobile Kapool', '20-02-4-01', 90, 4, NULL, 1, 1, 4, 26, 287, 137, 137, 509, 509, 138, 54, 197, NULL, NULL, NULL, 'Free Missions, Friend Point Capsule, Capital Shop'),
(561, 'Strike Rouge [IWSP]', '46-01-1-01', 91, 1, NULL, 3, 3, 5, 25, 558, 291, 1698, 558, 558, 302, 0, 82, NULL, NULL, NULL, 'Arena Coins'),
(562, 'Strike Rouge [IWSP]', '46-01-2-01', 91, 2, NULL, 3, 3, 5, 25, 1140, 291, 291, 889, 889, 428, 0, NULL, 'With Speed attribute (self), Enemy EX Skill Penetration reduced 22%', NULL, NULL, 'Arena Coins'),
(563, 'Strike Rouge [IWSP]', '46-01-3-01', 91, 3, NULL, 3, 3, 5, 25, 558, 1698, 291, 889, 889, 0, 0, NULL, 'When Armor > 60%, Melee CRIT Rate boosted 17%', NULL, NULL, 'Arena Coins'),
(564, 'Strike Rouge [IWSP]', '46-01-4-01', 91, 4, NULL, 3, 3, 5, 13, 558, 291, 291, 889, 889, 248, 302, 198, NULL, NULL, NULL, 'Arena Coins'),
(565, 'Strike Rouge [IWSP]', '46-01-5-01', 91, 5, NULL, 3, 3, 5, 13, 558, 291, 291, 889, 889, 428, 302, 199, NULL, NULL, NULL, 'Arena Coins'),
(566, '9.1m Experimental Anti-Ship Sword', '46-01-6-01', 91, 6, NULL, 3, 3, 5, 25, 558, 2297, 0, 0, 0, 428, 126, NULL, 'With Speed attribute (self), Melee DMG Output boosted 20', 2, 4, 'Arena Coins'),
(567, 'Combine Shield', '46-01-7-01', 91, 7, 8, 3, 3, 5, 13, 1140, 0, 2297, 1140, 1140, 1016, 302, 200, NULL, 2, 11, 'Arena Coins'),
(568, 'Anti-Beam Shield [Strike Rouge]', '46-01-8-01', 91, 8, NULL, 3, 3, 5, 25, 558, 0, 0, 1140, 1140, 588, 126, NULL, 'Out-Fighter Job, Shooting DMG taken reduced 20', NULL, NULL, 'Arena Coins'),
(569, 'Pale Rider', '05-01-1-01', 92, 1, NULL, 4, 3, 24, 6, 800, 385, 1985, 385, 1185, 292, 292, 201, NULL, NULL, NULL, 'Haro Chip Capsule & [No. 001] Bonus Coins');
INSERT INTO `part` (`id`, `name`, `collection_id`, `unit_id`, `part_type_id`, `part_augment_type_id`, `rarity`, `attribute_id`, `word_tag_1_id`, `word_tag_2_id`, `armor`, `melee_attack`, `shot_attack`, `melee_defense`, `shot_defense`, `beam_resistance`, `physical_resistance`, `ex_skill_id`, `trait`, `weapon_type_id`, `weapon_category_id`, `notes`) VALUES
(570, 'Pale Rider', '05-01-2-01', 92, 2, NULL, 4, 3, 24, 6, 1185, 800, 385, 800, 1610, 292, 292, NULL, 'With Speed attribute (self), EX Skill CD reduced 20%', NULL, NULL, 'Haro Chip Capsule & [No. 001] Bonus Coins'),
(571, 'Pale Rider', '05-01-3-01', 92, 3, NULL, 4, 3, 24, 6, 800, 2795, 385, 800, 1185, 0, 0, NULL, 'When Attacking with Physical, Shooting Power boosted 25%', NULL, NULL, 'Haro Chip Capsule & [No. 001] Bonus Coins'),
(572, 'Pale Rider', '05-01-4-01', 92, 4, NULL, 4, 3, 24, 19, 800, 385, 385, 385, 1185, 479, 479, 202, NULL, NULL, NULL, 'Haro Chip Capsule & [No. 001] Bonus Coins'),
(573, 'Pale Rider', '05-01-5-01', 92, 5, NULL, 4, 3, 24, 19, 800, 385, 385, 385, 1185, 479, 479, 203, NULL, NULL, NULL, 'Haro Chip Capsule & [No. 001] Bonus Coins'),
(574, 'Shield [Pale Rider]', '05-01-8-01', 92, 8, NULL, 4, 3, 24, 19, 800, 0, 0, 800, 1985, 479, 479, 204, NULL, NULL, NULL, 'Haro Chip Capsule & [No. 001] Bonus Coins'),
(575, 'Duel Gundam [Assault Shroud]', '21-10-1-01', 93, 1, NULL, 4, 1, 10, 7, 384, 384, 3181, 384, 1182, 0, 0, NULL, 'Beam ranged weapon reload speed boosted 20%', NULL, NULL, 'Haro Chip Capsule & [No. 001] Bonus Coins'),
(576, 'Duel Gundam [Assault Shroud]', '21-10-2-01', 93, 2, NULL, 4, 1, 10, 7, 1606, 384, 384, 799, 1606, 290, 290, 205, NULL, NULL, NULL, 'Haro Chip Capsule & [No. 001] Bonus Coins'),
(577, 'Duel Gundam [Assault Shroud]', '21-10-3-01', 93, 3, NULL, 4, 1, 10, 7, 1182, 799, 384, 384, 1606, 290, 290, 206, NULL, NULL, NULL, 'Haro Chip Capsule & [No. 001] Bonus Coins'),
(578, 'Duel Gundam [Assault Shroud]', '21-10-4-01', 93, 4, NULL, 4, 1, 10, 20, 799, 384, 384, 799, 1606, 420, 420, NULL, 'With Power attribute (self), EX Skill Piercing boosted 28%', NULL, NULL, 'Haro Chip Capsule & [No. 001] Bonus Coins'),
(579, 'Duel Gundam [Assault Shroud]', '21-10-5-01', 93, 5, NULL, 4, 1, 10, 20, 799, 384, 384, 799, 1606, 420, 420, NULL, 'When Armor > 40%, Melee DMG Output boosted 35', NULL, NULL, 'Haro Chip Capsule & [No. 001] Bonus Coins'),
(580, 'Delta Plus', '12-07-1-01', 94, 1, NULL, 3, 1, 12, 16, 889, 291, 558, 889, 558, 213, 213, 3, NULL, NULL, NULL, 'Ashen Coins (Event)'),
(581, 'Delta Plus', '12-07-2-01', 94, 2, NULL, 3, 1, 12, 16, 1434, 558, 291, 558, 558, 213, 213, NULL, 'With Power attribute (self), EX Skill DMG Output boosted 20', NULL, NULL, 'Ashen Coins (Event)'),
(582, 'Delta Plus', '12-07-3-01', 94, 3, NULL, 3, 1, 12, 16, 558, 1992, 0, 889, 889, 0, 0, NULL, 'With Rifle Category equipped, Sp. Shot DMG taken reduced 20', NULL, NULL, 'Ashen Coins (Event)'),
(583, 'Delta Plus', '12-07-4-01', 94, 4, NULL, 3, 1, 12, 7, 889, 291, 291, 889, 558, 350, 350, NULL, 'When Armor > 60%, Sp. Shot Power boosted 25%', NULL, NULL, 'Ashen Coins (Event)'),
(584, 'Delta Plus', '12-07-5-01', 94, 5, NULL, 3, 1, 12, 7, 889, 291, 291, 889, 558, 350, 350, NULL, 'With Power attribute (self), Buff EX Skill Effect up 15%', NULL, NULL, 'Ashen Coins (Event)'),
(585, 'Beam Saber [Delta Plus]', '12-07-6a-01', 94, 6, NULL, 3, 1, 12, 16, 889, 2591, 0, 0, 0, 213, 213, NULL, 'When Armor > 60%, Strong Melee Power boosted 20%', 1, 2, 'Ashen Coins (Event)'),
(586, 'Beam Rifle [Delta Plus]', '12-07-7a-01', 94, 7, NULL, 3, 1, 12, 16, 889, 0, 1702, 0, 0, 302, 302, NULL, 'When attacking with Beam, Sp. Shot Power boosted 25%', 1, 8, 'Ashen Coins (Event)'),
(587, 'Shield [Delta Plus]', '12-07-8-01', 94, 8, NULL, 3, 1, 12, 16, 889, 0, 0, 1142, 558, 350, 350, 207, NULL, NULL, NULL, 'Ashen Coins (Event)'),
(588, 'Gundam Legilis', '26-04-1-01', 95, 1, NULL, 4, 2, 20, 7, 1181, 384, 2380, 384, 384, 213, 417, NULL, 'With Rifle Category equipped, Projectile Speed boosted 15%', NULL, NULL, 'Haro Chip Capsule & [No. 002] Bonus Coins'),
(589, 'Gundam Legilis', '26-04-2-01', 95, 2, NULL, 4, 2, 20, 7, 1977, 384, 796, 796, 796, 0, 611, 208, NULL, NULL, NULL, 'Haro Chip Capsule & [No. 002] Bonus Coins'),
(590, 'Gundam Legilis', '26-04-3-01', 95, 3, NULL, 4, 2, 20, 7, 1181, 796, 796, 1181, 1181, 0, 0, 209, NULL, NULL, NULL, 'Haro Chip Capsule & [No. 002] Bonus Coins'),
(591, 'Gundam Legilis', '26-04-4-01', 95, 4, NULL, 4, 2, 20, 13, 1181, 384, 384, 796, 1181, 417, 611, NULL, 'With Saber Category equipped, EX Skill CD reduced 20%', NULL, NULL, 'Haro Chip Capsule & [No. 002] Bonus Coins'),
(592, 'Gundam Legilis', '26-04-5-01', 95, 5, NULL, 4, 2, 20, 13, 1181, 384, 384, 796, 1181, 417, 611, 210, NULL, NULL, NULL, 'Haro Chip Capsule & [No. 002] Bonus Coins'),
(593, 'Legilis Rifle', '26-04-7a-01', 95, 7, NULL, 4, 2, 20, 7, 1181, 0, 3177, 0, 0, 213, 611, NULL, 'With Technique attribute (self), Initial EX Skill Charge boosted 20%', 1, 8, 'Haro Chip Capsule & [No. 002] Bonus Coins'),
(594, 'Shield [Legilis]', '26-04-8-01', 95, 8, NULL, 4, 2, 20, 7, 1181, 0, 0, 796, 1602, 213, 806, 211, NULL, NULL, NULL, 'Haro Chip Capsule & [No. 002] Bonus Coins'),
(595, 'Gundam TR-1 [Advanced Hazel w/ Optical Sensor Unit]', '40-01-1-01', 96, 1, NULL, 3, 2, 8, 9, 1144, 292, 891, 558, 558, 302, 0, NULL, 'With Technique attribute (self), Shot Spread reduced 15%', NULL, NULL, 'Capsule Medals (Event Capsules)'),
(596, 'Gundam TR-1 [Advanced Hazel w/ Optical Sensor Unit]', '40-01-2-01', 96, 2, NULL, 3, 2, 8, 9, 1702, 292, 292, 558, 558, 430, 0, 212, NULL, NULL, NULL, 'Capsule Medals (Event Capsules)'),
(597, 'Gundam TR-1 [Advanced Hazel w/ Optical Sensor Unit]', '40-01-3-01', 96, 3, NULL, 3, 2, 8, 9, 891, 891, 292, 891, 891, 127, 0, NULL, 'With Technique attribute (self), Melee CRIT Rate boosted 17%', NULL, NULL, 'Capsule Medals (Event Capsules)'),
(598, 'Gundam TR-1 [Advanced Hazel w/ Optical Sensor Unit]', '40-01-4-01', 96, 4, NULL, 3, 2, 8, 16, 891, 292, 292, 891, 891, 127, 430, 213, NULL, NULL, NULL, 'Capsule Medals (Event Capsules)'),
(599, 'Gundam TR-1 [Advanced Hazel w/ Optical Sensor Unit]', '40-01-5-01', 96, 5, NULL, 3, 2, 8, 16, 891, 292, 292, 891, 891, 430, 127, 214, NULL, NULL, NULL, 'Capsule Medals (Event Capsules)'),
(600, 'Beam Rifle [Gundam TR-1 Advanced Hazel]', '40-01-7a-01', 96, 7, NULL, 3, 2, 8, 9, 891, 0, 1144, 292, 292, 430, 302, NULL, 'Middle-Shooter Job, Sp. Shot DMG Output boosted 20', 1, 8, 'Capsule Medals (Event Capsules)'),
(601, 'Enhanced Shield Booster', '40-01-8-01', 96, 8, NULL, 3, 2, 8, 9, 891, 0, 0, 891, 891, 718, 0, 215, NULL, NULL, NULL, 'Capsule Medals (Event Capsules)'),
(602, 'Shield Booster', '40-01-8-01', 96, 8, NULL, 3, 2, 8, 16, 891, 0, 0, 891, 891, 718, 0, NULL, 'With Technique attribute (self), Buff EX Skill Effect 15%', NULL, NULL, 'Capsule Medals (Event Capsules)'),
(603, 'EARTHREE GUNDAM', '62-01-1-01', 97, 1, NULL, 4, 3, 1, 26, 795, 382, 2377, 795, 795, 0, 416, 3, NULL, NULL, NULL, 'Haro Chip Capsule & [No. 002] Bonus Coins'),
(604, 'EARTHREE GUNDAM', '62-01-2-01', 97, 2, NULL, 4, 3, 1, 26, 1601, 382, 382, 1179, 1179, 0, 609, NULL, 'When Armor > 40%, Buff EX Skill Effect up 22%', NULL, NULL, 'Haro Chip Capsule & [No. 002] Bonus Coins'),
(605, 'EARTHREE GUNDAM', '62-01-3-01', 97, 3, NULL, 4, 3, 1, 26, 795, 2377, 382, 1179, 1179, 0, 0, NULL, '15% chance of attacks penetrating super armor', NULL, NULL, 'Haro Chip Capsule & [No. 002] Bonus Coins'),
(606, 'EARTHREE GUNDAM', '62-01-4-01', 97, 4, NULL, 4, 3, 1, 13, 795, 382, 382, 1179, 1179, 416, 609, NULL, 'When attacking with Beam, Long Shot Attack raised 20%', NULL, NULL, 'Haro Chip Capsule & [No. 002] Bonus Coins'),
(607, 'EARTHREE GUNDAM', '62-01-5-01', 97, 5, NULL, 4, 3, 1, 13, 795, 382, 382, 1179, 1179, 416, 609, 216, NULL, NULL, NULL, 'Haro Chip Capsule & [No. 002] Bonus Coins'),
(608, 'Beam Saber [EARTHREE]', '62-01-6a-01', 97, 6, NULL, 4, 3, 1, 26, 795, 3173, 0, 0, 0, 211, 609, NULL, 'When Armor > 40%, Melee DMG taken reduced 35', 1, 2, 'Haro Chip Capsule & [No. 002] Bonus Coins'),
(609, 'Beam Rifle [EARTHREE]', '62-01-7a-01', 97, 7, NULL, 4, 3, 1, 26, 795, 0, 3173, 0, 0, 211, 609, 217, NULL, 1, 8, 'Haro Chip Capsule & [No. 002] Bonus Coins'),
(610, 'Shield [EARTHREE]', '62-01-8-01', 97, 8, NULL, 4, 3, 1, 26, 795, 0, 0, 1601, 1601, 211, 805, NULL, 'Beam ranged weapon magazine boosted 20%', NULL, NULL, 'Haro Chip Capsule & [No. 002] Bonus Coins'),
(611, 'Gundam F91', '13-01-1-01', 98, 1, NULL, 4, 2, 1, 13, 796, 383, 2378, 796, 796, 212, 212, 218, NULL, NULL, NULL, 'Capsule Medals (Event Capsules)'),
(612, 'Gundam F91', '13-01-2-01', 98, 2, NULL, 4, 2, 1, 7, 1602, 383, 383, 1180, 1180, 288, 288, NULL, 'With Saber Category equipped, EX Skill DMG Output boosted 35', NULL, NULL, 'Capsule Medals (Event Capsules)'),
(613, 'Gundam F91', '13-01-3-01', 98, 3, 8, 4, 2, 1, 9, 1602, 2378, 383, 2781, 2781, 417, 417, NULL, 'With Bazooka Category equipped, Sp. Shot Power boosted 30%', NULL, NULL, 'Capsule Medals (Event Capsules)'),
(614, 'Gundam F91', '13-01-4-01', 98, 4, NULL, 4, 2, 1, 9, 796, 383, 383, 1180, 1180, 475, 502, 219, NULL, NULL, NULL, 'Capsule Medals (Event Capsules)'),
(615, 'Gundam F91', '13-01-5-01', 98, 5, NULL, 4, 2, 1, 13, 796, 383, 383, 1180, 1180, 502, 475, 220, NULL, NULL, NULL, 'Capsule Medals (Event Capsules)'),
(616, 'Beam Saber [F91]', '13-01-6a-01', 98, 6, NULL, 4, 2, 1, 9, 796, 3176, 0, 0, 0, 417, 417, NULL, 'With Rifle Category equipped, Melee DMG Output boosted 35', 1, 2, 'Capsule Medals (Event Capsules)'),
(617, 'Beam Launcher [F91]', '13-01-7d-01', 98, 7, NULL, 4, 2, 1, 13, 796, 0, 3176, 0, 0, 417, 417, NULL, 'With Saber Category equipped, EX Skill Power boosted 30%', 1, 12, 'Capsule Medals (Event Capsules)'),
(618, 'Beam Rifle [F91]', '13-01-7a-01', 98, 7, NULL, 4, 2, 1, 13, 796, 0, 3176, 0, 0, 417, 417, NULL, 'With Saber Category equipped, Initial EX Skill Charge boosted 20%', 1, 8, 'Capsule Medals (Event Capsules)'),
(619, 'Buster Gundam', '21-99-1-01', 99, 1, NULL, 3, 1, 8, 21, 291, 291, 2300, 291, 889, 0, 0, NULL, 'With Power attribute (self), Shooting Power boosted 25%', NULL, NULL, 'Capsule Medals (Event Capsules)'),
(620, 'Buster Gundam', '21-99-2-01', 99, 2, NULL, 3, 1, 8, 21, 1142, 291, 291, 558, 1142, 0, 428, 221, NULL, NULL, NULL, 'Capsule Medals (Event Capsules)'),
(621, 'Buster Gundam', '21-99-3-01', 99, 3, NULL, 3, 1, 8, 21, 889, 558, 291, 291, 1142, 126, 302, 138, NULL, NULL, NULL, 'Capsule Medals (Event Capsules)'),
(622, 'Buster Gundam', '21-99-4-01', 99, 4, NULL, 3, 1, 8, 13, 558, 291, 291, 558, 1142, 428, 302, 222, NULL, NULL, NULL, 'Capsule Medals (Event Capsules)'),
(623, 'Buster Gundam', '21-99-5-01', 99, 5, NULL, 3, 1, 8, 13, 558, 291, 291, 558, 1142, 302, 428, NULL, 'With Power attribute (self), Shooting Power boosted 25%', NULL, NULL, 'Capsule Medals (Event Capsules)'),
(624, 'Hyper Impulse Long-Range Sniper Rifle', '21-99-7b-01', 99, 7, NULL, 3, 1, 8, 13, 291, 0, 2867, 0, 0, 126, 302, 223, NULL, 1, 10, 'Capsule Medals (Event Capsules)'),
(625, 'Hy-Gogg [ALT]', '06-05-2-01', 100, 2, 1, 1, 2, 4, 17, 1088, 363, 569, 1088, 1088, 460, 0, 224, NULL, NULL, NULL, 'Capsule Medals (Event Capsules)'),
(626, 'Hy-Gogg [ALT]', '06-05-3-01', 100, 3, NULL, 1, 2, 4, 22, 363, 569, 186, 569, 569, 200, 80, 70, NULL, NULL, NULL, 'Capsule Medals (Event Capsules)'),
(627, 'Hy-Gogg [ALT]', '06-05-4-01', 100, 4, NULL, 1, 2, 4, 22, 363, 186, 186, 754, 754, 80, 200, 94, NULL, NULL, NULL, 'Capsule Medals (Event Capsules)'),
(628, 'Hy-Gogg [ALT]', '06-05-5-01', 100, 5, NULL, 1, 2, 4, 22, 363, 186, 186, 754, 754, 200, 80, NULL, 'With \"Ace Excl.\" enemy, Enemy Sp. Shot Power reduced 18%', NULL, NULL, 'Capsule Medals (Event Capsules)'),
(629, 'Kämpfer [ALT]', '06-06-1-01', 101, 1, NULL, 1, 1, 10, 7, 291, 291, 2300, 291, 889, 0, 0, NULL, 'With Power attribute (self), Shooting CRIT Rate boosted 17%', NULL, NULL, 'Capsule Medals (Event Capsules)'),
(630, 'Kämpfer [ALT]', '06-06-2-01', 101, 2, NULL, 1, 1, 10, 7, 1142, 291, 291, 558, 1142, 428, 0, NULL, 'With Power attribute (self), Buff EX Skill Time up 15%', NULL, NULL, 'Capsule Medals (Event Capsules)'),
(631, 'Kämpfer [ALT]', '06-06-3-01', 101, 3, NULL, 1, 1, 10, 17, 889, 558, 291, 291, 1142, 302, 126, NULL, 'With Power attribute (self), Shooting CRIT Rate boosted 17%', NULL, NULL, 'Capsule Medals (Event Capsules)'),
(632, 'Kämpfer [ALT]', '06-06-4-01', 101, 4, NULL, 1, 1, 10, 26, 558, 291, 291, 558, 1142, 302, 428, 225, NULL, NULL, NULL, 'Capsule Medals (Event Capsules)'),
(633, 'Kämpfer [ALT]', '06-06-5-01', 101, 5, NULL, 1, 1, 10, 26, 558, 291, 291, 558, 1142, 428, 302, 34, NULL, NULL, NULL, 'Capsule Medals (Event Capsules)'),
(634, 'Gafran [ALT]', '26-03-1-01', 102, 1, NULL, 1, 3, 2, 6, 364, 187, 187, 757, 757, 139, 139, 226, NULL, NULL, NULL, 'Capsule Medals (Event Capsules)'),
(635, 'Gafran [ALT]', '26-03-2-01', 102, 2, NULL, 1, 3, 2, 7, 757, 187, 0, 570, 570, 139, 139, NULL, 'With Module Category, Debuff EX Skill Effect up 12%', NULL, NULL, 'Capsule Medals (Event Capsules)'),
(636, 'Gafran [ALT]', '26-03-3-01', 102, 3, NULL, 1, 3, 2, 7, 364, 570, 187, 570, 570, 81, 81, 227, NULL, NULL, NULL, 'Capsule Medals (Event Capsules)'),
(637, 'Gafran [ALT]', '26-03-4-01', 102, 4, NULL, 1, 3, 2, 7, 364, 187, 187, 757, 757, 139, 139, NULL, 'With Module Category, EX Skill Recovery boosted 18%', NULL, NULL, 'Capsule Medals (Event Capsules)'),
(638, 'Gafran [ALT]', '26-03-5-01', 102, 5, NULL, 1, 3, 2, 6, 364, 187, 187, 757, 757, 139, 139, 228, NULL, NULL, NULL, 'Capsule Medals (Event Capsules)'),
(639, 'Jesta Cannon [ALT]', '12-02-1-01', 103, 1, NULL, 1, 2, 8, 15, 187, 187, 1480, 187, 570, 0, 0, NULL, 'When Armor > 70%, Close Shot Attack raised 10%', NULL, NULL, 'Capsule Medals (Event Capsules)'),
(640, 'Jesta Cannon [ALT]', '12-02-2-01', 103, 2, NULL, 1, 2, 8, 15, 754, 187, 187, 364, 754, 281, 0, NULL, 'With Technique attribute (self), Enemy Strong Melee Power Reduced 18%', NULL, NULL, 'Capsule Medals (Event Capsules)'),
(641, 'Jesta Cannon [ALT]', '12-02-3-01', 103, 3, NULL, 1, 2, 8, 19, 570, 364, 187, 187, 754, 201, 81, NULL, 'When Armor > 70%, Close Shot Attack raised 10%', NULL, NULL, 'Capsule Medals (Event Capsules)'),
(642, 'Jesta Cannon [ALT]', '12-02-4-01', 103, 4, NULL, 1, 2, 8, 19, 364, 187, 187, 364, 754, 201, 281, 17, NULL, NULL, NULL, 'Capsule Medals (Event Capsules)'),
(643, 'Jesta Cannon [ALT]', '12-02-5-01', 103, 5, NULL, 1, 2, 8, 19, 364, 187, 187, 364, 754, 281, 201, 70, NULL, NULL, NULL, 'Capsule Medals (Event Capsules)'),
(644, 'Beam Rifle [ALT] [Jesta Cannon]', '12-02-7c-02', 103, 7, NULL, 1, 2, 8, 15, 187, 0, 1864, 0, 0, 201, 81, NULL, 'With Machine Gun Category equipped, Sp. Shot DMG Output boosted 15', 1, 9, 'Capsule Medals (Event Capsules)'),
(645, 'Stark Jegan [ALT]', '12-03-1-01', 104, 1, NULL, 1, 1, 5, 8, 287, 138, 902, 287, 138, 55, 0, 63, NULL, NULL, NULL, 'Capsule Medals (Event Capsules)'),
(646, 'Stark Jegan [ALT]', '12-03-2-01', 104, 2, NULL, 1, 1, 5, 8, 376, 138, 138, 511, 287, 194, 0, NULL, 'Middle-Shooter Job, Strong Melee DMG Output boosted 10', NULL, NULL, 'Capsule Medals (Event Capsules)'),
(647, 'Stark Jegan [ALT]', '12-03-3-01', 104, 3, NULL, 1, 1, 5, 15, 287, 641, 138, 376, 287, 0, 0, 229, NULL, NULL, NULL, 'Capsule Medals (Event Capsules)'),
(648, 'Stark Jegan [ALT]', '12-03-4-01', 104, 4, NULL, 1, 1, 5, 15, 287, 138, 287, 376, 138, 194, 138, 112, NULL, NULL, NULL, 'Capsule Medals (Event Capsules)'),
(649, 'Stark Jegan [ALT]', '12-03-5-01', 104, 5, NULL, 1, 1, 5, 19, 287, 138, 138, 511, 138, 194, 138, NULL, 'Middle-Shooter Job, Sp. Shot DMG taken reduced 10', NULL, NULL, 'Capsule Medals (Event Capsules)'),
(650, 'Beam Rifle [ALT] [Stark Jegan]', '12-03-7a-03', 104, 7, NULL, 1, 1, 5, 7, 138, 0, 1154, 287, 0, 138, 55, NULL, 'Middle-Shooter Job, CRIT Rate boosted 10%', 1, 8, 'Capsule Medals (Event Capsules)'),
(651, 'Hyper Bazooka [ALT] [Stark Jegan]', '12-03-7d-03', 104, 7, NULL, 1, 1, 5, 7, 138, 0, 1154, 287, 0, 138, 55, NULL, 'Middle-Shooter Job, Shooting DMG Output boosted 10', 2, 12, 'Capsule Medals (Event Capsules)'),
(652, 'Beargguy [ALT]', '31-02-1-01', 105, 1, NULL, 1, 2, 4, 26, 1144, 292, 891, 558, 558, 302, 0, 147, NULL, NULL, NULL, 'Capsule Medals (Event Capsules)'),
(653, 'Beargguy [ALT]', '31-02-2-01', 105, 2, 4, 1, 2, 4, 24, 2593, 558, 558, 1435, 1435, 592, 430, NULL, 'With Module Category equipped, Buff EX Skill Effect up 15%', NULL, NULL, 'Capsule Medals (Event Capsules)'),
(654, 'Beargguy [ALT]', '31-02-3-01', 105, 3, NULL, 1, 2, 4, 24, 891, 891, 292, 891, 891, 127, 0, 230, NULL, NULL, NULL, 'Capsule Medals (Event Capsules)'),
(655, 'Beargguy [ALT]', '31-02-5-01', 105, 5, NULL, 1, 2, 4, 26, 891, 292, 292, 891, 891, 430, 127, 231, NULL, NULL, NULL, 'Capsule Medals (Event Capsules)'),
(656, 'Zudah [ALT]', '37-02-1-01', 106, 1, NULL, 1, 3, 9, 8, 372, 137, 287, 372, 137, 138, 54, NULL, 'When Armor < 50%, Shooting CRIT Rate boosted 14%', NULL, NULL, 'Capsule Medals (Event Capsules)'),
(657, 'Zudah [ALT]', '37-02-2-01', 106, 2, NULL, 1, 3, 9, 8, 511, 137, 137, 511, 287, 190, 0, NULL, 'When Armor < 50%, Debuff EX Skill Effect up 10%', NULL, NULL, 'Capsule Medals (Event Capsules)'),
(658, 'Zudah [ALT]', '37-02-3-01', 106, 3, 8, 1, 3, 9, 20, 372, 1012, 137, 1309, 372, 319, 0, 232, NULL, NULL, NULL, 'Capsule Medals (Event Capsules)'),
(659, 'Zudah [ALT]', '37-02-4-01', 106, 4, NULL, 1, 3, 9, 20, 287, 137, 137, 511, 287, 138, 190, 65, NULL, NULL, NULL, 'Capsule Medals (Event Capsules)'),
(660, 'Zudah [ALT]', '37-02-5-01', 106, 5, NULL, 1, 3, 9, 20, 287, 137, 137, 511, 287, 190, 138, 106, NULL, NULL, NULL, 'Capsule Medals (Event Capsules)'),
(661, 'Anti-Ship Rifle [ALT]', '37-02-7b-02', 106, 7, NULL, 1, 3, 9, 8, 372, 0, 797, 0, 0, 190, 138, NULL, 'With Speed attribute (self), Enemy Shooting Power reduced 10%', 2, 10, 'Capsule Medals (Event Capsules)'),
(662, 'Rick Dias [ALT] [Quattro Bajeena Colors]', '08-04-1-01', 107, 1, NULL, 1, 3, 9, 2, 365, 187, 571, 365, 365, 202, 202, 51, NULL, NULL, NULL, 'Capsule Medals (Event Capsules)'),
(663, 'Rick Dias [ALT] [Quattro Bajeena Colors]', '08-04-2-01', 107, 2, NULL, 1, 3, 9, 2, 365, 187, 187, 365, 365, 282, 282, NULL, 'When Armor > 70%, Debuff EX Skill Effect up 12%', NULL, NULL, 'Capsule Medals (Event Capsules)'),
(664, 'Rick Dias [ALT] [Quattro Bajeena Colors]', '08-04-3-01', 107, 3, NULL, 1, 3, 9, 24, 187, 571, 187, 365, 365, 282, 282, NULL, 'When Armor > 70%, Enemy Sp. Shot Power reduced 18%', NULL, NULL, 'Capsule Medals (Event Capsules)'),
(665, 'Rick Dias [ALT] [Quattro Bajeena Colors]', '08-04-4-01', 107, 4, NULL, 1, 3, 9, 24, 187, 187, 187, 571, 571, 282, 282, NULL, 'When Armor > 70%, Melee CRIT Rate boosted 14%', NULL, NULL, 'Capsule Medals (Event Capsules)'),
(666, 'Rick Dias [ALT] [Quattro Bajeena Colors]', '08-04-5-01', 107, 5, NULL, 1, 3, 9, 24, 187, 187, 187, 571, 571, 282, 282, 233, NULL, NULL, NULL, 'Capsule Medals (Event Capsules)'),
(667, 'Palace Athene [ALT]', '08-07-1-01', 108, 1, NULL, 1, 2, 10, 8, 570, 187, 570, 570, 364, 139, 139, 24, NULL, NULL, NULL, 'Capsule Medals (Event Capsules)'),
(668, 'Palace Athene [ALT]', '08-07-2-01', 108, 2, NULL, 1, 2, 10, 15, 942, 187, 187, 364, 364, 139, 139, NULL, 'With Technique attribute (self), Debuff EX Skill Effect up 12%', NULL, NULL, 'Capsule Medals (Event Capsules)'),
(669, 'Palace Athene [ALT]', '08-07-3-01', 108, 3, NULL, 1, 2, 10, 8, 364, 570, 187, 570, 570, 29, 29, 234, NULL, NULL, NULL, 'Capsule Medals (Event Capsules)'),
(670, 'Palace Athene [ALT]', '08-07-4-01', 108, 4, NULL, 1, 2, 10, 15, 570, 187, 187, 757, 187, 201, 201, NULL, 'When attacking with Beam, Shooting CRIT Rate boosted 14%', NULL, NULL, 'Capsule Medals (Event Capsules)'),
(671, 'Palace Athene [ALT]', '08-07-5-01', 108, 5, NULL, 1, 2, 10, 8, 570, 187, 187, 570, 364, 201, 201, NULL, 'With Technique attribute (self), Debuff EX Skill Effect up 12%', NULL, NULL, 'Capsule Medals (Event Capsules)'),
(672, 'Shield [ALT] [Palace Athene]', '08-07-8-01', 108, 8, NULL, 1, 2, 10, 15, 270, 0, 0, 942, 364, 209, 209, NULL, 'With Technique attribute (self), Sp. Shot DMG taken reduced 15', NULL, NULL, 'Capsule Medals (Event Capsules)'),
(673, 'Doven Wolf [ALT]', '10-02-1-01', 109, 1, NULL, 1, 3, 10, 2, 363, 186, 1088, 363, 363, 0, 200, NULL, 'Beam ranged weapon reload speed boosted 15%', NULL, NULL, 'Capsule Medals (Event Capsules)'),
(674, 'Doven Wolf [ALT]', '10-02-2-01', 109, 2, NULL, 1, 3, 10, 8, 754, 186, 186, 569, 569, 0, 280, 235, NULL, NULL, NULL, 'Capsule Medals (Event Capsules)'),
(675, 'Doven Wolf [ALT]', '10-02-3-01', 109, 3, NULL, 1, 3, 10, 2, 363, 1088, 186, 569, 569, 0, 0, NULL, 'When attacking with Beam, Mid Shot Attack raised 10%', NULL, NULL, 'Capsule Medals (Event Capsules)'),
(676, 'Doven Wolf [ALT]', '10-02-4-01', 109, 4, NULL, 1, 3, 10, 2, 363, 186, 186, 569, 569, 200, 280, NULL, 'When attacking with Beam, Mid Shot Attack raised 10%', NULL, NULL, 'Capsule Medals (Event Capsules)'),
(677, 'Doven Wolf [ALT]', '10-02-5-01', 109, 5, NULL, 1, 3, 10, 8, 363, 186, 186, 569, 569, 200, 280, 236, NULL, NULL, NULL, 'Capsule Medals (Event Capsules)'),
(678, 'Beam Rifle [ALT] [Doven Wolf]', '10-02-7a-03', 109, 7, NULL, 1, 3, 10, 8, 363, 0, 1479, 0, 0, 80, 280, NULL, 'Middle-Shooter Job, Shooting DMG taken reduced 15', 1, 8, 'Capsule Medals (Event Capsules)'),
(679, 'Serpent Custom [ALT]', '18-02-1-01', 110, 1, NULL, 1, 1, 2, 10, 137, 137, 1012, 137, 372, 0, 0, NULL, 'Physical ranged weapon, magazine boosted 10%', NULL, NULL, 'Capsule Medals (Event Capsules)'),
(680, 'Serpent Custom [ALT]', '18-02-2-01', 110, 2, NULL, 1, 1, 2, 10, 511, 137, 137, 287, 511, 190, 0, 49, NULL, NULL, NULL, 'Capsule Medals (Event Capsules)'),
(681, 'Serpent Custom [ALT]', '18-02-3-01', 110, 3, NULL, 1, 1, 2, 8, 372, 287, 137, 137, 511, 138, 54, 7, NULL, NULL, NULL, 'Capsule Medals (Event Capsules)'),
(682, 'Serpent Custom [ALT]', '18-02-4-01', 110, 4, NULL, 1, 1, 2, 8, 287, 137, 137, 287, 511, 138, 190, NULL, 'Long-Shooter Job, Sp. Shot power boosted 10%', NULL, NULL, 'Capsule Medals (Event Capsules)'),
(683, 'Serpent Custom [ALT]', '18-02-5-01', 110, 5, NULL, 1, 1, 2, 7, 287, 137, 137, 287, 511, 190, 138, 237, NULL, NULL, NULL, 'Capsule Medals (Event Capsules)'),
(684, 'Bazooka [ALT] [Serpent]', '18-02-7d-01', 110, 7, NULL, 1, 1, 2, 7, 137, 0, 1309, 0, 0, 138, 54, NULL, 'With \"Gundam Type\" enemy, Sp. Shot DMG taken reduced 10', 2, 12, 'Capsule Medals (Event Capsules)'),
(685, 'Beam Cannon [ALT] [Serpent]', '18-02-7b-01', 110, 7, NULL, 1, 1, 2, 7, 137, 0, 1309, 0, 0, 138, 54, NULL, 'Long-Shooter Job, Shooting DMG Output boosted 10', 1, 10, 'Capsule Medals (Event Capsules)'),
(686, 'Byarlant Custom [ALT]', '12-05-1-01', 111, 1, NULL, 1, 3, 9, 8, 187, 187, 1480, 187, 570, 0, 0, NULL, 'Physical ranged weapon, reload speed boosted 15%', NULL, NULL, 'Capsule Medals (Event Capsules)'),
(687, 'Byarlant Custom [ALT]', '12-05-2-01', 111, 2, NULL, 1, 3, 8, 25, 754, 187, 187, 364, 754, 0, 281, 34, NULL, NULL, NULL, 'Capsule Medals (Event Capsules)'),
(688, 'Byarlant Custom [ALT]', '12-05-3-01', 111, 3, NULL, 1, 3, 8, 9, 570, 364, 187, 187, 754, 81, 201, 238, NULL, NULL, NULL, 'Capsule Medals (Event Capsules)'),
(689, 'Byarlant Custom [ALT]', '12-05-4-01', 111, 4, NULL, 1, 3, 9, 8, 364, 187, 187, 364, 754, 281, 201, NULL, 'With Module Category equipped, Close Shot Attack raised 10%', NULL, NULL, 'Capsule Medals (Event Capsules)'),
(690, 'Byarlant Custom [ALT]', '12-05-5-01', 111, 5, NULL, 1, 3, 8, 16, 364, 187, 187, 364, 754, 201, 281, 118, NULL, NULL, NULL, 'Capsule Medals (Event Capsules)'),
(691, 'Gundam Rose [ALT]', '16-04-1-01', 112, 1, NULL, 1, 2, 14, 24, 559, 292, 1436, 292, 891, 303, 127, 3, NULL, NULL, NULL, 'Capsule Medals (Event Capsules)'),
(692, 'Gundam Rose [ALT]', '16-04-2-01', 112, 2, NULL, 1, 2, 14, 24, 891, 559, 292, 559, 1144, 430, 0, NULL, 'With Technique attribute (self), EX Skill CD reduced 15%', NULL, NULL, 'Capsule Medals (Event Capsules)'),
(693, 'Gundam Rose [ALT]', '16-04-3-01', 112, 3, 8, 1, 2, 14, 24, 1144, 1994, 292, 1144, 2304, 592, 127, 239, NULL, NULL, NULL, 'Capsule Medals (Event Capsules)'),
(694, 'Gundam Rose [ALT]', '16-04-4-01', 112, 4, NULL, 1, 2, 14, 8, 559, 292, 292, 292, 891, 430, 303, 79, NULL, NULL, NULL, 'Capsule Medals (Event Capsules)'),
(695, 'Gundam Rose [ALT]', '16-04-5-01', 112, 5, NULL, 1, 2, 14, 8, 559, 292, 292, 292, 891, 430, 303, NULL, 'With Saber Category equipped, Buff EX Skill Time up 15%', NULL, NULL, 'Capsule Medals (Event Capsules)'),
(696, 'Chevalier Saber [ALT]', '16-02-6a-01', 112, 6, NULL, 1, 2, 14, 8, 292, 2594, 0, 0, 559, 303, 127, NULL, 'Job Gauge Increase boosted 13%', 2, 2, 'Capsule Medals (Event Capsules)'),
(697, 'Tallgeese [Endless Waltz Ver.]', '18-04-1-01', 113, 1, NULL, 4, 3, 9, 8, 799, 384, 2789, 384, 384, 213, 213, NULL, 'When Armor > 40%, EX Skill DMG Output boosted 35', NULL, NULL, 'Haro Chip Capsule & [No. 003] Bonus Coins'),
(698, 'Tallgeese [Endless Waltz Ver.]', '18-04-2-01', 113, 2, NULL, 4, 3, 9, 8, 1606, 799, 799, 799, 799, 290, 290, NULL, 'In-Fighter Job, EX Skill DMG taken reduced 35', NULL, NULL, 'Haro Chip Capsule & [No. 003] Bonus Coins'),
(699, 'Tallgeese [Endless Waltz Ver.]', '18-04-3-01', 113, 3, 8, 4, 3, 9, 6, 1606, 3587, 1606, 1182, 1182, 477, 477, 240, NULL, NULL, NULL, 'Haro Chip Capsule & [No. 003] Bonus Coins'),
(700, 'Tallgeese [Endless Waltz Ver.]', '18-04-4-01', 113, 4, NULL, 4, 3, 9, 6, 799, 799, 384, 799, 799, 477, 477, NULL, 'In-Fighter Job, EX Skill DMG taken reduced 35', NULL, NULL, 'Haro Chip Capsule & [No. 003] Bonus Coins'),
(701, 'Tallgeese [Endless Waltz Ver.]', '18-04-5-01', 113, 5, NULL, 4, 3, 9, 6, 799, 799, 384, 799, 799, 477, 477, NULL, 'With Speed attribute (self), Buff EX Skill Time up 22%', NULL, NULL, 'Haro Chip Capsule & [No. 003] Bonus Coins'),
(702, 'Dober Gun', '18-04-7b-01', 113, 7, NULL, 4, 3, 9, 8, 384, 0, 3587, 0, 0, 420, 420, NULL, 'Beam ranged weapon magazine boosted 20%', 1, 10, 'Haro Chip Capsule & [No. 003] Bonus Coins'),
(703, 'Victory Gundam', '15-01-1-01', 114, 1, NULL, 4, 2, 23, 1, 1181, 384, 796, 1181, 384, 213, 417, 3, NULL, NULL, NULL, 'Haro Chip Capsule & [No. 003] Bonus Coins'),
(704, 'Victory Gundam', '15-01-2-01', 114, 2, NULL, 4, 2, 23, 1, 1602, 384, 384, 1602, 796, 0, 611, NULL, 'With Rifle Category equipped, EX Skill Piercing boosted 28%', NULL, NULL, 'Haro Chip Capsule & [No. 003] Bonus Coins'),
(705, 'Victory Gundam', '15-01-3-01', 114, 3, 8, 4, 2, 23, 1, 1181, 3177, 384, 3997, 1181, 0, 1028, 241, NULL, NULL, NULL, 'Haro Chip Capsule & [No. 003] Bonus Coins'),
(706, 'Victory Gundam', '15-01-4-01', 114, 4, NULL, 4, 2, 23, 2, 796, 384, 384, 1602, 796, 611, 417, NULL, 'With Rifle Category equipped, Close Shot Attack raised 20%', NULL, NULL, 'Haro Chip Capsule & [No. 003] Bonus Coins'),
(707, 'Victory Gundam', '15-01-5-01', 114, 5, NULL, 4, 2, 23, 2, 796, 384, 384, 1602, 796, 417, 611, NULL, 'With Technique attribute (self), Debuff EX Skill Time up 22%', NULL, NULL, 'Haro Chip Capsule & [No. 003] Bonus Coins'),
(708, 'Beam Saber [Victory]', '15-01-6a-01', 114, 6, NULL, 4, 2, 23, 2, 384, 3997, 0, 0, 0, 213, 417, NULL, 'With Technique attribute (self), Strong Melee CRIT Rate boosted 30%', 1, 2, 'Haro Chip Capsule & [No. 003] Bonus Coins'),
(709, 'Beam Rifle [Victory]', '15-01-7a-01', 114, 7, NULL, 4, 2, 23, 2, 1181, 0, 2380, 0, 0, 417, 611, NULL, 'Beam ranged weapon reload speed boosted 20%', 1, 8, 'Haro Chip Capsule & [No. 003] Bonus Coins'),
(710, 'Rozen Zulu', '12-08-1-01', 115, 1, NULL, 3, 2, 17, 3, 889, 291, 558, 889, 558, 302, 126, NULL, 'Out-Fighter Job, Mid Shot Attack raised 14%', NULL, NULL, 'Rose Coins (Event)'),
(711, 'Rozen Zulu', '12-08-2-01', 115, 2, NULL, 3, 2, 17, 3, 1433, 558, 291, 558, 558, 428, 0, NULL, 'With Technique attribute (self), Sp. Shot DMG taken reduced 20', NULL, NULL, 'Rose Coins (Event)'),
(712, 'Rozen Zulu', '12-08-3-01', 115, 3, NULL, 3, 2, 17, 3, 558, 1991, 0, 889, 889, 0, 0, 242, NULL, NULL, NULL, 'Rose Coins (Event)'),
(713, 'Rozen Zulu', '12-08-4-01', 115, 4, NULL, 3, 2, 17, 10, 889, 291, 291, 889, 558, 428, 302, NULL, 'When Armor < 40%, Shooting CRIT Rate boosted 17%', NULL, NULL, 'Rose Coins (Event)'),
(714, 'Rozen Zulu', '12-08-5-01', 115, 5, NULL, 3, 2, 17, 10, 889, 291, 291, 889, 558, 428, 302, 243, NULL, NULL, NULL, 'Rose Coins (Event)'),
(715, 'Shield [Rozen Zulu]', '12-08-8-01', 115, 8, NULL, 3, 2, 17, 10, 889, 0, 0, 1142, 558, 590, 123, 244, NULL, NULL, NULL, 'Rose Coins (Event)'),
(716, 'Gundam GP01 [Zephyranthes]', '07-01-1-01', 116, 1, NULL, 4, 2, 1, 16, 1605, 384, 1181, 797, 797, 418, 0, 3, NULL, NULL, NULL, 'Haro Chip Capsule & [No. 004] Bonus Coins'),
(717, 'Gundam GP01 [Zephyranthes]', '07-01-2-01', 116, 2, NULL, 4, 2, 1, 16, 2382, 384, 384, 797, 797, 611, 0, 84, NULL, NULL, NULL, 'Haro Chip Capsule & [No. 004] Bonus Coins'),
(718, 'Gundam GP01 [Zephyranthes]', '07-01-3-01', 116, 3, NULL, 4, 2, 1, 21, 1181, 1181, 384, 1181, 1181, 213, 0, NULL, 'Beam ranged weapon reload speed boosted 20%', NULL, NULL, 'Haro Chip Capsule & [No. 004] Bonus Coins'),
(719, 'Gundam GP01 [Zephyranthes]', '07-01-4-01', 116, 4, NULL, 4, 2, 1, 21, 1181, 384, 384, 1181, 1181, 213, 611, NULL, 'Defender Job, EX Skill CD reduced 20%', NULL, NULL, 'Haro Chip Capsule & [No. 004] Bonus Coins'),
(720, 'Gundam GP01 [Zephyranthes]', '07-01-5-01', 116, 5, NULL, 4, 2, 1, 21, 1181, 384, 384, 1181, 1181, 611, 213, 245, NULL, NULL, NULL, 'Haro Chip Capsule & [No. 004] Bonus Coins'),
(721, 'Beam Rifle [GP01]', '07-01-7a-01', 116, 7, NULL, 4, 2, 1, 16, 1181, 0, 1605, 384, 384, 611, 418, NULL, 'With Technique attribute (self), Enemy Shooting Power reduced 30%', 1, 8, 'Haro Chip Capsule & [No. 004] Bonus Coins'),
(722, 'Shield [GP01]', '07-01-8-01', 116, 8, NULL, 4, 2, 1, 16, 1181, 0, 0, 1181, 1181, 1029, 0, 221, NULL, NULL, NULL, 'Haro Chip Capsule & [No. 004] Bonus Coins'),
(723, 'Gundam GP02A [Physalis]', '07-07-1-01', 117, 1, NULL, 4, 1, 17, 13, 1605, 384, 1181, 797, 797, 418, 0, 3, NULL, NULL, NULL, 'Haro Chip Capsule & [No. 004] Bonus Coins'),
(724, 'Gundam GP02A [Physalis]', '07-07-2-01', 117, 2, NULL, 4, 1, 17, 13, 2382, 384, 384, 797, 797, 611, 0, NULL, '11% chance to survive a fatal blow', NULL, NULL, 'Haro Chip Capsule & [No. 004] Bonus Coins'),
(725, 'Gundam GP02A [Physalis]', '07-07-3-01', 117, 3, NULL, 4, 1, 17, 13, 1181, 1181, 384, 1181, 1181, 213, 0, NULL, 'Physical ranged weapon, reload speed boosted 20%', NULL, NULL, 'Haro Chip Capsule & [No. 004] Bonus Coins'),
(726, 'Gundam GP02A [Physalis]', '07-07-4-01', 117, 4, NULL, 4, 1, 17, 25, 1181, 384, 384, 1181, 1181, 213, 611, 246, NULL, NULL, NULL, 'Haro Chip Capsule & [No. 004] Bonus Coins'),
(727, 'Gundam GP02A [Physalis]', '07-07-5-01', 117, 5, NULL, 4, 1, 17, 25, 1181, 384, 384, 1181, 1181, 611, 213, NULL, 'With Bazooka Category equipped, Debuff EX Skill Effect up 22%', NULL, NULL, 'Haro Chip Capsule & [No. 004] Bonus Coins'),
(728, 'Atomic Bazooka', '07-07-7d-01', 117, 7, NULL, 4, 1, 17, 25, 384, 0, 3997, 0, 0, 213, 417, 247, NULL, 2, 12, 'Haro Chip Capsule & [No. 004] Bonus Coins'),
(729, 'Radiator Shield', '07-07-8-01', 117, 8, NULL, 4, 1, 17, 25, 1181, 0, 0, 1181, 1181, 1029, 0, NULL, 'Physical ranged weapon, magazine boosted 20%', NULL, NULL, 'Haro Chip Capsule & [No. 004] Bonus Coins'),
(730, 'Gundam AGE Normal', '26-01-1-01', 118, 1, NULL, 3, 1, 7, 13, 559, 294, 893, 559, 559, 303, 303, 34, NULL, NULL, NULL, 'AGE Coins (Event)'),
(731, 'Gundam AGE Normal', '26-01-2-01', 118, 2, NULL, 3, 1, 7, 13, 559, 294, 294, 559, 559, 432, 432, NULL, 'With \"For Computers\" enemy, Strong Melee Power boosted 25%', NULL, NULL, 'AGE Coins (Event)'),
(732, 'Gundam AGE Normal', '26-01-3-01', 118, 3, NULL, 3, 1, 7, 13, 294, 893, 294, 559, 559, 432, 432, NULL, 'When Armor < 40%, Melee DMG Output boosted 20', NULL, NULL, 'AGE Coins (Event)'),
(733, 'Gundam AGE Normal', '26-01-4-01', 118, 4, NULL, 3, 1, 7, 1, 294, 294, 294, 893, 893, 432, 432, 248, NULL, NULL, NULL, 'AGE Coins (Event)'),
(734, 'Gundam AGE Normal', '26-01-5-01', 118, 5, NULL, 3, 1, 7, 1, 294, 294, 294, 893, 893, 432, 432, NULL, 'When Armor > 60%, Shooting DMG Output boosted 20', NULL, NULL, 'AGE Coins (Event)'),
(735, 'DODS Rifle', '26-01-7a-01', 118, 7, NULL, 3, 1, 7, 1, 559, 0, 1146, 0, 0, 432, 432, NULL, 'With Power attribute (self), Initial EX Skill Charge boosted 12%', 1, 8, 'AGE Coins (Event)'),
(736, 'Shield [AGE]', '26-01-8-01', 118, 8, NULL, 3, 1, 7, 13, 294, 0, 0, 893, 893, 594, 594, NULL, 'With Power attribute (self), Buff EX Skill Effect up 15%', NULL, NULL, 'AGE Coins (Event)'),
(737, 'Unicorn', '12-10-1-01', 119, 1, NULL, 4, 1, 20, 13, 965, 553, 2922, 553, 553, 284, 464, 3, NULL, NULL, NULL, 'Haro Chip Capsule'),
(738, 'Unicorn', '12-10-2-01', 119, 2, NULL, 4, 1, 20, 13, 1734, 965, 965, 965, 965, 0, 673, 313, NULL, NULL, NULL, 'Haro Chip Capsule'),
(739, 'Unicorn', '12-10-3-01', 119, 3, NULL, 4, 1, 20, 13, 965, 2922, 1356, 553, 553, 0, 0, 314, NULL, NULL, NULL, 'Haro Chip Capsule'),
(740, 'Unicorn', '12-10-4-01', 119, 4, NULL, 4, 1, 20, 10, 965, 965, 553, 965, 965, 673, 464, NULL, 'With Speed attribute (self), Sp. Shot Power boosted 30%', NULL, NULL, 'Haro Chip Capsule'),
(741, 'Unicorn', '12-10-5-01', 119, 5, NULL, 4, 1, 20, 10, 965, 965, 553, 965, 965, 464, 673, 315, NULL, NULL, NULL, 'Haro Chip Capsule'),
(742, 'Beam Saber [Unicorn]', '12-10-6a-01', 119, 6, NULL, 4, 3, 20, 10, 553, 3690, 0, 0, 0, 464, 673, NULL, 'With Speed attribute (self), Initial EX Skill Charge boosted 20%', 1, 2, 'Haro Chip Capsule'),
(743, 'Beam Magnum', '12-10-7a-01', 119, 7, NULL, 4, 3, 20, 10, 553, 154, 3690, 0, 0, 284, 464, NULL, 'When Armor > 40%, Sp. Shot Power boosted 30%', 1, 8, 'Haro Chip Capsule'),
(744, 'Hyper Bazooka [Unicorn]', '12-10-7d-01', 119, 7, NULL, 4, 3, 20, 13, 553, 154, 3690, 0, 0, 284, 464, NULL, 'With Speed attribute (self), Enemy Shooting Power reduced 30%', 2, 12, 'Haro Chip Capsule'),
(745, 'Shield [Unicorn]', '12-10-8-01', 119, 8, NULL, 4, 3, 20, 13, 965, 965, 553, 965, 965, 0, 1082, NULL, 'When Armor > 40%, EX Skill DMG Output Boosted 35', NULL, NULL, 'Haro Chip Capsule'),
(746, 'Kshatriya', '12-09-1-01', 120, 1, NULL, 4, 1, 17, 20, 0, 551, 3307, 551, 965, 670, 0, NULL, 'When attacking with Beam, Long Shot Attack raised 20%', NULL, NULL, 'Haro Chip Capsule'),
(747, 'Kshatriya', '12-09-2-01', 120, 2, NULL, 4, 1, 17, 20, 1732, 965, 965, 0, 1732, 670, 0, 249, NULL, NULL, NULL, 'Haro Chip Capsule'),
(748, 'Kshatriya', '12-09-3-01', 120, 3, 8, 4, 1, 17, 20, 2302, 965, 965, 1506, 4255, 1543, 282, 163, NULL, NULL, NULL, 'Haro Chip Capsule'),
(749, 'Kshatriya', '12-09-4-01', 120, 4, NULL, 4, 1, 17, 3, 965, 551, 965, 965, 1353, 670, 282, NULL, 'Long-Shooter Job, Enemy Melee Power reduced 30%', NULL, NULL, 'Haro Chip Capsule'),
(750, 'Gundam Heavyarms', '17-04-1-01', 121, 1, NULL, 3, 2, 10, 22, 891, 292, 1702, 292, 292, 213, 213, NULL, 'Beam ranged weapon magazine boosted 20%', NULL, NULL, 'Heavy Weaponry Coins (Event)'),
(751, 'Gundam Heavyarms', '17-04-2-01', 121, 2, NULL, 3, 2, 10, 22, 1435, 292, 558, 558, 558, 213, 213, 250, NULL, NULL, NULL, 'Heavy Weaponry Coins (Event)'),
(752, 'Gundam Heavyarms', '17-04-3-01', 121, 3, NULL, 3, 2, 10, 22, 891, 558, 558, 891, 891, 0, 0, 251, NULL, NULL, NULL, 'Heavy Weaponry Coins (Event)'),
(753, 'Gundam Heavyarms', '17-04-4-01', 121, 4, NULL, 3, 2, 10, 25, 891, 292, 292, 558, 891, 351, 351, NULL, 'With Technique attribute (self), Long Shot Attack raised 14%', NULL, NULL, 'Heavy Weaponry Coins (Event)'),
(754, 'Gundam Heavyarms', '17-04-5-01', 121, 5, NULL, 3, 2, 10, 25, 891, 292, 292, 558, 891, 351, 351, 252, NULL, NULL, NULL, 'Heavy Weaponry Coins (Event)'),
(755, 'Beam Gatling Gun [with Shield]', '17-04-7-01', 121, 7, 8, 3, 2, 10, 22, 1702, 0, 2302, 558, 1144, 624, 624, NULL, 'Beam ranged weapon magazine boosted 20%', 1, 11, 'Heavy Weaponry Coins (Event)'),
(756, 'Sanakapool', '99-08-2-01', 122, 2, 1, 3, 1, 4, 15, 2778, 795, 1179, 2778, 1974, 211, 1025, NULL, 'With Power attribute (self), EX Skill Piercing boosted 28%', NULL, NULL, 'Sanakapool Coin Capsule [(001) Premium Material Exchange]'),
(757, 'Sanakapool', '99-08-3-01', 122, 3, NULL, 3, 1, 4, 15, 384, 3173, 384, 1601, 384, 0, 0, 253, NULL, NULL, NULL, 'Sanakapool Coin Capsule [(001) Premium Material Exchange]'),
(758, 'Sanakapool', '99-08-4-01', 122, 4, NULL, 3, 1, 4, 26, 795, 384, 384, 1601, 795, 609, 416, 254, NULL, NULL, NULL, 'Sanakapool Coin Capsule [(001) Premium Material Exchange]'),
(759, 'Gundam Barbatos [6th Form]', '28-05-1-01', 123, 1, NULL, 4, 3, 24, 3, 1182, 384, 799, 1182, 384, 290, 290, NULL, 'With Blade Category equipped, EX Skill DMG Output boosted 35', NULL, NULL, 'Haro Chip Capsule & [No. 005] Bonus Coins'),
(760, 'Gundam Barbatos [6th Form]', '28-05-2-01', 123, 2, NULL, 4, 3, 24, 3, 1606, 384, 384, 1606, 799, 290, 290, NULL, 'Defender Job, Shooting DMG taken reduced 35', NULL, NULL, 'Haro Chip Capsule & [No. 005] Bonus Coins'),
(761, 'Gundam Barbatos [6th Form]', '28-05-3-01', 123, 3, NULL, 4, 3, 24, 3, 384, 3181, 384, 1606, 384, 0, 0, 255, NULL, NULL, NULL, 'Haro Chip Capsule & [No. 005] Bonus Coins'),
(762, 'Gundam Barbatos [6th Form]', '28-05-4-01', 123, 4, NULL, 4, 3, 24, 13, 799, 384, 384, 1606, 799, 420, 290, NULL, 'Defender Job, EX Skill Piercing boosted 28%', NULL, NULL, 'Haro Chip Capsule & [No. 005] Bonus Coins'),
(763, 'Gundam Barbatos [6th Form]', '28-05-5-01', 123, 5, NULL, 4, 3, 24, 13, 799, 384, 384, 1606, 799, 290, 420, 256, NULL, NULL, NULL, 'Haro Chip Capsule & [No. 005] Bonus Coins'),
(764, 'Wrench Mace', '28-05-6c-01', 123, 6, NULL, 4, 3, 24, 3, 384, 4004, 0, 0, 0, 420, 420, 257, NULL, 2, 5, 'Haro Chip Capsule & [No. 005] Bonus Coins'),
(765, 'Gundam Nadleeh', '25-06-1-01', 124, 1, NULL, 3, 3, 20, 26, 558, 291, 1698, 558, 558, 0, 302, NULL, 'Middle-Shooter Job, Shooting CRIT Rate boosted 17%', NULL, NULL, 'Trial Coins (Event)'),
(766, 'Gundam Nadleeh', '25-06-2-01', 124, 2, NULL, 3, 3, 20, 26, 1140, 291, 291, 889, 889, 0, 428, 258, NULL, NULL, NULL, 'Trial Coins (Event)'),
(767, 'Gundam Nadleeh', '25-06-3-01', 124, 3, NULL, 3, 3, 20, 26, 558, 1698, 291, 889, 889, 0, 0, NULL, 'With Speed attribute (self), Melee Power boosted 25%', NULL, NULL, 'Trial Coins (Event)'),
(768, 'Gundam Nadleeh', '25-06-4-01', 124, 4, NULL, 3, 3, 20, 13, 558, 291, 291, 889, 889, 302, 428, NULL, 'When Armor > 40%, Shot Spread reduced 15%', NULL, NULL, 'Trial Coins (Event)'),
(769, 'Gundam Nadleeh', '25-06-5-01', 124, 5, NULL, 3, 3, 20, 13, 558, 291, 291, 889, 889, 302, 428, NULL, 'With Speed attribute (self), Shooting Power boosted 25%', NULL, NULL, 'Trial Coins (Event)'),
(770, 'GN Beam Saber [Nadleeh]', '25-06-6a-01', 124, 6, NULL, 3, 3, 20, 26, 558, 2297, 0, 0, 0, 126, 428, NULL, 'With Speed attribute (self), Enemy Melee Power reduced 25%', 1, 2, 'Trial Coins (Event)'),
(771, 'GN Beam Rifle [Nadleeh]', '25-06-7a-01', 124, 7, NULL, 3, 3, 20, 26, 558, 0, 2297, 0, 0, 126, 426, NULL, 'Middle-Shooter Job, Shooting DMG Output boosted 20', 1, 8, 'Trial Coins (Event)'),
(772, 'GN Shield [Nadleeh]', '25-06-8-01', 124, 8, NULL, 3, 3, 20, 26, 558, 0, 0, 1140, 1140, 126, 588, NULL, 'Middle-Shooter Job, Debuff EX Skill Time up 16%', NULL, NULL, 'Trial Coins (Event)'),
(773, 'Gusion Rebake', '28-04-1-01', 125, 1, NULL, 1, 1, 11, 21, 795, 384, 1179, 1179, 1179, 416, 0, NULL, 'Physical ranged weapon, magazine boosted 20%', NULL, NULL, 'Haro Chip Capsule & [No. 005] Bonus Coins'),
(774, 'Gusion Rebake', '28-04-2-01', 125, 2, NULL, 1, 1, 11, 21, 1601, 384, 0, 1179, 1179, 609, 0, NULL, 'With Axe Category equipped, Shooting DMG taken reduced 35', NULL, NULL, 'Haro Chip Capsule & [No. 005] Bonus Coins'),
(775, 'Gusion Rebake', '28-04-3-01', 125, 3, NULL, 1, 1, 11, 21, 795, 1179, 384, 1179, 1179, 416, 211, NULL, 'Defender Job, Melee DMG taken reduced 35', NULL, NULL, 'Haro Chip Capsule & [No. 005] Bonus Coins'),
(776, 'Gusion Rebake', '28-04-4-01', 125, 4, NULL, 1, 1, 11, 6, 795, 384, 384, 1601, 1601, 211, 416, 14, NULL, NULL, NULL, 'Haro Chip Capsule & [No. 005] Bonus Coins'),
(777, 'Gusion Rebake', '28-04-5-01', 125, 5, NULL, 1, 1, 11, 6, 795, 384, 384, 1601, 1601, 416, 211, 15, NULL, NULL, NULL, 'Haro Chip Capsule & [No. 005] Bonus Coins'),
(778, 'Halberd', '28-04-6b-01', 125, 6, NULL, 4, 1, 11, 21, 795, 1601, 0, 795, 795, 609, 416, NULL, 'Defender Job, Job Gauge Increase boosted 17%', 2, 1, 'Haro Chip Capsule & [No. 005] Bonus Coins'),
(779, '120mm Long-Range Rifle', '28-04-7b-01', 125, 7, NULL, 4, 1, 11, 21, 795, 0, 1601, 795, 795, 609, 416, NULL, 'When Armor > 40%, Shooting DMG taken reduced 35', 2, 10, 'Haro Chip Capsule & [No. 005] Bonus Coins'),
(780, 'Shield [Gusion Rebake]', '28-04-8-01', 125, 8, NULL, 4, 1, 11, 6, 0, 0, 0, 1974, 1974, 805, 211, 263, NULL, NULL, NULL, 'Haro Chip Capsule & [No. 005] Bonus Coins'),
(781, 'Gundam GP03 [Stamen]', '07-08-1-01', 126, 1, NULL, 4, 2, 1, 16, 1180, 383, 796, 1180, 796, 212, 417, NULL, 'With Technique attribute (self), EX Skill Piercing boosted 28%', NULL, NULL, 'Haro Chip Capsule'),
(782, 'Gundam GP03 [Stamen]', '07-08-2-01', 126, 2, NULL, 4, 2, 1, 16, 1976, 796, 383, 796, 796, 0, 610, 264, NULL, NULL, NULL, 'Haro Chip Capsule'),
(783, 'Gundam GP03 [Stamen]', '07-08-3-01', 126, 3, NULL, 4, 2, 1, 16, 796, 2781, 0, 1180, 1180, 0, 0, NULL, 'With Technique attribute (self), Strong Melee CRIT Rate boosted 30%', NULL, NULL, 'Haro Chip Capsule'),
(784, 'Gundam GP03 [Stamen]', '07-08-4-01', 126, 4, NULL, 4, 2, 1, 7, 1180, 383, 383, 1180, 796, 417, 610, NULL, 'With Technique attribute (self), Shooting CRIT Rate boosted 30%', NULL, NULL, 'Haro Chip Capsule'),
(785, 'Gundam GP03 [Stamen]', '07-08-5-01', 126, 5, NULL, 4, 2, 1, 7, 1180, 383, 383, 1180, 796, 417, 610, 144, NULL, NULL, NULL, 'Haro Chip Capsule'),
(786, 'Folding Bazooka', '07-08-7d-01', 126, 7, NULL, 4, 2, 1, 7, 1180, 0, 2378, 0, 0, 212, 610, 127, NULL, 2, 12, NULL),
(787, 'Folding Shield', '07-08-8-01', 126, 8, NULL, 4, 2, 1, 16, 1180, 0, 0, 1601, 796, 212, 805, NULL, 'With Technique attribute (self), Shooting DMG taken reduced 35', NULL, NULL, NULL),
(788, 'Jagd Doga [Quess Custom]', '11-04-1-01', 127, 1, NULL, 3, 2, 20, 17, 559, 294, 2000, 559, 294, 53, 53, NULL, 'When Armor > 60%, Mid Shot Attack raised 14%', NULL, NULL, 'Silver-Red Coins (Event)'),
(789, 'Jagd Doga [Quess Custom]', '11-04-2-01', 127, 2, NULL, 3, 2, 20, 17, 893, 294, 294, 1147, 559, 215, 215, NULL, 'With Technique attribute (self), Strong Melee Power boosted 20%', NULL, NULL, 'Silver-Red Coins (Event)'),
(790, 'Jagd Doga [Quess Custom]', '11-04-3-01', 127, 3, NULL, 3, 2, 20, 17, 559, 1440, 294, 893, 559, 0, 0, 163, NULL, NULL, NULL, 'Silver-Red Coins (Event)'),
(791, 'Jagd Doga [Quess Custom]', '11-04-4-01', 127, 4, NULL, 3, 2, 20, 8, 559, 294, 559, 893, 294, 352, 352, 125, NULL, NULL, NULL, 'Silver-Red Coins (Event)'),
(792, 'Jagd Doga [Quess Custom]', '11-04-5-01', 127, 5, NULL, 3, 2, 20, 8, 559, 294, 294, 1147, 294, 352, 352, NULL, 'With Gatling Gun Category equipped, Mid Shot Attacked raised 14%', NULL, NULL, 'Silver-Red Coins (Event)'),
(793, 'Beam Saber with Heat Knife', '11-04-6a-01', 127, 6, NULL, 3, 2, 20, 17, 559, 1440, 0, 559, 0, 303, 303, NULL, 'When Attacking with Beam, Melee DMG Output boosted 20', 1, 2, 'Silver-Red Coins (Event)'),
(794, 'Mega Gatling Gun', '11-04-7-01', 127, 7, NULL, 3, 2, 20, 17, 294, 0, 2600, 559, 0, 215, 215, 265, NULL, 1, 11, 'Silver-Red Coins (Event)'),
(795, 'Shield [Jagd Doga (Quess Custom)]', '11-04-8-01', 127, 8, NULL, 3, 2, 20, 17, 559, 0, 0, 1440, 559, 352, 352, 266, NULL, NULL, NULL, 'Silver-Red Coins (Event)'),
(796, 'MARSFOUR GUNDAM', '62-02-1-01', 128, 1, NULL, 4, 1, 6, 13, 1181, 384, 796, 1181, 384, 417, 213, 3, NULL, NULL, NULL, 'Haro Chip Capsule & [No. 006] Bonus Coins'),
(797, 'MARSFOUR GUNDAM', '62-02-2-01', 128, 2, NULL, 4, 1, 6, 13, 1602, 384, 384, 1602, 796, 611, 0, NULL, 'With Power attribute (self), EX Skill CD reduced 20%', NULL, NULL, 'Haro Chip Capsule & [No. 006] Bonus Coins'),
(798, 'MARSFOUR GUNDAM', '62-02-3-01', 128, 3, NULL, 4, 1, 6, 13, 384, 3177, 384, 1602, 384, 0, 0, NULL, 'With Power attribute (self), Enemy Melee Power reduced 30%', NULL, NULL, 'Haro Chip Capsule & [No. 006] Bonus Coins'),
(799, 'MARSFOUR GUNDAM', '62-02-4-01', 128, 4, NULL, 4, 1, 6, 26, 796, 384, 384, 1602, 796, 417, 611, NULL, 'When Armor > 40%, EX Skill Piercing boosted 28%', NULL, NULL, 'Haro Chip Capsule & [No. 006] Bonus Coins'),
(800, 'MARSFOUR GUNDAM', '62-02-5-01', 128, 5, NULL, 4, 1, 6, 26, 796, 384, 384, 1602, 796, 611, 417, 267, NULL, NULL, NULL, 'Haro Chip Capsule & [No. 006] Bonus Coins'),
(801, 'HEAT REV SWORD', '62-02-6-01', 128, 6, NULL, 4, 1, 6, 26, 384, 3997, 0, 0, 0, 417, 213, NULL, 'With Power attribute (self), Initial EX Skill Charge boosted 20%', 1, 4, NULL),
(802, 'SLASH BLADE', '62-02-6c-01', 128, 6, NULL, 4, 1, 6, 26, 384, 3997, 0, 0, 0, 417, 213, 268, NULL, 2, 5, NULL),
(803, 'Gundam X', '19-01-1-01', 129, 1, NULL, 4, 3, 1, 10, 384, 384, 3181, 384, 1182, 0, 0, 269, NULL, NULL, NULL, 'Haro Chip Capsule & [No. 007] Bonus Coins'),
(804, 'Gundam X', '19-01-2-01', 129, 2, NULL, 4, 3, 1, 10, 1606, 384, 384, 799, 1606, 290, 290, NULL, 'With Speed attribute (self), Shooting Power boosted 30%', NULL, NULL, 'Haro Chip Capsule & [No. 007] Bonus Coins'),
(805, 'Gundam X', '19-01-3-01', 129, 3, NULL, 4, 3, 1, 23, 1182, 799, 384, 384, 1606, 290, 290, NULL, '15% chance of attacks penetrating super armor', NULL, NULL, 'Haro Chip Capsule & [No. 007] Bonus Coins'),
(806, 'Gundam X', '19-01-4-01', 129, 4, NULL, 4, 3, 1, 23, 799, 384, 384, 799, 1606, 420, 420, NULL, '20% chance to not recoil', NULL, NULL, 'Haro Chip Capsule & [No. 007] Bonus Coins'),
(807, 'Gundam X', '19-01-5-01', 129, 5, NULL, 4, 3, 1, 10, 799, 384, 384, 799, 1606, 420, 420, 270, NULL, NULL, NULL, 'Haro Chip Capsule & [No. 007] Bonus Coins'),
(808, 'Large Beam Sword', '19-01-6c-01', 129, 6, NULL, 4, 3, 1, 10, 1182, 2384, 0, 0, 0, 477, 477, NULL, 'With Speed attribute (self), Melee DMG taken reduced 35', 1, 5, 'Haro Chip Capsule & [No. 007] Bonus Coins'),
(809, 'Shield Buster Rifle', '19-01-7a-01', 129, 7, NULL, 4, 3, 1, 10, 384, 0, 4004, 0, 0, 290, 290, NULL, 'With Speed attribute (self), Initial EX Skill Charge boosted 20%', 1, 8, 'Haro Chip Capsule & [No. 007] Bonus Coins'),
(810, 'Gundam Virsago', '19-03-1-01', 130, 1, NULL, 4, 1, 16, 10, 1181, 384, 2380, 384, 384, 213, 417, NULL, 'When Armor < 40%, Shooting CRIT Rate boosted 30%', NULL, NULL, 'Haro Chip Capsule & [No. 007] Bonus Coins'),
(811, 'Gundam Virsago', '19-03-2-01', 130, 2, NULL, 4, 1, 16, 10, 1977, 384, 796, 796, 796, 0, 611, 271, NULL, NULL, NULL, 'Haro Chip Capsule & [No. 007] Bonus Coins'),
(812, 'Gundam Virsago', '19-03-3-01', 130, 3, NULL, 4, 1, 16, 10, 1181, 796, 796, 1181, 1181, 0, 0, 272, NULL, NULL, NULL, 'Haro Chip Capsule & [No. 007] Bonus Coins'),
(813, 'Gundam Virsago', '19-03-4-01', 130, 4, NULL, 4, 1, 16, 12, 1181, 384, 384, 796, 1181, 417, 611, 142, NULL, NULL, NULL, 'Haro Chip Capsule & [No. 007] Bonus Coins'),
(814, 'Gundam Virsago', '19-03-5-01', 130, 5, NULL, 4, 1, 16, 12, 1181, 384, 384, 796, 1181, 417, 611, NULL, '20% chance to prevent vernier consumption when stepping', NULL, NULL, 'Haro Chip Capsule & [No. 007] Bonus Coins'),
(815, 'Beam Saber [Virsago]', '19-03-6c-01', 130, 6, NULL, 4, 1, 16, 12, 1181, 2380, 0, 0, 384, 213, 417, NULL, 'Middle-Shooter Job, Melee DMG Output boosted 35', 1, 5, 'Haro Chip Capsule & [No. 007] Bonus Coins'),
(816, 'Strike Shooter', '19-03-7a-01', 130, 7, NULL, 4, 1, 16, 12, 1181, 0, 3177, 0, 0, 213, 611, NULL, 'Middle-Shooter Job, Initial EX Skill Charge boosted 20%', 1, 8, 'Haro Chip Capsule & [No. 007] Bonus Coins'),
(817, 'Launcher Strike Gundam', '21-03-1-01', 131, 1, NULL, 3, 1, 8, 10, 291, 291, 2300, 291, 889, 0, 0, 273, NULL, NULL, NULL, 'Knockout Coins (Event)'),
(818, 'Launcher Strike Gundam', '21-03-2-01', 131, 2, NULL, 3, 1, 8, 10, 1142, 291, 291, 558, 1142, 0, 428, NULL, 'Against a large enemy, Debuff EX Skill Effect up 15%', NULL, NULL, 'Knockout Coins (Event)'),
(819, 'Launcher Strike Gundam', '21-03-3-01', 131, 3, NULL, 3, 1, 8, 10, 889, 558, 291, 291, 1142, 126, 302, 274, NULL, NULL, NULL, 'Knockout Coins (Event)'),
(820, 'Launcher Strike Gundam', '21-03-4-01', 131, 4, NULL, 3, 1, 8, 21, 558, 291, 291, 558, 1142, 428, 302, NULL, 'Against a large enemy, EX Skill CD reduced 15%', NULL, NULL, 'Knockout Coins (Event)'),
(821, 'Launcher Strike Gundam', '21-03-5-01', 131, 5, NULL, 3, 1, 8, 21, 558, 291, 291, 558, 1142, 302, 428, 275, NULL, NULL, NULL, 'Knockout Coins (Event)'),
(822, 'Strike Noir', '24-02-1-01', 132, 1, NULL, 3, 3, 13, 20, 291, 291, 2300, 291, 889, 0, 0, 3, NULL, NULL, NULL, 'Obsidian Coins (Event)'),
(823, 'Strike Noir', '24-02-2-01', 132, 2, NULL, 3, 3, 13, 20, 1142, 291, 291, 558, 1142, 428, 0, NULL, 'With Dual Sabers Category equipped, EX Skill DMG Output boosted 20', NULL, NULL, 'Obsidian Coins (Event)'),
(824, 'Strike Noir', '24-02-3-01', 132, 3, NULL, 3, 3, 13, 22, 889, 558, 291, 291, 1142, 302, 126, NULL, 'With Speed attribute (self), Melee CRIT Rate boosted 17%', NULL, NULL, 'Obsidian Coins (Event)'),
(825, 'Strike Noir', '24-02-4-01', 132, 4, NULL, 3, 3, 13, 22, 558, 291, 291, 558, 1142, 302, 428, 276, NULL, NULL, NULL, 'Obsidian Coins (Event)'),
(826, 'Strike Noir', '24-02-5-01', 132, 5, NULL, 3, 3, 13, 22, 558, 291, 291, 558, 1142, 428, 302, 277, NULL, NULL, NULL, 'Obsidian Coins (Event)'),
(827, 'Fragarach 3-Beam Blade', '24-02-6-01', 132, 6, NULL, 3, 3, 13, 20, 889, 1701, 0, 0, 0, 428, 302, NULL, '12% chance of attacks penetrating super armor', 1, 4, 'Obsidian Coins (Event)'),
(828, 'Enhanced ZZ Gundam [Ver Ka.]', '10-03-1-01', 133, 1, NULL, 4, 1, 13, 3, 965, 0, 3306, 551, 551, 282, 464, 278, NULL, NULL, NULL, 'Haro Chip Capsule'),
(829, 'Enhanced ZZ Gundam [Ver Ka.]', '10-03-2-01', 133, 2, NULL, 4, 1, 13, 3, 1732, 551, 551, 1732, 965, 75, 670, 279, NULL, NULL, NULL, 'Haro Chip Capsule'),
(830, 'Enhanced ZZ Gundam [Ver Ka.]', '10-03-3-01', 133, 3, 8, 4, 1, 13, 3, 1884, 1506, 551, 4255, 1506, 381, 947, NULL, 'With Power attribute (self), Strong Melee DMG Output boosted 35', NULL, NULL, 'Haro Chip Capsule'),
(831, 'Enhanced ZZ Gundam [Ver Ka.]', '10-03-4-01', 133, 4, NULL, 4, 1, 13, 10, 965, 329, 551, 1732, 965, 464, 670, NULL, 'With Blade Category equipped, EX Skill CD reduced 20%', NULL, NULL, 'Haro Chip Capsule'),
(832, 'Enhanced ZZ Gundam [Ver Ka.]', '10-03-5-01', 133, 5, NULL, 4, 1, 13, 10, 965, 329, 551, 1732, 965, 464, 670, 280, NULL, NULL, NULL, 'Haro Chip Capsule'),
(833, 'Hyper Beam Saber [Enhanced ZZ (Ver. Ka)] ', '10-03-6c-01', 133, 6, NULL, 4, 1, 1, 10, 551, 3138, 0, 788, 153, 282, 464, 281, NULL, 1, 5, 'Haro Chip Capsule');
INSERT INTO `part` (`id`, `name`, `collection_id`, `unit_id`, `part_type_id`, `part_augment_type_id`, `rarity`, `attribute_id`, `word_tag_1_id`, `word_tag_2_id`, `armor`, `melee_attack`, `shot_attack`, `melee_defense`, `shot_defense`, `beam_resistance`, `physical_resistance`, `ex_skill_id`, `trait`, `weapon_type_id`, `weapon_category_id`, `notes`) VALUES
(834, 'Hi-ν Gundam HWS [Ver. Ka]', '41-01-1-01', 134, 1, NULL, 4, 2, 3, 11, 895, 0, 3309, 551, 551, 464, 282, 3, NULL, NULL, NULL, 'Haro Chip Capsule'),
(835, 'Hi-ν Gundam HWS [Ver. Ka]', '41-01-2-01', 134, 2, NULL, 4, 2, 3, 11, 1732, 551, 551, 965, 1732, 672, 75, 282, NULL, NULL, NULL, 'Haro Chip Capsule'),
(836, 'Hi-ν Gundam HWS [Ver. Ka]', '41-01-3-01', 134, 3, NULL, 4, 2, 3, 11, 965, 1355, 551, 551, 1732, 75, 75, NULL, 'When Armor > 40%, Sp. Shot Power boosted 30%', NULL, NULL, 'Haro Chip Capsule'),
(837, 'Hi-ν Gundam HWS [Ver. Ka]', '41-01-4-01', 134, 4, NULL, 4, 2, 3, 10, 965, 551, 551, 965, 1732, 672, 464, 283, NULL, NULL, NULL, 'Haro Chip Capsule'),
(838, 'Hi-ν Gundam HWS [Ver. Ka]', '41-01-5-01', 134, 5, NULL, 4, 2, 3, 10, 965, 551, 551, 965, 1732, 672, 464, 126, NULL, NULL, NULL, 'Haro Chip Capsule'),
(839, 'Hyper Mega Rifle [Hi-nu HWS (Ver. Ka)]', '41-01-7a-01', 134, 7, NULL, 4, 2, 3, 10, 551, 153, 4105, 153, 0, 672, 282, NULL, 'With Technique attribute (self), EX Skill Power boosted 30%', 1, 8, 'Haro Chip Capsule'),
(840, 'Hi-Mega Shield [Hi-nu HWS (Ver. Ka)]', '41-01-8-01', 134, 8, NULL, 4, 2, 3, 10, 965, 153, 0, 965, 2521, 872, 282, 284, NULL, NULL, NULL, 'Haro Chip Capsule'),
(841, 'Leo', '17-07-1-01', 135, 1, NULL, 1, 1, 2, 25, 372, 137, 797, 137, 137, 138, 54, NULL, 'With Machine Gun Category equipped, Sp. Shot Power Boosted 10', NULL, NULL, 'Free Missions, Friend Point Capsule, Capital Shop'),
(842, 'Leo', '17-07-2-01', 135, 2, NULL, 1, 1, 2, 25, 640, 137, 287, 287, 287, 190, 0, NULL, 'When Armor > 40%, 10% chance to survive a fatal blow', NULL, NULL, 'Free Missions, Friend Point Capsule, Capital Shop'),
(843, 'Leo', '17-07-3-01', 135, 3, 8, 1, 1, 2, 25, 797, 287, 287, 640, 900, 265, 54, 20, NULL, NULL, NULL, 'Free Missions, Friend Point Capsule, Capital Shop'),
(844, 'Leo', '17-07-4-01', 135, 4, NULL, 1, 1, 2, 7, 372, 137, 137, 287, 372, 190, 138, NULL, 'With \"Gundam Type\" enemy, EX Skill DMG taken reduced 10', NULL, NULL, 'Free Missions, Friend Point Capsule, Capital Shop'),
(845, '105mm Rifle', '17-07-7a-01', 135, 7, NULL, 1, 1, 2, 25, 372, 0, 1012, 0, 0, 190, 54, NULL, 'With Power attribute (self), Sp. Shot CRIT Rate boosted 10%', 2, 8, 'Free Missions, Friend Point Capsule, Capital Shop'),
(846, 'High Mobility Gelgoog [Johnny Ridden]', '02-04-1-01', 136, 1, NULL, 3, 2, 3, 9, 889, 291, 558, 889, 291, 302, 126, NULL, 'With Bazooka Category equipped, EX Skill Power boosted 25%', NULL, NULL, 'Arena Coins'),
(847, 'High Mobility Gelgoog [Johnny Ridden]', '02-04-2-01', 136, 2, NULL, 3, 2, 3, 9, 1142, 291, 291, 1142, 558, 428, 0, NULL, 'In-Fighter Job, Shooting DMG taken reduced 20', NULL, NULL, 'Arena Coins'),
(848, 'High Mobility Gelgoog [Johnny Ridden]', '02-04-3-01', 136, 3, NULL, 3, 2, 3, 9, 291, 2300, 291, 1142, 291, 0, 0, NULL, 'With Technique attribute (self), Melee Power boosted 25%', NULL, NULL, 'Arena Coins'),
(849, 'High Mobility Gelgoog [Johnny Ridden]', '02-04-4-01', 136, 4, NULL, 3, 2, 3, 17, 558, 291, 291, 1142, 558, 302, 428, 285, NULL, NULL, NULL, 'Arena Coins'),
(850, 'High Mobility Gelgoog [Johnny Ridden]', '02-04-5-01', 136, 5, NULL, 3, 2, 3, 17, 558, 291, 291, 1142, 558, 428, 302, NULL, 'When Armor < 80%, Vernier Recovery Rate boosted 16%', NULL, NULL, 'Arena Coins'),
(851, 'Rocket Launcher', '02-04-7d-01', 136, 7, NULL, 3, 2, 3, 9, 889, 0, 1701, 0, 0, 428, 302, NULL, 'In-Fighter Job, Job Gauge Increase boosted 13%', 2, 12, 'Arena Coins'),
(852, 'Shield [High Mobility Gelgoog (Johnny Ridden)]', '02-04-8-01', 136, 8, NULL, 3, 2, 3, 17, 558, 0, 0, 1701, 558, 716, 0, NULL, 'When Armor > 50%, Enemy Shooting Power reduced 25%', NULL, NULL, 'Arena Coins'),
(853, 'Astray Blue Frame', '23-02-1-01', 137, 1, NULL, 4, 3, 7, 22, 795, 382, 1179, 1179, 1179, 0, 416, 82, NULL, NULL, NULL, 'Haro Chip Capsule'),
(854, 'Astray Blue Frame', '23-02-2-01', 137, 2, NULL, 4, 3, 7, 22, 1601, 382, 0, 1179, 1179, 0, 609, 286, NULL, NULL, NULL, 'Haro Chip Capsule'),
(855, 'Astray Blue Frame', '23-02-3-01', 137, 3, NULL, 4, 3, 7, 22, 795, 1179, 382, 1179, 1179, 211, 416, 287, NULL, NULL, NULL, 'Haro Chip Capsule'),
(856, 'Astray Blue Frame', '23-02-4-01', 137, 4, NULL, 4, 3, 7, 13, 795, 382, 382, 1601, 1601, 416, 211, NULL, 'With Speed attribute (self), EX Skill Piercing boosted 28%', NULL, NULL, 'Haro Chip Capsule'),
(857, 'Astray Blue Frame', '23-02-5-01', 137, 5, NULL, 4, 3, 7, 13, 795, 382, 382, 1601, 1601, 211, 416, 288, NULL, NULL, NULL, 'Haro Chip Capsule'),
(858, 'Anti-Beam Shield [Blue Frame]', '23-02-8-01', 137, 8, NULL, 4, 3, 7, 13, 0, 0, 0, 1974, 1974, 211, 805, NULL, 'Middle-Shooter Job, Enemy Shooting Power reduced 30%', NULL, NULL, 'Haro Chip Capsule'),
(859, 'Gundam Kyrios', '25-07-1-01', 138, 1, NULL, 3, 2, 12, 9, 561, 294, 1440, 294, 893, 215, 215, NULL, 'With Machine Gun Category equipped, Enemy Shooting Power reduced 25%', NULL, NULL, 'Revolution Coins (Event)'),
(860, 'Gundam Kyrios', '25-07-2-01', 138, 2, NULL, 3, 2, 12, 9, 893, 561, 294, 561, 1147, 215, 215, NULL, 'When Armor < 80%, 14% chance to survive a fatal blow', NULL, NULL, 'Revolution Coins (Event)'),
(861, 'Gundam Kyrios', '25-07-3-01', 138, 3, NULL, 3, 2, 12, 9, 561, 2000, 294, 561, 893, 0, 0, NULL, 'With Technique attribute (self), EX Skill DMG Output boosted 20', NULL, NULL, 'Revolution Coins (Event)'),
(862, 'Gundam Kyrios', '25-07-4-01', 138, 4, NULL, 3, 2, 12, 22, 561, 294, 294, 294, 893, 352, 352, 289, NULL, NULL, NULL, 'Revolution Coins (Event)'),
(863, 'Gundam Kyrios', '25-07-5-01', 138, 5, NULL, 3, 2, 12, 22, 561, 294, 294, 294, 893, 352, 352, 140, NULL, NULL, NULL, 'Revolution Coins (Event)'),
(864, 'GN Beam Submachine Gun', '25-07-7c-01', 138, 7, NULL, 3, 2, 12, 9, 561, 0, 1440, 0, 561, 215, 215, NULL, 'Beam ranged weapon reload speed boosted 15%', 1, 9, 'Revolution Coins (Event)'),
(865, 'GN Shield [Kyrios]', '25-07-8-01', 138, 8, NULL, 3, 2, 12, 22, 561, 0, 0, 561, 1440, 352, 352, 290, NULL, NULL, NULL, 'Revolution Coins (Event)'),
(866, 'VEETWO GUNDAM', '62-03-1-01', 139, 1, NULL, 4, 2, 3, 10, 799, 384, 2791, 799, 384, 213, 0, NULL, 'With Technique attribute (self), Shooting Power boosted 30%', NULL, NULL, 'Haro Chip Capsule'),
(867, 'VEETWO GUNDAM', '62-03-2-01', 139, 2, NULL, 4, 2, 3, 10, 1184, 384, 384, 1608, 799, 614, 0, NULL, 'Long-Shooter Job, EX Skill CD reduced 20%', NULL, NULL, 'Haro Chip Capsule'),
(868, 'VEETWO GUNDAM', '62-03-3-01', 139, 3, NULL, 4, 2, 3, 10, 799, 1982, 384, 1184, 799, 0, 0, 291, NULL, NULL, NULL, 'Haro Chip Capsule'),
(869, 'VEETWO GUNDAM', '62-03-4-01', 139, 4, NULL, 4, 2, 3, 26, 799, 384, 799, 1184, 384, 614, 420, NULL, 'With Bazooka Category equipped, Projectile Speed boosted 15%', NULL, NULL, 'Haro Chip Capsule'),
(870, 'VEETWO GUNDAM', '62-03-5-01', 139, 5, NULL, 4, 2, 3, 26, 779, 384, 384, 1608, 384, 614, 420, 292, NULL, NULL, NULL, 'Haro Chip Capsule'),
(871, 'BIG BEAM BAZOOKA', '62-03-7d-01', 139, 7, NULL, 4, 2, 3, 26, 384, 0, 3590, 799, 0, 420, 213, 293, NULL, 1, 12, 'Haro Chip Capsule'),
(872, 'Gundam GP01Fb [Zephyranthes Fb]', '07-06-1-01', 140, 1, NULL, 4, 1, 1, 9, 795, 382, 2377, 795, 795, 416, 0, 3, NULL, NULL, NULL, 'Haro Chip Capsule & [No. 009] Bonus Coins'),
(873, 'Gundam GP01Fb [Zephyranthes Fb]', '07-06-2-01', 140, 2, NULL, 4, 1, 1, 9, 1601, 382, 382, 1179, 1179, 609, 0, 294, NULL, NULL, NULL, 'Haro Chip Capsule & [No. 009] Bonus Coins'),
(874, 'Gundam GP01Fb [Zephyranthes Fb]', '07-06-3-01', 140, 3, NULL, 4, 1, 1, 9, 795, 2377, 382, 1179, 1179, 0, 0, NULL, 'With Power attribute (self), Enemy Melee Power reduced 30%', NULL, NULL, 'Haro Chip Capsule & [No. 009] Bonus Coins'),
(875, 'Gundam GP01Fb [Zephyranthes Fb]', '07-06-4-01', 140, 4, NULL, 4, 1, 1, 16, 795, 382, 382, 1179, 1179, 609, 416, NULL, 'With Power attribute (self), EX Skill CD reduced 20%', NULL, NULL, 'Haro Chip Capsule & [No. 009] Bonus Coins'),
(876, 'Gundam GP01Fb [Zephyranthes Fb]', '07-06-5-01', 140, 5, NULL, 4, 1, 1, 16, 795, 382, 382, 1179, 1179, 609, 416, 295, NULL, NULL, NULL, 'Haro Chip Capsule & [No. 009] Bonus Coins'),
(877, 'Gouf Custom', '03-03-1-01', 141, 1, NULL, 3, 1, 17, 24, 558, 291, 889, 889, 889, 302, 0, NULL, 'When Armor < 60%, Recover 10 Armor gradually', NULL, NULL, 'Trooper Coins (Event)'),
(878, 'Gouf Custom', '03-03-2-01', 141, 2, NULL, 3, 1, 17, 24, 1140, 291, 0, 889, 889, 428, 0, NULL, 'In-Fighter Job, EX Skill CD reduced 15%', NULL, NULL, 'Trooper Coins (Event)'),
(879, 'Gouf Custom', '03-03-3-01', 141, 3, NULL, 3, 1, 17, 24, 558, 889, 291, 889, 889, 302, 126, 296, NULL, NULL, NULL, 'Trooper Coins (Event)'),
(880, 'Gouf Custom', '03-03-4-01', 141, 4, NULL, 3, 1, 17, 6, 558, 291, 291, 1140, 1140, 126, 302, NULL, 'In-Fighter Job, Close Shot Attack raised 14%', NULL, NULL, 'Trooper Coins (Event)'),
(881, 'Gouf Custom', '03-03-5-01', 141, 5, NULL, 3, 1, 17, 6, 558, 291, 291, 1140, 1140, 302, 126, NULL, 'With Power attribute (self), Melee DMG Output boosted 20', NULL, NULL, 'Trooper Coins (Event)'),
(882, 'Heat Rod [Gouf Custom]', '03-03-6-01', 141, 6, NULL, 3, 1, 17, 24, 558, 1140, 0, 558, 558, 428, 302, NULL, 'With Power attribute (self), Job Gauge Increase boosted 13%', 2, 7, 'Trooper Coins (Event)'),
(883, 'Heat Sword [Gouf Custom]', '03-03-6a-01', 141, 6, NULL, 3, 1, 17, 24, 558, 1140, 0, 558, 558, 428, 302, NULL, 'When attacking with Physical, Strong Melee Power boosted 20%', 2, 2, 'Trooper Coins (Event)'),
(884, 'Gatling Shield', '03-03-7-01', 141, 7, 8, 3, 1, 17, 6, 558, 0, 1140, 1990, 1990, 1016, 428, NULL, 'Physical ranged weapon, magazine boosted 20%', 2, 11, 'Trooper Coins (Event)'),
(885, 'Providence Gundam', '21-11-1-01', 142, 1, NULL, 4, 2, 3, 10, 1181, 384, 2380, 384, 384, 417, 213, 188, NULL, NULL, NULL, 'Haro Chip Capsule & [No. 009] Bonus Coins'),
(886, 'Providence Gundam', '21-11-2-01', 142, 2, NULL, 4, 2, 3, 10, 1977, 384, 796, 796, 796, 611, 0, NULL, 'Long-Shooter Job, Enemy Strong Melee Power reduced 30%', NULL, NULL, 'Haro Chip Capsule & [No. 009] Bonus Coins'),
(887, 'Providence Gundam', '21-11-3-01', 142, 3, 8, 4, 2, 3, 10, 2380, 796, 796, 1977, 2783, 806, 213, 297, NULL, NULL, NULL, 'Haro Chip Capsule & [No. 009] Bonus Coins'),
(888, 'Providence Gundam', '21-11-4-01', 142, 4, NULL, 4, 2, 3, 20, 1181, 384, 384, 796, 1181, 611, 417, NULL, 'With Technique attribute (self), Long Shot Attack raised 20%', NULL, NULL, 'Haro Chip Capsule & [No. 009] Bonus Coins'),
(889, 'Providence Gundam', '21-11-5-01', 142, 5, NULL, 4, 2, 3, 20, 1181, 384, 384, 796, 1181, 611, 417, 298, NULL, NULL, NULL, 'Haro Chip Capsule & [No. 009] Bonus Coins'),
(890, 'Judicium Beam Rifle', '21-11-7a-01', 142, 7, NULL, 4, 2, 3, 20, 1181, 0, 3177, 0, 0, 611, 213, NULL, 'With Technique attribute (self), Sp. Shot Power boosted 30%', 1, 8, 'Haro Chip Capsule & [No. 009] Bonus Coins'),
(891, 'Beginning 30 Gundam', '31-01-1-01', 143, 1, NULL, 4, 2, 13, 26, 799, 384, 1974, 384, 1182, 420, 213, 299, NULL, NULL, NULL, 'Haro Chip Capsule & [No. 010] Bonus Coins'),
(892, 'Beginning 30 Gundam', '31-01-2-01', 143, 2, NULL, 4, 2, 13, 26, 1182, 799, 384, 799, 1606, 612, 0, NULL, 'When Armor > 60%, EX Skill CD reduced 20%', NULL, NULL, 'Haro Chip Capsule & [No. 010] Bonus Coins'),
(893, 'Beginning 30 Gundam', '31-01-3-01', 143, 3, 8, 4, 2, 13, 26, 1606, 2786, 384, 1606, 3181, 810, 213, NULL, 'Out-Fighter Job, Melee Power boosted 30%', NULL, NULL, 'Haro Chip Capsule & [No. 010] Bonus Coins'),
(894, 'Beginning 30 Gundam', '31-01-4-01', 143, 4, NULL, 4, 2, 13, 26, 799, 384, 384, 384, 1182, 612, 420, 300, NULL, NULL, NULL, 'Haro Chip Capsule & [No. 010] Bonus Coins'),
(895, 'Beginning 30 Gundam', '31-01-5-01', 143, 5, NULL, 4, 2, 13, 10, 799, 384, 384, 384, 1182, 612, 420, 301, NULL, NULL, NULL, 'Haro Chip Capsule & [No. 010] Bonus Coins'),
(896, 'Beam Saber [Beginning 30]', '31-01-6a-01', 143, 6, NULL, 4, 2, 13, 10, 384, 3586, 0, 0, 799, 420, 213, NULL, '15% chance of attacks penetrating super armor', 1, 2, 'Haro Chip Capsule & [No. 010] Bonus Coins'),
(897, 'Beam Rifle [Beginning 30]', '31-01-7a-01', 143, 7, NULL, 4, 2, 13, 10, 799, 0, 1979, 0, 799, 612, 213, NULL, 'Initial EX Skill Charge boosted 20%', 1, 8, 'Haro Chip Capsule & [No. 010] Bonus Coins'),
(898, 'Crossbone Gundam X1', '14-01-1-01', 144, 1, NULL, 3, 2, 1, 6, 889, 291, 558, 889, 558, 302, 126, 3, NULL, NULL, NULL, 'Pirate Coins (Event)'),
(899, 'Crossbone Gundam X1', '14-01-2-01', 144, 2, NULL, 3, 2, 1, 6, 1433, 558, 291, 558, 558, 428, 0, 302, NULL, NULL, NULL, 'Pirate Coins (Event)'),
(900, 'Crossbone Gundam X1', '14-01-3-01', 144, 3, NULL, 3, 2, 1, 6, 558, 1991, 0, 889, 889, 0, 0, NULL, '12% chance of attacks penetrating super armor', NULL, NULL, 'Pirate Coins (Event)'),
(901, 'Crossbone Gundam X1', '14-01-4-01', 144, 4, NULL, 3, 2, 1, 20, 889, 291, 291, 889, 558, 428, 302, 303, NULL, NULL, NULL, 'Pirate Coins (Event)'),
(902, 'Crossbone Gundam X1', '14-01-5-01', 144, 5, NULL, 3, 2, 1, 20, 889, 291, 291, 889, 558, 428, 302, NULL, 'Vernier Consumption reduced 15%', NULL, NULL, 'Pirate Coins (Event)'),
(903, 'Beam Zanba', '14-01-6a-01', 144, 6, NULL, 3, 2, 1, 20, 889, 2589, 0, 0, 0, 302, 126, NULL, 'With Technique attribute (self), EX Skill Power boosted 25%', 1, 2, 'Pirate Coins (Event)'),
(904, 'Zanbuster', '14-01-7a-01', 144, 7, NULL, 3, 2, 1, 20, 889, 0, 1699, 0, 0, 428, 126, NULL, 'Beam ranged weapon reload speed boosted 15%', 1, 8, 'Pirate Coins (Event)'),
(905, 'ABC Cloak', '14-01-8-01', 144, 8, NULL, 3, 2, 1, 6, 889, 0, 0, 1142, 558, 590, 126, NULL, 'With Technique attribute (self), Enemy Shooting Power reduced 25%', NULL, NULL, 'Pirate Coins (Event)'),
(906, 'Gundam Astaroth', '63-01-1-01', 145, 1, NULL, 4, 1, 1, 6, 800, 385, 1985, 385, 1185, 292, 292, NULL, 'Physical ranged weapon, reload speed boosted 20%', NULL, NULL, 'Haro Chip Capsule & [No. 010] Bonus Coins'),
(907, 'Gundam Astaroth', '63-01-2-01', 145, 2, NULL, 4, 1, 1, 6, 1185, 800, 385, 800, 1610, 292, 292, NULL, 'With Blade Category equipped, EX Skill DMG Output boosted 35', NULL, NULL, 'Haro Chip Capsule & [No. 010] Bonus Coins'),
(908, 'Gundam Astaroth', '63-01-3-01', 145, 3, 8, 4, 1, 1, 26, 1610, 2795, 385, 1610, 3190, 479, 479, 304, NULL, NULL, NULL, 'Haro Chip Capsule & [No. 010] Bonus Coins'),
(909, 'Gundam Astaroth', '63-01-4-01', 145, 4, NULL, 4, 1, 1, 26, 800, 385, 385, 385, 1185, 479, 479, 305, NULL, NULL, NULL, 'Haro Chip Capsule & [No. 010] Bonus Coins'),
(910, 'Gundam Astaroth', '63-01-5-01', 145, 5, NULL, 4, 1, 1, 26, 800, 385, 385, 385, 1185, 479, 479, 306, NULL, NULL, NULL, 'Haro Chip Capsule & [No. 010] Bonus Coins'),
(911, 'Demolition Knife', '63-01-6c-01', 145, 6, NULL, 4, 1, 1, 6, 385, 3594, 0, 0, 800, 292, 292, NULL, 'With Power attribute (self), Strong Melee CRIT Rate boosted 30%', 2, 5, 'Haro Chip Capsule & [No. 010] Bonus Coins'),
(912, 'Anti-Material Rifle', '63-01-7b-01', 145, 7, NULL, 4, 1, 26, 10, 800, 0, 1985, 0, 800, 292, 292, NULL, 'When Attacking with Physical, Sp. Shot CRIT Rate boosted 30%', 2, 10, 'Haro Chip Capsule & [No. 010] Bonus Coins'),
(913, 'Rifle [Astaroth]', '63-01-7a-01', 145, 7, NULL, 4, 1, 1, 6, 800, 0, 1985, 0, 800, 292, 292, NULL, 'With Blade Category equipped, Shooting DMG taken reduced 35', 2, 8, 'Haro Chip Capsule & [No. 010] Bonus Coins'),
(914, 'Wing Gundam 0 [Endless Waltz Ver.]', '18-01-1-01', 146, 1, NULL, 4, 3, 1, 10, 0, 378, 3538, 551, 965, 409, 0, NULL, 'When attacking with Beam, EX Skill Power Boosted E30%', NULL, NULL, 'Haro Chip Capsule (Christmas Event)'),
(915, 'Wing Gundam 0 [Endless Waltz Ver.]', '18-01-2-01', 146, 2, NULL, 4, 3, 1, 10, 1732, 719, 1422, 0, 1354, 671, 0, 307, NULL, NULL, NULL, 'Haro Chip Capsule (Christmas Event)'),
(916, 'Wing Gundam 0 [Endless Waltz Ver.]', '18-01-3-01', 146, 3, NULL, 4, 3, 1, 13, 1884, 719, 1165, 551, 965, 409, 282, NULL, 'With Speed attribute (self), Projectile Speed boosted 15%', NULL, NULL, 'Haro Chip Capsule (Christmas Event)'),
(917, 'Wing Gundam 0 [Endless Waltz Ver.]', '18-01-4-01', 146, 4, NULL, 4, 3, 1, 13, 965, 551, 965, 965, 1354, 282, 671, NULL, 'When Armor < 70%, Melee CRIT Rate boosted 30%', NULL, NULL, 'Haro Chip Capsule (Christmas Event)'),
(918, 'Wing Gundam 0 [Endless Waltz Ver.]', '18-01-5-01', 146, 5, NULL, 4, 3, 1, 13, 378, 551, 1422, 965, 1354, 671, 464, 308, NULL, NULL, NULL, 'Haro Chip Capsule (Christmas Event)'),
(919, 'Twin Buster Rifle [Coupled]', '18-01-7b-01', 146, 7, NULL, 4, 3, 1, 10, 551, 0, 3951, 0, 965, 464, 282, 309, NULL, 1, 10, 'Haro Chip Capsule (Christmas Event)'),
(920, 'Blue Destiny Unit-1', '04-99-1-01', 147, 1, NULL, 3, 3, 6, 21, 558, 291, 1698, 558, 558, 302, 0, 150, NULL, NULL, NULL, '[Part 1] BD Coin Exchange (Event)'),
(921, 'Blue Destiny Unit-1', '04-99-2-01', 147, 2, NULL, 3, 3, 6, 21, 1140, 291, 291, 889, 889, 428, 0, 151, NULL, NULL, NULL, '[Part 1] BD Coin Exchange (Event)'),
(922, 'Blue Destiny Unit-1', '04-99-3-01', 147, 3, NULL, 3, 3, 6, 16, 558, 1698, 291, 889, 889, 0, 0, NULL, 'When Armor < 80%, Melee DMG taken reduced 20', NULL, NULL, '[Part 1] BD Coin Exchange (Event)'),
(923, 'Blue Destiny Unit-1', '04-99-4-01', 147, 4, NULL, 3, 3, 6, 16, 558, 291, 291, 889, 889, 428, 302, 125, NULL, NULL, NULL, '[Part 1] BD Coin Exchange (Event)'),
(924, 'Shield [BD1]', '04-99-8-01', 147, 8, NULL, 3, 1, 6, 21, 558, 0, 0, 1140, 1140, 588, 126, NULL, 'With Power attribute (self), Buff EX Skill Time up 15%', NULL, NULL, '[Part 1] BD Coin Exchange (Event)'),
(925, 'Turn X', '20-03-1-01', 148, 1, NULL, 4, 1, 6, 12, 965, 553, 2922, 553, 553, 284, 464, NULL, 'With Power attribute (self), EX Skill Power boosted 30%', NULL, NULL, 'Haro Chip Capsule (Sokai Festival)'),
(926, 'Turn X', '20-03-2-01', 148, 2, NULL, 4, 1, 6, 12, 1734, 965, 965, 965, 965, 0, 673, 310, NULL, NULL, NULL, 'Haro Chip Capsule (Sokai Festival)'),
(927, 'Turn X', '20-03-3-01', 148, 3, NULL, 4, 1, 6, 12, 965, 2922, 1356, 553, 553, 0, 0, 311, NULL, NULL, NULL, 'Haro Chip Capsule (Sokai Festival)'),
(928, 'Turn X', '20-03-4-01', 148, 4, NULL, 4, 1, 6, 9, 965, 965, 553, 965, 965, 673, 464, NULL, 'When Armor > 60%. Melee CRIT Rate boosted 30%', NULL, NULL, 'Haro Chip Capsule (Sokai Festival)'),
(929, 'Turn X', '20-03-5-01', 148, 5, NULL, 4, 1, 6, 9, 965, 965, 553, 965, 965, 464, 673, 312, NULL, NULL, NULL, 'Haro Chip Capsule (Sokai Festival)'),
(930, 'Akatsuki [Oowashi Pack]', '22-02-1-01', 149, 1, NULL, 4, 3, 13, 25, 1181, 384, 1181, 796, 1181, 417, 213, 316, NULL, NULL, NULL, 'Akatsuki Ticket Capsules (Event)'),
(931, 'Akatsuki [Oowashi Pack]', '22-02-2-01', 149, 2, NULL, 4, 3, 13, 25, 1977, 384, 384, 796, 1602, 213, 0, 317, NULL, NULL, NULL, 'Akatsuki Ticket Capsules (Event)'),
(932, 'Akatsuki [Oowashi Pack]', '22-02-3-01', 149, 3, NULL, 4, 3, 13, 25, 796, 1181, 384, 1181, 1602, 213, 0, NULL, 'When Attacking with Beam, Sp. Shot Power boosted 30%', NULL, NULL, 'Akatsuki Ticket Capsules (Event)'),
(933, 'Akatsuki [Oowashi Pack]', '22-02-4-01', 149, 4, NULL, 4, 3, 13, 22, 1181, 384, 384, 384, 1602, 611, 213, 318, NULL, NULL, NULL, 'Akatsuki Ticket Capsules (Event)'),
(934, 'Akatsuki [Oowashi Pack]', '22-02-5-01', 149, 5, NULL, 4, 3, 13, 22, 1181, 384, 384, 796, 1181, 611, 213, 319, NULL, NULL, NULL, 'Akatsuki Ticket Capsules (Event)'),
(935, 'Experimental Twin Beam Saber [Single]', '22-02-6a-01', 149, 6, NULL, 4, 3, 13, 9, 1181, 2380, 0, 0, 796, 417, 213, NULL, 'Middle-Shooter Job, Job Gauge Increase boosted 17%', 1, 2, 'Akatsuki Ticket Capsules (Event)'),
(936, 'Hyakurai', '22-02-7a-01', 149, 7, NULL, 4, 3, 13, 25, 1181, 0, 2380, 0, 796, 611, 213, NULL, 'Initial EX Skill Charge boosted 20%', 1, 8, 'Akatsuki Ticket Capsules (Event)'),
(937, 'Type 71 Experimental Defensive Shield', '22-02-8-01', 149, 8, NULL, 4, 3, 13, 9, 1181, 0, 0, 796, 1977, 806, 213, NULL, 'With Rifle Category equipped, Enemy Shooting Power reduced 30%', NULL, NULL, 'Akatsuki Ticket Capsules (Event)'),
(938, 'Turn A Gundam', '20-04-1-01', 150, 1, NULL, 4, 2, 1, 13, 969, 553, 2138, 553, 1359, 384, 384, NULL, 'With Technique attribute (self), Close Shot Attack raised 20%', NULL, NULL, 'Haro Chip Capsule (Sokai Festival)'),
(939, 'Turn A Gundam', '20-04-2-01', 150, 2, NULL, 4, 2, 1, 13, 1359, 969, 553, 969, 1738, 384, 384, 320, NULL, NULL, NULL, 'Haro Chip Capsule (Sokai Festival)'),
(940, 'Turn A Gundam', '20-04-3-01', 150, 3, NULL, 4, 2, 1, 13, 969, 2929, 553, 969, 1359, 0, 0, 321, NULL, NULL, NULL, 'Haro Chip Capsule (Sokai Festival)'),
(941, 'Turn A Gundam', '20-04-4-01', 150, 4, NULL, 4, 2, 1, 10, 969, 553, 553, 553, 1359, 558, 558, NULL, 'With Rifle Category equipped, Enemy Melee Power reduced 30%', NULL, NULL, 'Haro Chip Capsule (Sokai Festival)'),
(942, 'Beam Saber [Turn A]', '20-04-6-01', 150, 6, NULL, 4, 2, 1, 23, 553, 3698, 0, 0, 969, 384, 384, NULL, 'Out-Fighter Job, Strong Melee CRIT Rate boosted 30%', 1, 4, 'Haro Chip Capsule (Sokai Festival)'),
(943, 'Gundam Hammer', '20-04-6-01', 150, 6, NULL, 4, 2, 1, 23, 553, 3698, 0, 0, 969, 384, 384, 322, NULL, 2, 7, 'Haro Chip Capsule (Sokai Festival)'),
(944, 'Beam Rifle [Turn A]', '20-04-7a-01', 150, 7, NULL, 4, 2, 1, 10, 969, 0, 2138, 0, 969, 384, 384, NULL, 'Out-Fighter Job, EX Skill Power boosted 30%', 1, 8, 'Haro Chip Capsule (Sokai Festival)'),
(945, 'Shield [Turn A]', '20-04-8-01', 150, 8, NULL, 4, 2, 1, 23, 969, 0, 0, 969, 2138, 558, 558, NULL, 'With Technique attribute (self), Buff EX Skill Effect 22%', NULL, NULL, 'Haro Chip Capsule (Sokai Festival)'),
(946, 'Build Strike Gundam [Full Package]', '32-02-1-01', 151, 1, NULL, 4, 2, 1, 24, 796, 383, 2378, 796, 796, 212, 212, 3, NULL, NULL, NULL, 'Haro Chip Capsule & [No. 011] Bonus Coins'),
(947, 'Build Strike Gundam [Full Package]', '32-02-2-01', 151, 2, NULL, 4, 2, 1, 24, 1602, 383, 383, 1180, 1180, 288, 288, NULL, 'When Armor < 80%, EX Skill DMG Output boosted 35', NULL, NULL, 'Haro Chip Capsule & [No. 011] Bonus Coins'),
(948, 'Build Strike Gundam [Full Package]', '32-02-3-01', 151, 3, NULL, 4, 2, 1, 24, 796, 2378, 383, 1180, 1180, 0, 0, NULL, 'With Technique attribute (self), Strong Melee CRIT Rate boosted 30%', NULL, NULL, 'Haro Chip Capsule & [No. 011] Bonus Coins'),
(949, 'Build Strike Gundam [Full Package]', '32-02-4-01', 151, 4, NULL, 4, 2, 1, 13, 796, 383, 383, 1180, 1180, 475, 502, 315, NULL, NULL, NULL, 'Haro Chip Capsule & [No. 011] Bonus Coins'),
(950, 'Build Strike Gundam [Full Package]', '32-02-5-01', 151, 5, NULL, 4, 2, 1, 13, 796, 383, 383, 1180, 1180, 502, 475, 323, NULL, NULL, NULL, 'Haro Chip Capsule & [No. 011] Bonus Coins'),
(951, 'Beam Rifle [Build Strike]', '32-02-7a-02', 151, 7, NULL, 4, 2, 1, 24, 796, 0, 3176, 0, 0, 417, 417, NULL, 'Out-Fighter Job, Initial EX Skill Charge boosted 20%', 1, 8, 'Haro Chip Capsule & [No. 011] Bonus Coins'),
(952, 'Enhanced Beam Rifle [Build Strike]', '32-02-7a-01', 151, 7, NULL, 4, 2, 1, 13, 384, 0, 4004, 0, 0, 290, 290, NULL, 'With Technique attribute (self), Job Gauge Increase boosted 17%', 1, 8, 'Haro Chip Capsule & [No. 011] Bonus Coins'),
(953, 'Chobham Shield', '32-02-8-01', 151, 8, NULL, 4, 2, 1, 13, 796, 0, 0, 1602, 1602, 417, 417, 302, NULL, NULL, NULL, 'Haro Chip Capsule & [No. 011] Bonus Coins'),
(954, 'Zeong', '01-14-1-01', 152, 1, NULL, 4, 3, 17, 20, 384, 384, 3181, 384, 1182, 0, 0, 324, NULL, NULL, NULL, 'Haro Chip Capsule & [No. 011] Bonus Coins'),
(955, 'Zeong', '01-14-2-01', 152, 2, NULL, 4, 3, 17, 20, 1606, 384, 384, 799, 1606, 290, 290, NULL, 'With Speed attribute (self), EX Skill CD reduced 20%', NULL, NULL, 'Haro Chip Capsule & [No. 011] Bonus Coins'),
(956, 'Zeong', '01-14-3-01', 152, 3, NULL, 4, 3, 17, 20, 1182, 799, 284, 284, 1606, 290, 290, 325, NULL, NULL, NULL, 'Haro Chip Capsule & [No. 011] Bonus Coins'),
(957, 'Zeong', '01-14-4-01', 152, 4, NULL, 4, 3, 17, 8, 799, 384, 384, 799, 1606, 420, 420, 326, NULL, NULL, NULL, 'Haro Chip Capsule & [No. 011] Bonus Coins'),
(958, 'Kabakali', '27-01-1-01', 153, 1, NULL, 3, 2, 7, 26, 558, 291, 1698, 558, 558, 302, 0, NULL, 'With Technique attribute (self), Enemy Shooting Power reduced 25%', NULL, NULL, 'Guardian Coins (Event)'),
(959, 'Kabakali', '27-01-2-01', 153, 2, NULL, 3, 2, 7, 26, 1140, 291, 291, 889, 889, 428, 0, 327, NULL, NULL, NULL, 'Guardian Coins (Event)'),
(960, 'Kabakali', '27-01-3-01', 153, 3, NULL, 3, 2, 7, 26, 558, 1698, 291, 889, 889, 0, 0, 328, NULL, NULL, NULL, 'Guardian Coins (Event)'),
(961, 'Kabakali', '27-01-4-01', 153, 4, NULL, 3, 2, 7, 9, 558, 291, 291, 889, 889, 428, 302, NULL, 'With Whip Category equipped, Mid Shot Attack raised 14%', NULL, NULL, 'Guardian Coins (Event)'),
(962, 'Kabakali', '27-01-5-01', 153, 5, NULL, 3, 2, 7, 9, 558, 291, 291, 889, 889, 428, 302, 329, NULL, NULL, NULL, 'Guardian Coins (Event)'),
(963, 'Beam Ring', '27-01-6-01', 153, 6, NULL, 3, 2, 7, 26, 558, 2297, 0, 0, 0, 428, 126, NULL, 'Out-Fighter Job, Strong Melee CRIT Rate boosted 17%', 1, 7, 'Guardian Coins (Event)'),
(964, 'Beam Shotgun', '27-01-7a-01', 153, 7, NULL, 3, 2, 7, 9, 558, 0, 2297, 0, 0, 428, 126, 330, NULL, 1, 8, 'Guardian Coins (Event)'),
(965, 'Gundam NT-1', '06-01-1-01', 154, 1, NULL, 3, 3, 6, 16, 1180, 383, 796, 1180, 796, 417, 212, 3, NULL, NULL, NULL, 'Capsule Medals (Event Capsules)'),
(966, 'Gundam NT-1', '06-01-2-01', 154, 2, NULL, 3, 3, 6, 16, 1976, 796, 383, 796, 796, 610, 0, 259, NULL, NULL, NULL, 'Capsule Medals (Event Capsules)'),
(967, 'Gundam NT-1', '06-01-3-01', 154, 3, NULL, 3, 3, 6, 24, 796, 2781, 0, 1180, 1180, 0, 0, 260, NULL, NULL, NULL, 'Capsule Medals (Event Capsules)'),
(968, 'Gundam NT-1', '06-01-4-01', 154, 4, NULL, 3, 3, 6, 24, 1180, 383, 383, 1180, 796, 610, 417, NULL, 'When Armor > 40%, Melee DMG taken reduced 35', NULL, NULL, 'Capsule Medals (Event Capsules)'),
(969, 'Gundam NT-1', '06-01-5-01', 154, 5, NULL, 3, 3, 6, 24, 1180, 383, 383, 1180, 796, 610, 417, 144, NULL, NULL, NULL, 'Capsule Medals (Event Capsules)'),
(970, 'Beam Rifle [NT-1]', '06-01-7a-01', 154, 7, NULL, 3, 3, 6, 16, 1180, 0, 2378, 0, 0, 610, 212, 261, NULL, 1, 8, 'Capsule Medals (Event Capsules)'),
(971, 'Shield [NT-1]', '06-01-8-01', 154, 8, NULL, 3, 3, 6, 16, 1180, 0, 0, 1601, 796, 805, 212, 262, NULL, NULL, NULL, 'Capsule Medals (Event Capsules)'),
(972, 'Gundam AGE-2 Normal', '26-05-1-01', 155, 1, NULL, 3, 2, 12, 26, 561, 294, 1440, 294, 893, 215, 215, NULL, 'With Technique attribute (self), Shooting DMG taken reduced 20', NULL, NULL, 'AGE-2 Coins (Event)'),
(973, 'Gundam AGE-2 Normal', '26-05-2-01', 155, 2, NULL, 3, 2, 12, 26, 893, 561, 294, 561, 1147, 215, 215, NULL, 'While \"Transformer\", EX Skill CD reduced 15%', NULL, NULL, 'AGE-2 Coins (Event)'),
(974, 'Gundam AGE-2 Normal', '26-05-3-01', 155, 3, NULL, 3, 2, 12, 26, 561, 2000, 294, 561, 893, 0, 0, NULL, 'Beam ranged weapon reload speed boosted 15%', NULL, NULL, 'AGE-2 Coins (Event)'),
(975, 'Gundam AGE-2 Normal', '26-05-4-01', 155, 4, NULL, 3, 2, 12, 1, 561, 294, 294, 294, 893, 352, 352, 331, NULL, NULL, NULL, 'AGE-2 Coins (Event)'),
(976, 'Gundam AGE-2 Normal', '26-05-5-01', 155, 5, NULL, 3, 2, 12, 1, 561, 294, 294, 294, 893, 352, 352, NULL, 'When Armor < 80%, Close Shot Attack raised 14%', NULL, NULL, 'AGE-2 Coins (Event)'),
(977, 'Hyper DODS Rifle', '26-05-7b-01', 155, 7, NULL, 3, 2, 12, 1, 561, 0, 1440, 0, 561, 215, 215, NULL, 'While \"Transformer\", Initial EX Skill Charge boosted 12%', 1, 10, 'AGE-2 Coins (Event)'),
(978, 'Shield [AGE-2]', '26-05-8-01', 155, 8, NULL, 3, 2, 12, 1, 561, 0, 0, 561, 1440, 352, 352, NULL, 'Middle-Shooter Job, Sp. Shot CRIT Rate boosted 21%', NULL, NULL, 'AGE-2 Coins (Event)'),
(979, 'Penelope', '43-01-1-01', 156, 1, NULL, 4, 3, 3, 9, 965, 0, 3309, 551, 551, 282, 464, NULL, 'With Rifle Category equipped, Enemy Shooting Power reduced 30%', NULL, NULL, 'Haro Chip Capsule (UD Celebration)'),
(980, 'Penelope', '43-01-2-01', 156, 2, NULL, 4, 3, 3, 9, 1732, 551, 551, 1732, 965, 75, 672, NULL, 'While \"Ace Excl.\", Shooting Power boosted 30%', NULL, NULL, 'Haro Chip Capsule (UD Celebration)'),
(981, 'Penelope', '43-01-3-01', 156, 3, NULL, 4, 3, 3, 9, 965, 1355, 551, 1732, 551, 75, 75, 332, NULL, NULL, NULL, 'Haro Chip Capsule (UD Celebration)'),
(982, 'Penelope', '43-01-4-01', 156, 4, NULL, 4, 3, 3, 16, 965, 551, 551, 1732, 965, 464, 672, 333, NULL, NULL, NULL, 'Haro Chip Capsule (UD Celebration)'),
(983, 'Penelope', '43-01-5-01', 156, 5, NULL, 4, 3, 3, 16, 965, 551, 551, 1732, 965, 464, 672, NULL, 'With Speed attribute (self), EX Skill Piercing boosted 28%', NULL, NULL, 'Haro Chip Capsule (UD Celebration)'),
(984, 'Noble Gundam', '16-05-1-01', 157, 1, NULL, 4, 2, 14, 6, 1182, 384, 799, 1182, 384, 290, 290, 3, NULL, NULL, NULL, 'Haro Chip Capsule & [No. 012] Bonus Coins'),
(985, 'Noble Gundam', '16-05-2-01', 157, 2, NULL, 4, 2, 14, 6, 1606, 384, 384, 1606, 799, 290, 290, 334, NULL, NULL, NULL, 'Haro Chip Capsule & [No. 012] Bonus Coins'),
(986, 'Noble Gundam', '16-05-3-01', 157, 3, NULL, 4, 2, 14, 6, 384, 3181, 384, 1606, 384, 0, 0, 335, NULL, NULL, NULL, 'Haro Chip Capsule & [No. 012] Bonus Coins'),
(987, 'Noble Gundam', '16-05-4-01', 157, 4, NULL, 4, 2, 14, 24, 799, 384, 384, 1606, 799, 420, 290, 336, NULL, NULL, NULL, 'Haro Chip Capsule & [No. 012] Bonus Coins'),
(988, 'Beam Ribbon', '16-05-6-01', 157, 6, NULL, 4, 2, 14, 24, 384, 4004, 0, 0, 0, 420, 420, 337, NULL, 1, 7, 'Haro Chip Capsule & [No. 012] Bonus Coins'),
(989, 'Full Armor Gundam [Thunderbolt Ver.]', '38-01-1-01', 158, 1, NULL, 4, 3, 1, 16, 796, 383, 2378, 796, 796, 417, 0, 3, NULL, NULL, NULL, 'Haro Chip Capsule & [No. 012] Bonus Coins'),
(990, 'Full Armor Gundam [Thunderbolt Ver.]', '38-01-2-01', 158, 2, NULL, 4, 3, 1, 16, 1601, 383, 383, 1180, 1180, 610, 0, 338, NULL, NULL, NULL, 'Haro Chip Capsule & [No. 012] Bonus Coins'),
(991, 'Full Armor Gundam [Thunderbolt Ver.]', '38-01-3-01', 158, 3, 8, 4, 3, 1, 16, 1601, 2378, 383, 2781, 2781, 417, 417, 339, NULL, NULL, NULL, 'Haro Chip Capsule & [No. 012] Bonus Coins'),
(992, 'Full Armor Gundam [Thunderbolt Ver.]', '38-01-4-01', 158, 4, NULL, 4, 3, 1, 20, 796, 383, 383, 1180, 1180, 610, 417, 340, NULL, NULL, NULL, 'Haro Chip Capsule & [No. 012] Bonus Coins'),
(993, 'Full Armor Gundam [Thunderbolt Ver.]', '38-01-5-01', 158, 5, NULL, 4, 3, 1, 20, 796, 383, 383, 1180, 1180, 610, 417, 341, NULL, NULL, NULL, 'Haro Chip Capsule & [No. 012] Bonus Coins'),
(994, 'Efreet Custom', '04-04-1-01', 159, 1, NULL, 3, 3, 17, 21, 561, 294, 1440, 294, 893, 215, 215, 150, NULL, NULL, NULL, 'Blazing Coins (Event)'),
(995, 'Efreet Custom', '04-04-2-01', 159, 2, NULL, 3, 3, 17, 21, 893, 561, 294, 561, 1147, 215, 215, NULL, 'In-Fighter Job, Buff EX Skill Effect up 15%', NULL, NULL, 'Blazing Coins (Event)'),
(996, 'Efreet Custom', '04-04-3-01', 159, 3, NULL, 3, 3, 17, 21, 561, 2000, 294, 561, 893, 0, 0, 342, NULL, NULL, NULL, 'Blazing Coins (Event)'),
(997, 'Efreet Custom', '04-04-4-01', 159, 4, NULL, 3, 3, 17, 6, 561, 294, 294, 294, 893, 352, 352, 343, NULL, NULL, NULL, 'Blazing Coins (Event)'),
(998, 'Efreet Custom', '04-04-5-01', 159, 5, NULL, 3, 3, 17, 6, 561, 294, 294, 294, 893, 352, 352, 344, NULL, NULL, NULL, 'Blazing Coins (Event)'),
(999, 'Heat Saber [Efreet Custom]', '04-04-6-01', 159, 6, NULL, 3, 3, 17, 6, 294, 2601, 0, 0, 561, 215, 215, NULL, 'While \"Zeon\", Strong Melee CRIT Rate boosted 17%', 2, 4, 'Blazing Coins (Event)'),
(1000, 'The O', '08-09-1-01', 160, 1, NULL, 4, 2, 9, 5, 1352, 551, 964, 1352, 964, 463, 282, NULL, 'With Technique attribute (self), Close Shot Attack raised 20%', NULL, NULL, 'Haro Chip Capsule (Sokai Festival)'),
(1001, 'The O', '08-09-2-01', 160, 2, NULL, 4, 2, 9, 5, 2128, 964, 551, 964, 964, 669, 0, NULL, 'Out-Fighter Job, EX Skill Piercing boosted 28%', NULL, NULL, 'Haro Chip Capsule (Sokai Festival)'),
(1002, 'The O', '08-09-3-01', 160, 3, NULL, 4, 2, 9, 5, 964, 2913, 0, 1352, 1352, 0, 0, NULL, 'While \"High Mobility\", Melee Power boosted 30%', NULL, NULL, 'Haro Chip Capsule (Sokai Festival)'),
(1003, 'The O', '08-09-4-01', 160, 4, NULL, 4, 2, 9, 3, 1352, 551, 551, 1352, 964, 669, 463, 345, NULL, NULL, NULL, 'Haro Chip Capsule (Sokai Festival)'),
(1004, 'The O', '08-09-5-01', 160, 5, NULL, 4, 2, 9, 3, 1352, 964, 551, 964, 964, 669, 463, 125, NULL, NULL, NULL, 'Haro Chip Capsule (Sokai Festival)'),
(1005, 'Large Beam Rifle', '08-09-7a-01', 160, 7, NULL, 4, 2, 9, 3, 1352, 0, 3135, 0, 0, 669, 282, NULL, 'Beam ranged weapon reload speed boosted 20%', 1, 8, 'Haro Chip Capsule (Sokai Festival)'),
(1006, 'Susanowo', '25-08-1-01', 161, 1, NULL, 3, 1, 6, 20, 889, 291, 558, 889, 291, 126, 302, 346, NULL, NULL, NULL, 'Demon Coins (Event)'),
(1007, 'Susanowo', '25-08-2-01', 161, 2, NULL, 3, 1, 6, 20, 1142, 291, 291, 1142, 558, 0, 428, 347, NULL, NULL, NULL, 'Demon Coins (Event)'),
(1008, 'Susanowo', '25-08-3-01', 161, 3, NULL, 3, 1, 6, 20, 291, 2300, 291, 1142, 291, 0, 0, NULL, 'With Dual Sabers Category equipped, Melee Power boosted 25%', NULL, NULL, 'Demon Coins (Event)'),
(1009, 'Susanowo', '25-08-4-01', 161, 4, NULL, 3, 1, 6, 26, 558, 291, 291, 1142, 558, 428, 302, 348, NULL, NULL, NULL, 'Demon Coins (Event)'),
(1010, 'Susanowo', '25-08-5-01', 161, 5, NULL, 3, 1, 6, 26, 558, 291, 291, 1142, 558, 302, 428, NULL, '15% chance to prevent vernier consumption when stepping', NULL, NULL, 'Demon Coins (Event)'),
(1011, 'Shiranui/Unryu', '25-08-6-01', 161, 6, NULL, 3, 1, 6, 26, 291, 2867, 0, 0, 0, 126, 302, NULL, 'In-Fighter Job, Initial EX Skill Charge boosted 12%', 2, 4, 'Demon Coins (Event)'),
(1012, 'Banshee', '12-11-1-01', 162, 1, NULL, 4, 1, 13, 6, 966, 379, 3313, 0, 553, 284, 465, 3, NULL, NULL, NULL, 'Haro Chip Capsule (Sokai Festival)'),
(1013, 'Banshee', '12-11-2-01', 162, 2, NULL, 4, 1, 13, 6, 1736, 789, 1098, 966, 966, 0, 674, 436, NULL, NULL, NULL, 'Haro Chip Capsule (Sokai Festival)'),
(1014, 'Banshee', '12-11-3-01', 162, 3, 8, 4, 1, 13, 6, 1888, 3692, 2026, 1508, 1508, 0, 1083, 352, NULL, NULL, NULL, 'Haro Chip Capsule (Sokai Festival)'),
(1015, 'Banshee', '12-11-4-01', 162, 4, NULL, 4, 1, 13, 10, 966, 789, 720, 966, 966, 674, 465, NULL, 'With Power attribute (self), EX Skill CD reduced 20%', NULL, NULL, 'Haro Chip Capsule (Sokai Festival)'),
(1016, 'Banshee', '12-11-5-01', 162, 5, NULL, 4, 1, 13, 10, 966, 789, 720, 966, 966, 465, 674, 315, NULL, NULL, NULL, 'Haro Chip Capsule (Sokai Festival)'),
(1017, 'Master Gundam', '16-06-1-01', 163, 1, NULL, 4, 1, 14, 10, 1181, 384, 796, 1181, 384, 213, 417, 353, NULL, NULL, NULL, 'Haro Chip Capsule & [No. 013] Bonus Coins'),
(1018, 'Master Gundam', '16-06-2-01', 163, 2, NULL, 4, 1, 14, 10, 1602, 384, 384, 1602, 796, 0, 611, 442, NULL, NULL, NULL, 'Haro Chip Capsule & [No. 013] Bonus Coins'),
(1019, 'Master Gundam', '16-06-3-01', 163, 3, NULL, 4, 1, 14, 10, 384, 3177, 384, 1602, 384, 0, 0, 354, NULL, NULL, NULL, 'Haro Chip Capsule & [No. 013] Bonus Coins'),
(1020, 'Master Gundam', '16-06-4-01', 163, 4, NULL, 4, 1, 14, 6, 796, 384, 384, 1602, 796, 611, 417, NULL, 'With Power attribute (self), EX Skill Piercing boosted 28%', NULL, NULL, 'Haro Chip Capsule & [No. 013] Bonus Coins'),
(1021, 'Master Gundam', '16-06-5-01', 163, 5, NULL, 4, 1, 14, 6, 796, 384, 384, 1602, 796, 417, 611, 355, NULL, NULL, NULL, 'Haro Chip Capsule & [No. 013] Bonus Coins'),
(1022, 'Master Cloth', '16-06-6-01', 163, 6, NULL, 4, 1, 14, 6, 384, 3997, 0, 0, 0, 213, 417, NULL, 'In-Fighter Job, Strong Melee CRIT Rate boosted 30%', 1, 7, 'Haro Chip Capsule & [No. 013] Bonus Coins'),
(1023, 'Build Burning Gundam', '34-01-1-01', 164, 1, NULL, 4, 3, 1, 6, 1181, 384, 796, 1181, 384, 417, 213, NULL, 'With Speed attribute (self), Buff EX Skill Time up 22%', NULL, NULL, 'Haro Chip Capsule & [No. 013] Bonus Coins'),
(1024, 'Build Burning Gundam', '34-01-2-01', 164, 2, NULL, 4, 3, 1, 6, 1602, 384, 384, 1602, 796, 611, 0, 356, NULL, NULL, NULL, 'Haro Chip Capsule & [No. 013] Bonus Coins'),
(1025, 'Build Burning Gundam', '34-01-3-01', 164, 3, NULL, 4, 3, 1, 6, 384, 3177, 384, 1602, 384, 0, 0, 357, NULL, NULL, NULL, 'Haro Chip Capsule & [No. 013] Bonus Coins'),
(1026, 'Build Burning Gundam', '34-01-4-01', 164, 4, NULL, 4, 3, 1, 13, 796, 384, 384, 1602, 796, 417, 611, 358, NULL, NULL, NULL, 'Haro Chip Capsule & [No. 013] Bonus Coins'),
(1027, 'Build Burning Gundam', '34-01-5-01', 164, 5, NULL, 4, 3, 1, 13, 796, 384, 384, 1602, 796, 611, 417, 359, NULL, NULL, NULL, 'Haro Chip Capsule & [No. 013] Bonus Coins'),
(1028, 'Gaia Gundam', '22-04-1-01', 165, 1, NULL, 3, 3, 12, 13, 558, 291, 1698, 558, 558, 0, 302, 128, NULL, NULL, NULL, 'Charge Coins (Event)'),
(1029, 'Gaia Gundam', '22-04-2-01', 165, 2, NULL, 3, 3, 12, 13, 1140, 291, 291, 889, 889, 0, 428, NULL, 'Out-Fighter Job, Enemy EX Skill Penetration reduced 22%', NULL, NULL, 'Charge Coins (Event)'),
(1030, 'Gaia Gundam', '22-04-3-01', 165, 3, NULL, 3, 3, 12, 13, 558, 1698, 291, 889, 889, 0, 0, NULL, 'While \"Transformer\", Strong Melee CRIT Rate boosted 17%', NULL, NULL, 'Charge Coins (Event)'),
(1031, 'Gaia Gundam', '22-04-4-01', 165, 4, NULL, 3, 3, 12, 23, 558, 291, 291, 889, 889, 302, 428, NULL, 'With Speed attribute (self), 13% chance to not recoil', NULL, NULL, 'Charge Coins (Event)'),
(1032, 'Gaia Gundam', '22-04-5-01', 165, 5, NULL, 3, 3, 12, 23, 558, 291, 291, 889, 889, 302, 428, 360, NULL, NULL, NULL, 'Charge Coins (Event)'),
(1033, 'Vajra Beam Saber [Gaia]', '22-04-6a-01', 165, 6, NULL, 3, 3, 12, 23, 558, 2297, 0, 0, 0, 126, 428, NULL, 'Out-Fighter Job, Job Gauge Increase boosted 13%', 1, 2, 'Charge Coins (Event)'),
(1034, 'High-Energy Beam Rifle', '22-04-7a-01', 165, 7, NULL, 3, 3, 12, 23, 558, 0, 2297, 0, 0, 126, 428, NULL, 'With Speed attribute (self), EX Skill Power boosted 25%', 1, 8, 'Charge Coins (Event)'),
(1035, 'Mobile Shield [Gaia]', '22-04-8-01', 165, 8, NULL, 3, 3, 12, 13, 558, 0, 0, 1140, 1140, 126, 558, 88, NULL, NULL, NULL, 'Charge Coins (Event)'),
(1036, '00 Qan[T] Full Saber', '56-01-1-01', 166, 1, NULL, 4, 1, 1, 6, 1363, 972, 1363, 555, 1363, 680, 0, 161, NULL, NULL, NULL, 'Haro Chip Capsule (Valentines Day 2020)'),
(1037, '00 Qan[T] Full Saber', '56-01-2-01', 166, 2, NULL, 4, 1, 1, 6, 1745, 555, 972, 0, 2146, 680, 0, 287, NULL, NULL, NULL, 'Haro Chip Capsule (Valentines Day 2020)'),
(1038, '00 Qan[T] Full Saber', '56-01-3-01', 166, 3, NULL, 4, 1, 1, 13, 0, 2770, 555, 555, 1363, 471, 286, NULL, 'With Power attribute (self), Melee Power boosted 30%', NULL, NULL, 'Haro Chip Capsule (Valentines Day 2020)'),
(1039, '00 Qan[T] Full Saber', '56-01-4-01', 166, 4, NULL, 4, 1, 1, 20, 972, 972, 555, 972, 1363, 680, 286, NULL, 'In-Fighter Job, EX Skill CD reduced 20%', NULL, NULL, 'Haro Chip Capsule (Valentines Day 2020)'),
(1040, '00 Qan[T] Full Saber', '56-01-5-01', 166, 5, NULL, 4, 1, 1, 20, 972, 972, 555, 972, 1363, 680, 471, 361, NULL, NULL, NULL, 'Haro Chip Capsule (Valentines Day 2020)'),
(1041, 'GN Gun Blade [Blade Mode]', '56-01-6-01', 166, 6, NULL, 4, 1, 1, 13, 1363, 3713, 0, 0, 0, 680, 286, NULL, 'In-Fighter Job, Enemy Shooting Power reduced 30%', 2, 4, 'Haro Chip Capsule (Valentines Day 2020)'),
(1042, 'GN Sword IV [Katar Mode]', '56-01-6a-02', 166, 6, NULL, 4, 1, 1, 20, 384, 3582, 0, 0, 0, 611, 418, NULL, 'When Armor < 80%, EX Skill Power boosted 30%', 1, 2, 'Haro Chip Capsule (Valentines Day 2020)'),
(1043, 'GN Sword IV [Saber Mode]', '56-01-6a-03', 166, 6, NULL, 4, 1, 1, 13, 1363, 3713, 0, 0, 0, 680, 286, NULL, 'When attacking with Physical, Strong Melee CRIT Rate boosted 30%', 1, 2, 'Haro Chip Capsule (Valentines Day 2020)'),
(1044, 'GN Sword IV Full Saber', '56-01-6c-02', 166, 6, NULL, 4, 1, 1, 6, 384, 4004, 0, 0, 0, 420, 420, NULL, 'While \"Close Combat\", Initial EX Skill Charge boosted 20%', 2, 5, 'Haro Chip Capsule (Valentines Day 2020)'),
(1045, 'GN Sword IV [Rifle Mode]', '56-01-7a-01', 166, 7, NULL, 4, 1, 1, 13, 555, 154, 3331, 0, 972, 471, 286, 362, NULL, 1, 8, 'Haro Chip Capsule (Valentines Day 2020)'),
(1046, 'Arche Gundam', '25-09-1-01', 167, 1, NULL, 3, 1, 6, 26, 558, 291, 1698, 558, 558, 302, 0, NULL, 'When Armor is < 50%, Recover 10 (flat) Armor gradually', NULL, NULL, 'Abinaky Coins (Event)'),
(1047, 'Arche Gundam', '25-09-2-01', 167, 2, NULL, 3, 1, 6, 26, 1140, 291, 291, 889, 889, 428, 0, NULL, 'In-Fighter Job, Enemy Skill Penetration reduced 22%', NULL, NULL, 'Abinaky Coins (Event)'),
(1048, 'Arche Gundam', '25-09-3-01', 167, 3, NULL, 3, 1, 6, 26, 558, 1698, 291, 889, 889, 0, 0, NULL, 'With Power attribute (self), Enemy Melee Power reduced 25%', NULL, NULL, 'Abinaky Coins (Event)'),
(1049, 'Arche Gundam', '25-09-4-01', 167, 4, NULL, 3, 1, 6, 9, 558, 291, 291, 889, 889, 428, 302, 363, NULL, NULL, NULL, 'Abinaky Coins (Event)'),
(1050, 'Arche Gundam', '25-09-5-01', 167, 5, NULL, 3, 1, 6, 9, 558, 291, 291, 889, 889, 428, 302, NULL, 'While \"Close Combat\", Melee Power boosted 25%', NULL, NULL, 'Abinaky Coins (Event)'),
(1051, 'GN Buster Sword [Arche]', '25-09-6c-01', 167, 6, NULL, 3, 1, 6, 9, 558, 2297, 0, 0, 0, 428, 126, NULL, '12% chance of attacks penetrating super armor', 2, 5, 'Abinaky Coins (Event)'),
(1052, 'GN Buster Sword Rifle Mode [Arche]', '25-09-7a-01', 167, 7, NULL, 3, 1, 6, 26, 558, 0, 2297, 0, 0, 428, 126, NULL, 'With Power attribute (self), Job Gauge Increase boosted 13%', 1, 8, 'Abinaky Coins (Event)'),
(1053, 'GN Shield [Arche]', '25-09-8-01', 167, 8, NULL, 3, 1, 6, 26, 558, 0, 0, 1140, 1140, 588, 126, 364, NULL, NULL, NULL, 'Abinaky Coins (Event)'),
(1054, 'Martial Module', NULL, 3, 6, NULL, 1, 2, 6, 14, 287, 1011, 0, 0, 0, 190, 54, NULL, 'While \"Mobile Fighter\", Melee power boosted 15%', 2, 3, 'Free Missions, Friend Point Capsule, Capital Shop (Added 2020-02-16)'),
(1055, 'Gundam Deathscythe Hell [Endless Waltz Ver.]', '18-06-1-01', 168, 1, NULL, 4, 3, 13, 6, 1180, 383, 796, 1180, 796, 417, 212, 3, NULL, NULL, NULL, 'Haro Chip Capsule'),
(1056, 'Gundam Deathscythe Hell [Endless Waltz Ver.]', '18-06-2-01', 168, 2, NULL, 4, 3, 13, 6, 1976, 796, 383, 796, 796, 610, 0, 176, NULL, NULL, NULL, 'Haro Chip Capsule'),
(1057, 'Gundam Deathscythe Hell [Endless Waltz Ver.]', '18-06-3-01', 168, 3, NULL, 4, 3, 13, 9, 796, 2781, 0, 1180, 1180, 0, 0, 171, NULL, NULL, NULL, 'Haro Chip Capsule'),
(1058, 'Gundam Deathscythe Hell [Endless Waltz Ver.]', '18-06-4-01', 168, 4, NULL, 4, 3, 13, 9, 1180, 383, 383, 1180, 796, 610, 417, NULL, 'With Axe Category equipped, Melee CRIT Rate boosted 30%', NULL, NULL, 'Haro Chip Capsule'),
(1059, 'Gundam Deathscythe Hell [Endless Waltz Ver.]', '18-06-5-01', 168, 5, NULL, 4, 3, 13, 9, 1180, 383, 383, 1180, 796, 610, 417, NULL, 'In-Fighter Job, EX Skill Piercing boosted 28%', NULL, NULL, 'Haro Chip Capsule'),
(1060, 'Beam Scissors', '18-06-6b-01', 168, 6, NULL, 4, 3, 13, 6, 1180, 3577, 0, 0, 0, 417, 212, 172, NULL, 1, 1, 'Haro Chip Capsule'),
(1061, 'Astray Gold Frame Amatsu', '23-04-1-01', 169, 1, NULL, 4, 2, 9, 3, 795, 382, 2377, 795, 795, 416, 0, NULL, 'When Armor is < 70%, Enemy Shooting Power reduced 30%', NULL, NULL, 'Haro Chip Capsule'),
(1062, 'Astray Gold Frame Amatsu', '23-04-2-01', 169, 2, NULL, 4, 2, 9, 3, 1601, 382, 382, 1179, 1179, 609, 0, 365, NULL, NULL, NULL, 'Haro Chip Capsule'),
(1063, 'Astray Gold Frame Amatsu', '23-04-3-01', 169, 3, NULL, 4, 2, 9, 3, 795, 2377, 382, 1179, 1179, 0, 0, 366, NULL, NULL, NULL, 'Haro Chip Capsule'),
(1064, 'Astray Gold Frame Amatsu', '23-04-4-01', 169, 4, NULL, 4, 2, 9, 20, 795, 382, 382, 1179, 1179, 609, 416, NULL, 'With Technique attribute (self), EX Skill CD reduced 20%', NULL, NULL, 'Haro Chip Capsule'),
(1065, 'Astray Gold Frame Amatsu', '23-04-5-01', 169, 5, NULL, 4, 2, 9, 20, 795, 382, 382, 1179, 1179, 609, 416, 367, NULL, NULL, NULL, 'Haro Chip Capsule'),
(1066, 'Rebawoo', '44-01-1-01', 170, 1, NULL, 3, 2, 17, 5, 889, 291, 558, 889, 291, 126, 302, NULL, 'With Technique attribute (self), Projectile Speed boosted 14%', NULL, NULL, 'Leader Device A (Event)'),
(1067, 'Rebawoo', '44-01-2-01', 170, 2, NULL, 3, 2, 17, 5, 1142, 291, 291, 1142, 558, 0, 428, 368, NULL, NULL, NULL, 'Leader Device A (Event)'),
(1068, 'Rebawoo', '44-01-3-01', 170, 3, NULL, 3, 2, 17, 5, 291, 2300, 291, 1142, 291, 0, 0, 160, NULL, NULL, NULL, 'Leader Device A (Event)'),
(1069, 'Rebawoo', '44-01-4-01', 170, 4, NULL, 3, 2, 17, 26, 558, 291, 291, 1142, 558, 428, 302, 369, NULL, NULL, NULL, 'Leader Device A (Event)'),
(1070, 'Rebawoo', '44-01-5-01', 170, 5, NULL, 3, 2, 17, 26, 558, 291, 291, 1142, 558, 302, 428, NULL, 'While \"Zeon\", Melee Power boosted 25%', NULL, NULL, 'Leader Device A (Event)'),
(1071, 'Beam Rifle [Rebawoo]', '44-01-7a-01', 170, 7, NULL, 3, 2, 17, 5, 889, 0, 1701, 0, 0, 302, 428, NULL, 'While \"Commander\", Initial EX Skill Charge boosted 12%', 1, 8, 'Leader Device A (Event)'),
(1072, 'Shield [Reabwoo]', '44-01-8-01', 170, 8, NULL, 4, 1, 17, 5, 558, 0, 0, 1701, 558, 0, 716, 164, NULL, NULL, NULL, 'Leader Device A (Event)'),
(1073, 'Knight Gundam', '42-01-1-01', 171, 1, NULL, 4, 1, 13, 26, 1352, 551, 964, 1352, 964, 282, 463, NULL, 'With Power attribute (self), EX Skill Power boosted 30%', NULL, NULL, 'Haro Chip Capsule (Sokai Festival)'),
(1074, 'Knight Gundam', '42-01-2-01', 171, 2, NULL, 4, 1, 13, 26, 2128, 964, 551, 964, 964, 0, 669, 370, NULL, NULL, NULL, 'Haro Chip Capsule (Sokai Festival)'),
(1075, 'Knight Gundam', '42-01-3-01', 171, 3, NULL, 4, 1, 13, 26, 964, 2913, 0, 1352, 1352, 0, 0, NULL, 'In-Fighter Job, Melee CRIT Rate boosted 30%', NULL, NULL, 'Haro Chip Capsule (Sokai Festival)'),
(1076, 'Knight Gundam', '42-01-4-01', 171, 4, NULL, 4, 1, 13, 6, 1352, 551, 551, 1352, 964, 463, 669, NULL, 'While \"Gundam Type\", EX Skill CD reduced 20%', NULL, NULL, 'Haro Chip Capsule (Sokai Festival)'),
(1077, 'Knight Gundam', '42-01-5-01', 171, 5, NULL, 4, 1, 13, 6, 1352, 964, 551, 964, 964, 463, 669, 371, NULL, NULL, NULL, 'Haro Chip Capsule (Sokai Festival)'),
(1078, 'Knight Sword', '42-01-6a-01', 171, 6, NULL, 4, 1, 13, 6, 1352, 3681, 0, 0, 0, 282, 463, 372, NULL, 2, 2, 'Haro Chip Capsule (Sokai Festival)'),
(1079, 'Electrospear', '42-01-6d-01', 171, 6, NULL, 4, 1, 13, 26, 1352, 3681, 0, 0, 0, 282, 463, 373, NULL, 2, 6, 'Haro Chip Capsule (Sokai Festival)'),
(1080, 'Knight Shield', '42-01-8-01', 171, 8, NULL, 4, 1, 13, 6, 1352, 0, 0, 1730, 964, 282, 890, NULL, 'With Power attribute (self), Shooting DMG taken reduced 35', NULL, NULL, 'Haro Chip Capsule (Sokai Festival)'),
(1081, 'Sazabi', '11-05-1-01', 172, 1, NULL, 4, 2, 10, 6, 1356, 553, 966, 1356, 553, 284, 465, NULL, 'Out-Fighter Job, Enemy Shooting Power reduced 30%', NULL, NULL, 'Haro Chip Capsule (Sokai Festival)'),
(1082, 'Sazabi', '11-05-2-01', 172, 2, NULL, 4, 2, 10, 6, 1734, 553, 553, 1734, 966, 0, 673, 374, NULL, NULL, NULL, 'Haro Chip Capsule (Sokai Festival)'),
(1083, 'Sazabi', '11-05-3-01', 172, 3, NULL, 4, 2, 10, 6, 553, 3312, 553, 1734, 553, 0, 0, NULL, 'When Armor < 70%, Melee Power boosted 30%', NULL, NULL, 'Haro Chip Capsule (Sokai Festival)'),
(1084, 'Sazabi', '11-05-4-01', 172, 4, NULL, 4, 2, 10, 17, 966, 553, 553, 1734, 966, 673, 465, NULL, 'With Technique attribute (self), EX Skill CD reduced 20%', NULL, NULL, 'Haro Chip Capsule (Sokai Festival)'),
(1085, 'Sazabi', '11-05-5-01', 172, 5, NULL, 4, 2, 10, 3, 966, 553, 553, 1734, 966, 465, 673, 375, NULL, NULL, NULL, 'Haro Chip Capsule (Sokai Festival)'),
(1086, 'Beam Tomahawk [Sazabi]', '11-05-6b-01', 172, 6, NULL, 4, 2, 10, 6, 553, 4110, 0, 0, 0, 284, 465, 376, NULL, 1, 1, 'Haro Chip Capsule (Sokai Festival)'),
(1087, 'Beam Saber [Sazabi]', '11-05-6a-01', 172, 6, NULL, 4, 2, 10, 17, 553, 4110, 0, 0, 0, 284, 465, NULL, 'With Technique attribute (self), EX Skill Power boosted 30%', 1, 2, 'Haro Chip Capsule (Sokai Festival)'),
(1088, 'Beam Shot Rifle', '11-05-7a-01', 172, 7, NULL, 4, 2, 10, 3, 1356, 0, 3312, 0, 0, 465, 673, NULL, 'With Technique attribute (self), Sp. Shot CRIT Rate boosted 30%', 1, 8, 'Haro Chip Capsule (Sokai Festival)'),
(1089, 'Shield [Sazabi]', '11-05-8-01', 172, 8, NULL, 4, 2, 10, 3, 966, 0, 0, 2523, 966, 0, 1082, 377, NULL, NULL, NULL, 'Haro Chip Capsule (Sokai Festival)'),
(1090, 'Gundam Throne Drei', '25-15-1-01', 173, 1, NULL, 3, 3, 15, 13, 889, 291, 1701, 291, 291, 302, 126, NULL, 'With Speed attribute (self), Mid Shot Attack raised 14%', NULL, NULL, 'Crimson Wings Chips (Event)'),
(1091, 'Gundam Throne Drei', '25-15-2-01', 173, 2, NULL, 3, 3, 15, 13, 1433, 291, 558, 558, 558, 428, 0, NULL, 'While \"Support Type\", EX Skill DMG taken reduced 25', NULL, NULL, 'Crimson Wings Chips (Event)'),
(1092, 'Gundam Throne Drei', '25-15-3-01', 173, 3, 8, 3, 3, 15, 13, 1701, 558, 558, 1433, 1992, 590, 126, 378, NULL, NULL, NULL, 'Crimson Wings Chips (Event)'),
(1093, 'Gundam Throne Drei', '25-15-4-01', 173, 4, NULL, 3, 3, 15, 24, 889, 291, 291, 558, 889, 428, 302, NULL, 'Supporter Job, EX Skill CD reduced 15%', NULL, NULL, 'Crimson Wings Chips (Event)'),
(1094, 'Gundam Throne Drei', '25-15-5-01', 173, 5, NULL, 3, 3, 15, 24, 889, 291, 291, 558, 889, 428, 302, 379, NULL, NULL, NULL, 'Crimson Wings Chips (Event)'),
(1095, 'GN Beam Saber [Throne Drei]', '25-15-6a-01', 173, 6, NULL, 3, 3, 15, 13, 889, 1701, 0, 0, 291, 302, 126, NULL, 'Supporter Job, Melee DMG Output boosted 20', 1, 2, 'Crimson Wings Chips (Event)'),
(1096, 'Astray Red Frame [Beginner Campaign]', '23-01-1-01', 174, 1, NULL, 1, 1, 1, 6, 1040, 389, 651, 1040, 651, 218, 218, 82, NULL, NULL, NULL, 'Beginner Coin Exchange'),
(1097, 'Astray Red Frame [Beginner Campaign]', '23-01-2-01', 174, 2, NULL, 1, 1, 1, 6, 1848, 651, 389, 651, 651, 218, 218, NULL, 'With Power attribute (self), Enemy Strong Melee Power reduced 25%', NULL, NULL, 'Beginner Coin Exchange'),
(1098, 'Astray Red Frame [Beginner Campaign]', '23-01-3-01', 174, 3, NULL, 1, 1, 1, 6, 651, 2656, 0, 1040, 1040, 0, 0, 152, NULL, NULL, NULL, 'Beginner Coin Exchange'),
(1099, 'Astray Red Frame [Beginner Campaign]', '23-01-4-01', 174, 4, NULL, 1, 1, 1, 24, 1040, 389, 389, 1040, 651, 430, 430, NULL, 'With Saber Category equipped, Enemy EX Skill Pentration reduced 22%', NULL, NULL, 'Beginner Coin Exchange'),
(1100, 'Astray Red Frame [Beginner Campaign]', '23-01-5-01', 174, 5, NULL, 1, 1, 1, 24, 1040, 389, 389, 1040, 651, 430, 430, 4, NULL, NULL, NULL, 'Beginner Coin Exchange'),
(1101, 'Force Impulse Gundam [Beginner Campaign]', '22-01-1-01', 175, 1, NULL, 1, 2, 13, 7, 648, 388, 2268, 648, 648, 0, 332, NULL, 'With Rifle Category equipped, Enemy Shooting Power reduced 25%', NULL, NULL, 'Beginner Coin Exchange'),
(1102, 'Force Impulse Gundam [Beginner Campaign]', '22-01-2-01', 175, 2, NULL, 1, 2, 13, 22, 1454, 388, 388, 1036, 1036, 0, 514, 180, NULL, NULL, NULL, 'Beginner Coin Exchange');
INSERT INTO `part` (`id`, `name`, `collection_id`, `unit_id`, `part_type_id`, `part_augment_type_id`, `rarity`, `attribute_id`, `word_tag_1_id`, `word_tag_2_id`, `armor`, `melee_attack`, `shot_attack`, `melee_defense`, `shot_defense`, `beam_resistance`, `physical_resistance`, `ex_skill_id`, `trait`, `weapon_type_id`, `weapon_category_id`, `notes`) VALUES
(1103, 'Force Impulse Gundam [Beginner Campaign]', '22-01-3-01', 175, 3, NULL, 1, 2, 13, 7, 648, 2268, 388, 1036, 1036, 0, 0, NULL, 'With Technique attribute (self), Strong Melee CRIT Rate boosted 17%', NULL, NULL, 'Beginner Coin Exchange'),
(1104, 'Force Impulse Gundam [Beginner Campaign]', '22-01-4-01', 175, 4, NULL, 1, 2, 13, 7, 648, 388, 388, 1036, 1036, 332, 514, 144, NULL, NULL, NULL, 'Beginner Coin Exchange'),
(1105, 'Force Impulse Gundam [Beginner Campaign]', '22-01-5-01', 175, 5, NULL, 1, 2, 13, 1, 648, 388, 388, 1036, 1036, 332, 514, 4, NULL, NULL, NULL, 'Beginner Coin Exchange'),
(1106, 'Pale Rider [Beginner Campaign]', '05-01-1-01', 176, 1, NULL, 1, 1, 24, 6, 653, 390, 1855, 390, 1043, 219, 219, 201, NULL, NULL, NULL, 'Beginner Coin Exchange'),
(1107, 'Pale Rider [Beginner Campaign]', '05-01-2-01', 176, 2, NULL, 1, 1, 24, 6, 1043, 653, 390, 653, 1464, 219, 219, NULL, 'Middle-Shooter Job, Enemy Strong Melee Power reduced 25%', NULL, NULL, 'Beginner Coin Exchange'),
(1108, 'Pale Rider [Beginner Campaign]', '05-01-3-01', 176, 3, NULL, 1, 1, 24, 6, 653, 2666, 390, 653, 1043, 0, 0, NULL, 'With Power attribute (self), Shot Guidance boosted 14%', NULL, NULL, 'Beginner Coin Exchange'),
(1109, 'Pale Rider [Beginner Campaign]', '05-01-4-01', 176, 4, NULL, 1, 1, 24, 19, 741, 390, 390, 390, 1130, 433, 433, 202, NULL, NULL, NULL, 'Beginner Coin Exchange'),
(1110, 'Pale Rider [Beginner Campaign]', '05-01-5-01', 176, 5, NULL, 1, 1, 24, 19, 741, 390, 390, 390, 1130, 433, 433, 203, NULL, NULL, NULL, 'Beginner Coin Exchange'),
(1111, 'Duel Gundam (Assault Shroud) [Beginner Campaign]', '21-10-1-01', 177, 1, NULL, 1, 2, 10, 7, 389, 389, 3043, 389, 1040, 0, 0, NULL, 'When Armor > 60%, Shooting DMG Output boosted 20', NULL, NULL, 'Beginner Coin Exchange'),
(1112, 'Duel Gundam (Assault Shroud) [Beginner Campaign]', '21-10-2-01', 177, 2, NULL, 1, 2, 10, 7, 1459, 389, 389, 651, 1459, 218, 218, 205, NULL, NULL, NULL, 'Beginner Coin Exchange'),
(1113, 'Duel Gundam (Assault Shroud) [Beginner Campaign]', '21-10-3-01', 177, 3, NULL, 1, 2, 10, 7, 1040, 651, 389, 389, 1625, 218, 218, 206, NULL, NULL, NULL, 'Beginner Coin Exchange'),
(1114, 'Duel Gundam (Assault Shroud) [Beginner Campaign]', '21-10-4-01', 177, 4, NULL, 1, 2, 10, 20, 651, 389, 389, 651, 1459, 335, 335, NULL, '12% chance of attacks penetrating super armor', NULL, NULL, 'Beginner Coin Exchange'),
(1115, 'Duel Gundam (Assault Shroud) [Beginner Campaign]', '21-10-5-01', 177, 5, NULL, 1, 2, 10, 20, 651, 389, 389, 651, 1459, 335, 335, NULL, 'With Technique attribute (self), Vernier Recovery Rate boosted 16%', NULL, NULL, 'Beginner Coin Exchange'),
(1116, 'Beginning 30 Gundam [Beginner Campaign]', '31-01-1-01', 178, 1, NULL, 1, 3, 13, 26, 650, 388, 1844, 388, 1038, 334, 217, NULL, 'Out-Fighter Job, Shooting DMG taken reduced 35', NULL, NULL, 'Beginner Coin Exchange'),
(1117, 'Beginning 30 Gundam [Beginner Campaign]', '31-01-2-01', 178, 2, NULL, 1, 3, 13, 26, 1038, 650, 388, 650, 1456, 516, 0, 300, NULL, NULL, NULL, 'Beginner Coin Exchange'),
(1118, 'Beginning 30 Gundam [Beginner Campaign]', '31-01-3-01', 178, 3, 8, 1, 3, 13, 26, 1456, 2651, 388, 1456, 3038, 732, 217, 380, NULL, NULL, NULL, 'Beginner Coin Exchange'),
(1119, 'Beginning 30 Gundam [Beginner Campaign]', '31-01-4-01', 178, 4, NULL, 1, 3, 13, 26, 650, 388, 388, 388, 1038, 516, 334, NULL, 'Out-Fighter Job, Mid Shot Attack raised 14%', NULL, NULL, 'Beginner Coin Exchange'),
(1120, 'Beginning 30 Gundam [Beginner Campaign]', '31-01-5-01', 178, 5, NULL, 1, 3, 13, 1, 650, 388, 388, 388, 1038, 516, 334, 381, NULL, NULL, NULL, 'Beginner Coin Exchange'),
(1121, 'Gundam GP01Fb [Zephyranthes Fb / Beginner Campaign]', '01-06-1-01', 179, 1, NULL, 1, 3, 10, 9, 648, 388, 2268, 648, 648, 332, 0, 3, NULL, NULL, NULL, 'Beginner Coin Exchange'),
(1122, 'Gundam GP01Fb [Zephyranthes Fb / Beginner Campaign]', '01-06-2-01', 179, 2, NULL, 1, 3, 10, 9, 1454, 388, 388, 1036, 1036, 514, 0, 294, NULL, NULL, NULL, 'Beginner Coin Exchange'),
(1123, 'Gundam GP01Fb [Zephyranthes Fb / Beginner Campaign]', '01-06-3-01', 179, 3, NULL, 1, 3, 10, 9, 648, 2268, 388, 1036, 1036, 0, 0, NULL, 'With Speed attribute (self), Enemy Melee Power reduced 25%', NULL, NULL, 'Beginner Coin Exchange'),
(1124, 'Gundam GP01Fb [Zephyranthes Fb / Beginner Campaign]', '01-06-4-01', 179, 4, NULL, 1, 3, 10, 16, 648, 388, 388, 1036, 1036, 514, 332, NULL, 'While \"High Firepower\", Sp. Shot Power boosted 25%', NULL, NULL, 'Beginner Coin Exchange'),
(1125, 'Gundam GP01Fb [Zephyranthes Fb / Beginner Campaign]', '01-06-5-01', 179, 5, NULL, 1, 3, 10, 16, 648, 388, 388, 1036, 1036, 514, 332, 295, NULL, NULL, NULL, 'Beginner Coin Exchange'),
(1126, 'Gundam Virsago [Beginner Campaign]', '19-03-1-01', 180, 1, NULL, 1, 2, 16, 10, 1036, 388, 2268, 388, 388, 217, 333, NULL, 'When Armor < 80%, EX Skill Power boosted 25%', NULL, NULL, 'Beginner Coin Exchange'),
(1127, 'Gundam Virsago [Beginner Campaign]', '19-03-2-01', 180, 2, NULL, 1, 2, 16, 10, 1841, 388, 649, 649, 649, 0, 514, 271, NULL, NULL, NULL, 'Beginner Coin Exchange'),
(1128, 'Gundam Virsago [Beginner Campaign]', '19-03-3-01', 180, 3, NULL, 1, 2, 16, 10, 1122, 735, 735, 1122, 1122, 0, 0, 272, NULL, NULL, NULL, 'Beginner Coin Exchange'),
(1129, 'Gundam Virsago [Beginner Campaign]', '19-03-4-01', 180, 4, NULL, 1, 2, 16, 12, 1036, 388, 388, 649, 1036, 333, 514, 142, NULL, NULL, NULL, 'Beginner Coin Exchange'),
(1130, 'Gundam Virsago [Beginner Campaign]', '19-03-5-01', 180, 5, NULL, 1, 2, 16, 12, 1036, 388, 388, 649, 1036, 333, 514, NULL, 'While \"Federation\", Long Shot Attack raised 14%', NULL, NULL, 'Beginner Coin Exchange'),
(1131, 'Tallgeese [Endless Waltz Ver. / Beginner Campaign]', '18-01-1-01', 181, 1, NULL, 1, 1, 9, 8, 650, 389, 2652, 389, 389, 218, 218, NULL, 'With Power attribute (self), Shooting CRIT Rate boosted 17%', NULL, NULL, 'Beginner Coin Exchange'),
(1132, 'Tallgeese [Endless Waltz Ver. / Beginner Campaign]', '18-01-2-01', 181, 2, NULL, 1, 1, 9, 8, 1457, 650, 650, 650, 650, 297, 297, NULL, 'While \"High Mobility\", Shooting Power boosted 25%', NULL, NULL, 'Beginner Coin Exchange'),
(1133, 'Tallgeese [Endless Waltz Ver. / Beginner Campaign]', '18-01-3-01', 181, 3, 8, 1, 1, 9, 6, 1457, 3469, 1457, 1039, 1039, 428, 428, 240, NULL, NULL, NULL, 'Beginner Coin Exchange'),
(1134, 'Tallgeese [Endless Waltz Ver. / Beginner Campaign]', '18-01-4-01', 181, 4, NULL, 1, 1, 9, 6, 650, 807, 389, 807, 650, 428, 428, NULL, 'With Saber Category equipped, 13% chance to not recoil', NULL, NULL, 'Beginner Coin Exchange'),
(1135, 'Tallgeese [Endless Waltz Ver. / Beginner Campaign]', '18-01-5-01', 181, 5, NULL, 1, 1, 9, 6, 650, 807, 389, 807, 650, 428, 428, NULL, 'When Armor > 40%, Vernier Consumption reduced 15%', NULL, NULL, 'Beginner Coin Exchange'),
(1136, 'Gundam Exia [Beginner Campaign]', '25-01-1-01', 182, 1, NULL, 1, 1, 13, 6, 1036, 388, 649, 1036, 388, 217, 333, NULL, 'When Armor > 40%, EX Skill Piercing boosted 22%', NULL, NULL, 'Beginner Coin Exchange'),
(1137, 'Gundam Exia [Beginner Campaign]', '25-01-2-01', 182, 2, NULL, 1, 1, 13, 25, 1455, 388, 388, 1455, 649, 0, 514, NULL, 'In-Fighter Job, Buff EX Skill Time up 15%', NULL, NULL, 'Beginner Coin Exchange'),
(1138, 'Gundam Exia [Beginner Campaign]', '25-01-3-01', 182, 3, NULL, 1, 1, 13, 6, 388, 3034, 388, 1455, 388, 0, 0, 382, NULL, NULL, NULL, 'Beginner Coin Exchange'),
(1139, 'Gundam Exia [Beginner Campaign]', '25-01-4-01', 182, 4, NULL, 1, 1, 13, 9, 649, 388, 388, 1455, 649, 514, 333, NULL, 'When Armor > 40%, Melee CRIT Rate boosted 25%', NULL, NULL, 'Beginner Coin Exchange'),
(1140, 'Gundam Exia [Beginner Campaign]', '25-01-5-01', 182, 5, NULL, 1, 1, 13, 25, 649, 388, 388, 1455, 649, 333, 514, 140, NULL, NULL, NULL, 'Beginner Coin Exchange'),
(1141, 'Victory Gundam [Beginner Campaign]', '15-01-1-01', 183, 1, NULL, 1, 3, 23, 1, 1192, 388, 805, 1035, 388, 217, 332, 3, NULL, NULL, NULL, 'Beginner Coin Exchange'),
(1142, 'Victory Gundam [Beginner Campaign]', '15-01-2-01', 183, 2, NULL, 1, 3, 23, 1, 1452, 388, 388, 1452, 648, 0, 513, NULL, 'When Armor > 60%, EX Skill Piercing boosted 22%', NULL, NULL, 'Beginner Coin Exchange'),
(1143, 'Victory Gundam [Beginner Campaign]', '15-01-3-01', 183, 3, 8, 1, 3, 23, 1, 1035, 3032, 388, 3835, 1035, 0, 938, 241, NULL, NULL, NULL, 'Beginner Coin Exchange'),
(1144, 'Victory Gundam [Beginner Campaign]', '15-01-4-01', 183, 4, NULL, 1, 3, 23, 2, 648, 388, 388, 1452, 648, 513, 332, NULL, 'With Speed attribute (self), Melee CRIT Rate boosted 17%', NULL, NULL, 'Beginner Coin Exchange'),
(1145, 'Victory Gundam [Beginner Campaign]', '15-01-5-01', 183, 5, NULL, 1, 3, 23, 2, 648, 388, 388, 1452, 648, 332, 513, NULL, 'When attacking with Beam, Melee Power boosted 25%', NULL, NULL, 'Beginner Coin Exchange'),
(1146, 'Tieren Taozi', '25-10-1-01', 184, 1, NULL, 3, 1, 20, 11, 1144, 292, 891, 558, 558, 302, 0, NULL, 'While \"For Space\", Mid Shot Attack raised 14%', NULL, NULL, 'Arena Coins'),
(1147, 'Tieren Taozi', '25-10-2-01', 184, 2, NULL, 3, 1, 20, 11, 1702, 292, 292, 558, 558, 430, 0, 383, NULL, NULL, NULL, 'Arena Coins'),
(1148, 'Tieren Taozi', '25-10-3-01', 184, 3, NULL, 3, 1, 20, 11, 891, 891, 292, 891, 891, 127, 0, 384, NULL, NULL, NULL, 'Arena Coins'),
(1149, 'Tieren Taozi', '25-10-4-01', 184, 4, NULL, 3, 1, 20, 3, 891, 292, 292, 891, 891, 127, 430, NULL, 'Middle-Shooter Job, Shot spread reduced 15%', NULL, NULL, 'Arena Coins'),
(1150, 'Tieren Taozi', '25-10-5-01', 184, 5, NULL, 3, 1, 20, 3, 891, 292, 292, 891, 891, 430, 127, NULL, 'With Power attribute (self), Vernier recovery rate boosted 16%', NULL, NULL, 'Arena Coins'),
(1151, '200mm x 25 Smoothbore Gun', '25-10-7b-01', 184, 7, NULL, 3, 1, 20, 3, 891, 0, 1144, 292, 292, 430, 302, NULL, 'Physical ranged weapon, reload speed boosted 15%', 2, 10, 'Arena Coins'),
(1152, 'Gundam Tryon 3', '34-03-1-01', 185, 1, NULL, 4, 1, 12, 10, 797, 384, 2785, 384, 384, 213, 418, 278, NULL, NULL, NULL, 'Haro Chip Capsule'),
(1153, 'Gundam Tryon 3', '34-03-2-01', 185, 2, NULL, 4, 1, 12, 10, 1605, 797, 797, 797, 797, 0, 611, 385, NULL, NULL, NULL, 'Haro Chip Capsule'),
(1154, 'Gundam Tryon 3', '34-03-3-01', 185, 3, NULL, 4, 1, 12, 10, 797, 2785, 1181, 384, 384, 0, 0, 386, NULL, NULL, NULL, 'Haro Chip Capsule'),
(1155, 'Gundam Tryon 3', '34-03-4-01', 185, 4, NULL, 4, 1, 12, 11, 797, 797, 384, 797, 797, 611, 418, 387, NULL, NULL, NULL, 'Haro Chip Capsule'),
(1156, 'Gundam Tryon 3', '34-03-5-01', 185, 5, NULL, 4, 1, 12, 11, 797, 797, 384, 797, 797, 418, 611, 388, NULL, NULL, NULL, 'Haro Chip Capsule'),
(1157, 'Hyper Minovsky Chohouken', '34-03-6c-01', 185, 6, NULL, 4, 1, 12, 11, 384, 3582, 0, 0, 0, 418, 611, NULL, 'While \"Transformer\", Initial EX Skill charge boosted 20%', 1, 5, 'Haro Chip Capsule'),
(1158, 'Hyper Beam Saber [Tryon 3]', '34-03-6c-02', 185, 6, NULL, 4, 1, 12, 10, 384, 3582, 0, 0, 0, 418, 611, NULL, 'With Power attribute (self), Strong Melee CRIT rate boosted 30%', 1, 5, 'Haro Chip Capsule'),
(1159, 'Astray Red Frame Custom', '23-05-1-01', 186, 1, NULL, 4, 2, 1, 6, 1182, 384, 799, 1182, 384, 290, 290, NULL, 'With Technique attribute (self), Enemy Shooting power reduced 30%', NULL, NULL, 'Haro Chip Capsule'),
(1160, 'Astray Red Frame Custom', '23-05-2-01', 186, 2, NULL, 4, 2, 1, 6, 1606, 384, 384, 1606, 799, 290, 290, NULL, 'In-Fighter Job, Strong Melee power boosted 30%', NULL, NULL, 'Haro Chip Capsule'),
(1161, 'Astray Red Frame Custom', '23-05-3-01', 186, 3, NULL, 4, 2, 1, 6, 384, 3181, 384, 1606, 384, 0, 0, NULL, 'When Armor is 80% or less, Melee CRIT rate boosted 30%', NULL, NULL, 'Haro Chip Capsule'),
(1162, 'Astray Red Frame Custom', '23-05-4-01', 186, 4, NULL, 4, 2, 1, 9, 799, 384, 384, 1606, 799, 420, 290, 389, NULL, NULL, NULL, 'Haro Chip Capsule'),
(1163, 'Astray Red Frame Custom', '23-05-5-01', 186, 5, NULL, 4, 2, 1, 9, 1606, 384, 384, 1606, 799, 290, 290, 390, NULL, NULL, NULL, 'Haro Chip Capsule'),
(1164, 'Gerbera Straight/Tiger Pierce', '23-05-6-01', 186, 6, NULL, 4, 2, 1, 6, 384, 4004, 0, 0, 0, 420, 420, NULL, 'While \"Protag.\", Initial EX Skill charge boosted 20%', 2, 4, 'Haro Chip Capsule'),
(1165, 'Build Gundam Mk-II', '32-03-1-01', 187, 1, NULL, 3, 3, 13, 26, 889, 291, 1701, 291, 291, 302, 126, 391, NULL, NULL, NULL, 'Manufactured Coins (Event)'),
(1166, 'Build Gundam Mk-II', '32-03-2-01', 187, 2, NULL, 3, 3, 13, 26, 1433, 291, 558, 558, 558, 428, 0, NULL, 'While \"Gundam Type\", Debuff EX Skill time up 16%', NULL, NULL, 'Manufactured Coins (Event)'),
(1167, 'Build Gundam Mk-II', '32-03-3-01', 187, 3, NULL, 3, 3, 13, 24, 889, 558, 558, 889, 889, 0, 0, 165, NULL, NULL, NULL, 'Manufactured Coins (Event)'),
(1168, 'Build Gundam Mk-II', '32-03-4-01', 187, 4, NULL, 3, 3, 13, 24, 889, 291, 291, 558, 889, 428, 302, NULL, 'With Speed attribute (self), Mid Shot Attack raised 14%', NULL, NULL, 'Manufactured Coins (Event)'),
(1169, 'Build Gundam Mk-II', '32-03-5-01', 187, 5, NULL, 3, 3, 13, 24, 889, 291, 291, 558, 889, 428, 302, 216, NULL, NULL, NULL, 'Manufactured Coins (Event)'),
(1170, 'Beam Saber [Build Gundam Mk-II]', '32-03-6a-01', 187, 6, NULL, 3, 3, 13, 26, 889, 1701, 0, 0, 291, 302, 126, NULL, 'While \"For Computers\", Initial EX Skill charge boosted 12%', 1, 2, 'Manufactured Coins (Event)'),
(1171, 'Beam Rifle [Build Gundam Mk-II]', '32-03-7a-01', 187, 7, NULL, 3, 3, 13, 26, 889, 0, 2300, 0, 0, 428, 126, NULL, 'With Speed attribute (self), Job Gauge increase boosted 13%', 1, 8, 'Manufactured Coins (Event)'),
(1172, 'Hyper Bazooka [Build Gundam Mk-II]', '32-03-7d-01', 187, 7, NULL, 3, 3, 13, 26, 889, 0, 2300, 0, 0, 428, 126, NULL, 'Physical ranged weapon, reload speed boosted 15%', 2, 12, 'Manufactured Coins (Event)'),
(1173, 'Beam Rifle Mk-II', '32-03-7a-02', 187, 7, NULL, 3, 3, 13, 24, 889, 0, 2300, 0, 0, 428, 126, NULL, 'When Armor is 60% or more, Sp. Shot power boosted 25%', 1, 8, 'Manufactured Coins (Event)'),
(1174, 'Shield [Build Gundam Mk-II]', '32-03-8-01', 187, 8, NULL, 3, 3, 13, 24, 889, 0, 0, 558, 1142, 590, 126, NULL, 'Middle-Shooter Job, Shooting DMG taken reduced by 20', NULL, NULL, 'Manufactured Coins (Event)'),
(1175, 'Gundam Barbatos Lupus', '28-06-1-01', 188, 1, NULL, 4, 2, 6, 1, 1356, 553, 966, 1356, 553, 465, 284, 392, NULL, NULL, NULL, 'Barbatos Lupus Capsule'),
(1176, 'Gundam Barbatos Lupus', '28-06-2-01', 188, 2, NULL, 4, 2, 6, 1, 1734, 553, 553, 1734, 966, 673, 0, NULL, 'While \"Protag.\", EX Skill CD reduced 20%', NULL, NULL, 'Barbatos Lupus Capsule'),
(1177, 'Gundam Barbatos Lupus', '28-06-3-01', 188, 3, NULL, 4, 2, 6, 10, 553, 3312, 553, 1734, 553, 0, 0, 393, NULL, NULL, NULL, 'Barbatos Lupus Capsule'),
(1178, 'Gundam Barbatos Lupus', '28-06-4-01', 188, 4, NULL, 4, 2, 6, 13, 966, 553, 553, 1734, 966, 465, 673, NULL, 'With Technique attribute (self), Melee CRIT rate boosted 30%', NULL, NULL, 'Barbatos Lupus Capsule'),
(1179, 'Gundam Barbatos Lupus', '28-06-5-01', 188, 5, NULL, 4, 2, 6, 13, 966, 553, 553, 1734, 966, 673, 465, 394, NULL, NULL, NULL, 'Barbatos Lupus Capsule'),
(1180, 'Sword Mace', '28-06-6b-01', 188, 6, NULL, 4, 2, 6, 1, 553, 4110, 0, 0, 0, 465, 284, 395, NULL, 2, 1, 'Barbatos Lupus Capsule'),
(1181, 'Twin Maces', '28-06-6-01', 188, 6, NULL, 4, 2, 6, 10, 553, 4110, 0, 0, 0, 465, 284, NULL, '15% chance of attacks penetrating super armor', 2, 4, 'Barbatos Lupus Capsule'),
(1182, 'Gundam Vidar', '28-08-1-01', 189, 1, NULL, 4, 3, 13, 9, 965, 553, 2922, 553, 553, 464, 284, 396, NULL, NULL, NULL, 'Vidar Capsule'),
(1183, 'Gundam Vidar', '28-08-2-01', 189, 2, NULL, 4, 3, 13, 9, 1734, 965, 965, 965, 965, 673, 0, NULL, 'While \"High Mobility\", EX Skill DMG taken reduced 35', NULL, NULL, 'Vidar Capsule'),
(1184, 'Gundam Vidar', '28-08-3-01', 189, 3, NULL, 4, 3, 13, 9, 965, 2922, 1356, 553, 553, 0, 0, NULL, 'Out-Fighter Job, Melee CRIT rate boosted 30%', NULL, NULL, 'Vidar Capsule'),
(1185, 'Gundam Vidar', '28-08-4-01', 189, 4, NULL, 4, 3, 13, 6, 965, 965, 553, 965, 965, 464, 673, 397, NULL, NULL, NULL, 'Vidar Capsule'),
(1186, 'Gundam Vidar', '28-08-5-01', 189, 5, NULL, 4, 3, 13, 6, 965, 965, 553, 965, 965, 673, 464, NULL, 'With Speed attribute (self), Melee power boosted 30%', NULL, NULL, 'Vidar Capsule'),
(1187, 'Burst Saber', '28-08-6a-01', 189, 6, NULL, 4, 3, 13, 9, 553, 3690, 0, 0, 0, 673, 464, NULL, 'With Speed attribute (self), Job Gauge increase boosted 17%', 2, 2, 'Vidar Capsule'),
(1188, '110mm Rifle', '28-08-7b-01', 189, 7, NULL, 4, 3, 13, 9, 553, 154, 3690, 0, 0, 464, 284, NULL, 'When Armor is 80% or less, Enemy Strong Melee power reduced 30%', 2, 10, 'Vidar Capsule'),
(1189, 'Gundam Maxter', '16-07-1-01', 190, 1, NULL, 3, 1, 14, 6, 889, 291, 558, 889, 291, 126, 302, NULL, 'Out Fighter Job, EX Skill piercing boosted 22%', NULL, NULL, 'Slugger Coins (Event)'),
(1190, 'Gundam Maxter', '16-07-2-01', 190, 2, NULL, 3, 1, 14, 6, 1142, 291, 291, 1142, 558, 0, 428, 77, NULL, NULL, NULL, 'Slugger Coins (Event)'),
(1191, 'Gundam Maxter', '16-07-3-01', 190, 3, NULL, 3, 1, 14, 6, 291, 2300, 291, 1142, 291, 0, 0, 398, NULL, NULL, NULL, 'Slugger Coins (Event)'),
(1192, 'Gundam Maxter', '16-07-4-01', 190, 4, NULL, 3, 1, 14, 24, 558, 291, 291, 1142, 558, 428, 302, 399, NULL, NULL, NULL, 'Slugger Coins (Event)'),
(1193, 'Gundam Maxter', '16-07-5-01', 190, 5, NULL, 3, 1, 14, 24, 558, 291, 291, 1142, 558, 302, 428, NULL, 'With Power attribute (self), 13% chance to not recoil', NULL, NULL, 'Slugger Coins (Event)'),
(1194, 'Wing Gundam Fenice', '32-04-1-01', 191, 1, NULL, 4, 2, 13, 10, 799, 384, 2791, 799, 384, 213, 0, 3, NULL, NULL, NULL, 'Haro Chip Capsule'),
(1195, 'Wing Gundam Fenice', '32-04-2-01', 191, 2, NULL, 4, 2, 13, 10, 1184, 384, 384, 1608, 799, 614, 0, 400, NULL, NULL, NULL, 'Haro Chip Capsule'),
(1196, 'Wing Gundam Fenice', '32-04-3-01', 191, 3, 8, 4, 2, 13, 10, 1608, 1982, 384, 3186, 1608, 812, 213, 401, NULL, NULL, NULL, 'Haro Chip Capsule'),
(1197, 'Wing Gundam Fenice', '32-04-4-01', 191, 4, NULL, 4, 2, 13, 9, 799, 384, 799, 1184, 384, 614, 420, 402, NULL, NULL, NULL, 'Haro Chip Capsule'),
(1198, 'Wing Gundam Fenice', '32-04-5-01', 191, 5, NULL, 4, 2, 13, 9, 799, 384, 384, 1608, 384, 614, 420, NULL, 'When attacking with Beam, EX Skill piercing boosted 28%', NULL, NULL, 'Haro Chip Capsule'),
(1199, 'Beam Rapier', '32-04-6a-01', 191, 6, NULL, 4, 2, 13, 21, 799, 1982, 0, 799, 0, 614, 213, NULL, 'When Armor is 70% or less, Strong Melee CRIT rate boosted 30%', 1, 2, 'Haro Chip Capsule'),
(1200, 'Buster Rifle Cannon', '32-04-7a-01', 191, 7, NULL, 4, 2, 13, 10, 384, 0, 3590, 799, 0, 420, 213, NULL, 'With Technique attribute (self), Sp. Shot CRIT rate boosted 30%', 1, 8, 'Haro Chip Capsule'),
(1201, 'Lightning Gundam', '34-02-1-01', 192, 1, NULL, 4, 3, 8, 26, 384, 384, 3177, 384, 1181, 0, 0, NULL, 'Long-Shooter Job, Long Shot Attack raised 20%', NULL, NULL, 'Haro Chip Capsule'),
(1202, 'Lightning Gundam', '34-02-2-01', 192, 2, NULL, 4, 3, 8, 26, 1602, 384, 384, 796, 1602, 611, 0, NULL, 'With Speed attribute (self), EX Skill piercing boosted 28%', NULL, NULL, 'Haro Chip Capsule'),
(1203, 'Lightning Gundam', '34-02-3-01', 192, 3, NULL, 4, 3, 8, 26, 1181, 796, 384, 384, 1602, 417, 213, 209, NULL, NULL, NULL, 'Haro Chip Capsule'),
(1204, 'Lightning Gundam', '34-02-4-01', 192, 4, NULL, 4, 3, 8, 10, 796, 384, 384, 796, 1602, 417, 611, 403, NULL, NULL, NULL, 'Haro Chip Capsule'),
(1205, 'Lightning Gundam', '34-02-5-01', 192, 5, NULL, 4, 3, 8, 10, 796, 384, 384, 796, 1602, 611, 417, 404, NULL, NULL, NULL, 'Haro Chip Capsule'),
(1206, 'Beam Rifle [Long Barrel]', '34-02-7b-01', 192, 7, NULL, 4, 3, 8, 26, 384, 0, 3997, 0, 0, 417, 213, 405, NULL, 1, 10, 'Haro Chip Capsule'),
(1207, 'Beam Rifle [Lightning]', '34-02-7a-01', 192, 7, NULL, 4, 3, 8, 10, 384, 0, 3997, 0, 0, 417, 213, NULL, 'With \"Long-Range\" enemy, EX Skill power boosted 30%', 1, 8, 'Haro Chip Capsule'),
(1208, 'Shield [Lightning]', '34-02-8-01', 192, 8, NULL, 4, 3, 8, 10, 796, 0, 0, 796, 2380, 1028, 0, NULL, 'With Speed attribute (self), Debuff EX Skill effect up 22%', NULL, NULL, 'Haro Chip Capsule'),
(1209, 'Mack Knife [Mask]', '27-02-1-01', 193, 1, NULL, 3, 3, 12, 9, 1144, 292, 891, 558, 558, 0, 302, NULL, 'Middle-Shooter Job, Shot spread reduced 15%', NULL, NULL, 'Dance Device A (Event)'),
(1210, 'Mack Knife [Mask]', '27-02-2-01', 193, 2, NULL, 3, 3, 12, 9, 1702, 292, 292, 558, 558, 0, 430, NULL, 'With Speed attribute (self), 14% chance to survive a fatal blow', NULL, NULL, 'Dance Device A (Event)'),
(1211, 'Mack Knife [Mask]', '27-02-3-01', 193, 3, NULL, 3, 3, 12, 9, 891, 891, 292, 891, 891, 0, 127, 406, NULL, NULL, NULL, 'Dance Device A (Event)'),
(1212, 'Mack Knife [Mask]', '27-02-4-01', 193, 4, NULL, 3, 3, 12, 5, 891, 292, 292, 891, 891, 430, 127, 407, NULL, NULL, NULL, 'Dance Device A (Event)'),
(1213, 'Mack Knife [Mask]', '27-02-5-01', 193, 5, NULL, 3, 3, 12, 5, 891, 292, 292, 891, 891, 127, 430, NULL, 'While \"Transformer\", Shooting DMG output boosted by 20%', NULL, NULL, 'Dance Device A (Event)'),
(1214, 'Destiny Gundam', '22-05-1-01', 194, 1, NULL, 4, 1, 13, 6, 965, 553, 2922, 553, 553, 284, 284, NULL, 'Out-Fighter Job, Close Shot Attack raised 20%', NULL, NULL, 'Haro Chip Capsule'),
(1215, 'Destiny Gundam', '22-05-2-01', 194, 2, NULL, 4, 1, 13, 6, 1734, 965, 965, 965, 965, 284, 284, NULL, 'With Blade Category equipped, Melee Power boosted 30%', NULL, NULL, 'Haro Chip Capsule'),
(1216, 'Destiny Gundam', '22-05-3-01', 194, 3, NULL, 4, 1, 13, 6, 965, 2922, 1356, 553, 553, 0, 0, 408, NULL, NULL, NULL, 'Haro Chip Capsule'),
(1217, 'Destiny Gundam', '22-05-4-01', 194, 4, NULL, 4, 1, 13, 10, 965, 965, 553, 965, 965, 555, 555, NULL, 'With Power attribute (self), EX Skill CD reduced 20%', NULL, NULL, 'Haro Chip Capsule'),
(1218, 'Destiny Gundam', '22-05-5-01', 194, 5, NULL, 4, 1, 13, 10, 965, 965, 553, 965, 965, 555, 555, 409, NULL, NULL, NULL, 'Haro Chip Capsule'),
(1219, 'Arondight [Destiny]', '22-05-6c-01', 194, 6, NULL, 4, 1, 13, 6, 553, 3690, 0, 0, 0, 464, 464, NULL, 'When Armor < 80%, Melee DMG Output boosted 35', 1, 5, 'Haro Chip Capsule'),
(1220, 'High-Energy Beam Rifle [Destiny]', '22-05-7a-01', 194, 7, NULL, 4, 1, 13, 10, 553, 154, 3690, 0, 0, 464, 464, NULL, 'With Power attribute (self), Job Gauge Increase boosted 17%', 1, 8, 'Haro Chip Capsule'),
(1221, 'Anti-Beam Shield', '22-05-8-01', 194, 8, NULL, 4, 1, 13, 6, 965, 965, 553, 965, 965, 555, 555, NULL, 'With Power attribute (self), Buff EX Skill Effect up 22%%', NULL, NULL, 'Haro Chip Capsule'),
(1222, 'Yami Syougun', '42-02-1-01', 195, 1, NULL, 4, 3, 18, 6, 972, 556, 2541, 972, 972, 0, 471, NULL, 'Out-Fighter Job, Close Shot Attack raised 20%', NULL, NULL, 'Haro Chip Capsule'),
(1223, 'Yami Syougun', '42-02-2-01', 195, 2, NULL, 4, 3, 18, 6, 1747, 556, 556, 1365, 1365, 0, 682, 370, NULL, NULL, NULL, 'Haro Chip Capsule'),
(1224, 'Yami Syougun', '42-02-3-01', 195, 3, NULL, 4, 3, 18, 6, 972, 2541, 556, 1365, 1365, 0, 76, NULL, 'Beam ranged weapon reload speed boosted 20%', NULL, NULL, 'Haro Chip Capsule'),
(1225, 'Yami Syougun', '42-02-4-01', 195, 4, NULL, 4, 3, 18, 26, 972, 556, 556, 1365, 1365, 471, 682, NULL, 'With Speed attribute (self), EX Skill DMG taken reduced 35', NULL, NULL, 'Haro Chip Capsule'),
(1226, 'Yami Syougun', '42-02-5-01', 195, 5, NULL, 4, 3, 18, 26, 972, 556, 556, 1365, 1365, 471, 682, 410, NULL, NULL, NULL, 'Haro Chip Capsule'),
(1227, 'Darkness Sword', '42-02-6a-01', 195, 6, NULL, 4, 3, 18, 26, 972, 3334, 0, 0, 0, 287, 682, NULL, 'With Speed attribute (self), Melee DMG Output boosted 35', 2, 2, 'Haro Chip Capsule'),
(1228, 'Darkness Cannon', '42-02-7d-01', 195, 7, NULL, 4, 3, 18, 6, 972, 0, 3334, 0, 0, 287, 682, NULL, 'With Speed attribute (self), Job Gauge Increase boosted 17%', 1, 12, 'Haro Chip Capsule'),
(1229, 'Gundam Virtue', '25-11-1-01', 196, 1, NULL, 3, 1, 11, 20, 292, 292, 2304, 292, 891, 0, 0, NULL, 'Long-Shooter Job, Shooting DMG taken reduced 20', NULL, NULL, 'Full Throttle Chips (Event)'),
(1230, 'Gundam Virtue', '25-11-2-01', 196, 2, NULL, 3, 1, 11, 20, 1144, 292, 292, 559, 1144, 213, 213, NULL, 'With Power attribute (self), Buff EX Skill Time up 15%', NULL, NULL, 'Full Throttle Chips (Event)'),
(1231, 'Gundam Virtue', '25-11-3-01', 196, 3, NULL, 3, 1, 11, 20, 891, 559, 292, 292, 1144, 213, 213, NULL, 'With Bazooka Category equipped, Sp. Shot Power boosted 25%', NULL, NULL, 'Full Throttle Chips (Event)'),
(1232, 'Gundam Virtue', '25-11-4-01', 196, 4, NULL, 3, 1, 11, 10, 559, 292, 292, 559, 1144, 303, 303, 289, NULL, NULL, NULL, 'Full Throttle Chips (Event)'),
(1233, 'Gundam Virtue', '25-11-5-01', 196, 5, NULL, 3, 1, 11, 10, 559, 292, 292, 559, 1144, 303, 303, 411, NULL, NULL, NULL, 'Full Throttle Chips (Event)'),
(1234, 'GN Bazooka [Virtue]', '25-11-7d-01', 196, 7, NULL, 3, 1, 11, 10, 292, 0, 2871, 0, 0, 213, 213, 412, NULL, 1, 12, 'Full Throttle Chips (Event)'),
(1235, 'Gundam Bael', '28-07-1-01', 197, 1, NULL, 4, 2, 6, 20, 1181, 384, 796, 1181, 384, 417, 213, 413, NULL, NULL, NULL, 'Haro Chip Capsule'),
(1236, 'Gundam Bael', '28-07-2-01', 197, 2, NULL, 4, 2, 6, 20, 1602, 384, 384, 1602, 796, 611, 0, NULL, 'With Technique attribute (self), Buff EX Skill effect up 22%', NULL, NULL, 'Haro Chip Capsule'),
(1237, 'Gundam Bael', '28-07-3-01', 197, 3, NULL, 4, 2, 6, 20, 384, 3177, 384, 1602, 384, 0, 0, NULL, 'With Dual Sabers category equipped, Melee power boosted 30%', NULL, NULL, 'Haro Chip Capsule'),
(1238, 'Gundam Bael', '28-07-4-01', 197, 4, NULL, 4, 2, 6, 13, 796, 384, 384, 1602, 796, 417, 611, 414, NULL, NULL, NULL, 'Haro Chip Capsule'),
(1239, 'Gundam Bael', '28-07-5-01', 197, 5, NULL, 4, 2, 6, 13, 796, 384, 384, 1602, 796, 611, 417, 415, NULL, NULL, NULL, 'Haro Chip Capsule'),
(1240, 'Bael Sword', '28-07-6-01', 197, 6, NULL, 4, 2, 6, 13, 384, 3997, 0, 0, 0, 417, 213, NULL, 'With Technique attribute (self), EX Skill power boosted 30%', 2, 4, 'Haro Chip Capsule'),
(1241, 'Crossbone Gundam X2', '14-02-1-01', 198, 1, NULL, 4, 1, 10, 20, 384, 384, 3177, 384, 1181, 0, 0, NULL, 'Long-Shooter Job, Long Shot Attack raised 20%', NULL, NULL, 'Haro Chip Capsule'),
(1242, 'Crossbone Gundam X2', '14-02-2-01', 198, 2, NULL, 4, 1, 10, 20, 1602, 384, 384, 796, 1602, 611, 0, 416, NULL, NULL, NULL, 'Haro Chip Capsule'),
(1243, 'Crossbone Gundam X2', '14-02-3-01', 198, 3, NULL, 4, 1, 10, 20, 1181, 796, 384, 384, 1602, 417, 213, NULL, 'Beam ranged weapon, reload speed boosted 20%', NULL, NULL, 'Haro Chip Capsule'),
(1244, 'Crossbone Gundam X2', '14-02-4-01', 198, 4, NULL, 4, 1, 10, 3, 796, 384, 384, 796, 1602, 417, 611, 417, NULL, NULL, NULL, 'Haro Chip Capsule'),
(1245, 'Crossbone Gundam X2', '14-02-5-01', 198, 5, NULL, 4, 1, 10, 3, 796, 384, 384, 796, 1602, 611, 417, NULL, 'With Power attribute (self), EX Skill piercing boosted 28%', NULL, NULL, 'Haro Chip Capsule'),
(1246, 'Shot Lancer [X2]', '14-02-6d-01', 198, 6, NULL, 4, 1, 10, 13, 1181, 2380, 0, 0, 0, 611, 417, 418, NULL, 2, 6, 'Haro Chip Capsule'),
(1247, 'Beam Zanba [X2]', '14-02-6a-01', 198, 6, NULL, 4, 1, 10, 20, 1181, 2380, 0, 0, 0, 611, 417, NULL, 'While \"High Firepower\", Initial EX Skill charge boosted 20%', 1, 2, 'Haro Chip Capsule'),
(1248, 'Zanbuster [X2]', '14-02-7a-01', 198, 7, NULL, 4, 1, 10, 3, 384, 0, 3997, 0, 0, 417, 213, NULL, 'With Power attribute (self), Sp. Shot CRIT rate boosted 30%', 1, 8, 'Haro Chip Capsule'),
(1249, 'Buster Gun [X2]', '14-02-7a-02', 198, 7, NULL, 4, 1, 10, 13, 384, 0, 3997, 0, 0, 417, 213, NULL, 'Long-Shooter Job, EX Skill DMG taken reduced by 35', 1, 8, 'Haro Chip Capsule'),
(1250, 'ABC Cloak [X2]', '14-02-8-01', 198, 8, NULL, 4, 1, 10, 13, 796, 0, 0, 796, 2380, 1028, 0, NULL, 'With Power attribute (self), Enemy Shooting power reduced 30%', NULL, NULL, 'Haro Chip Capsule'),
(1251, 'Ryusei-Go [Graze Custom II]', '28-09-1-01', 199, 1, NULL, 3, 2, 3, 7, 558, 291, 1700, 558, 558, 126, 126, 419, NULL, NULL, NULL, 'Weathered Coins (Event)'),
(1252, 'Ryusei-Go [Graze Custom II]', '28-09-2-01', 199, 2, NULL, 3, 2, 3, 7, 1142, 291, 291, 889, 889, 213, 213, NULL, 'With Technique attribute (self), Shooting Power boosted 25%', NULL, NULL, 'Weathered Coins (Event)'),
(1253, 'Ryusei-Go [Graze Custom II]', '28-09-3-01', 199, 3, NULL, 3, 2, 3, 7, 558, 1700, 291, 889, 889, 0, 0, NULL, '12% chance of attacks penetrating super armor', NULL, NULL, 'Weathered Coins (Event)'),
(1254, 'Ryusei-Go [Graze Custom II]', '28-09-4-01', 199, 4, NULL, 3, 2, 3, 24, 558, 291, 291, 889, 889, 349, 375, NULL, 'When Armor is 70% or less, EX Skill CD reduced 15%', NULL, NULL, 'Weathered Coins (Event)'),
(1255, 'Ryusei-Go [Graze Custom II]', '28-09-5-01', 199, 5, NULL, 3, 2, 3, 24, 558, 291, 291, 889, 889, 375, 349, NULL, 'When attacking with Physical, Mid Shot Attack raised 14%', NULL, NULL, 'Weathered Coins (Event)'),
(1256, 'Battle Axe [Ryusei-Go]', '28-09-6b-01', 199, 6, NULL, 3, 2, 3, 24, 558, 2298, 0, 0, 0, 302, 302, 420, NULL, 2, 1, 'Weathered Coins (Event)'),
(1257, '120mm Rifle [Ryusei-Go]', '28-09-7c-01', 199, 7, NULL, 3, 2, 3, 7, 558, 0, 2298, 0, 0, 302, 302, NULL, 'Physical ranged weapon, reload speed boosted 15%', 2, 9, 'Weathered Coins (Event)'),
(1258, 'Moon Gundam', '49-01-1-01', 200, 1, NULL, 4, 2, 13, 20, 797, 384, 2785, 384, 384, 418, 213, NULL, 'With Technique attribute (self), Enemy Shooting Power reduced 30%', NULL, NULL, '[2020] April Step-Up Capsule & [No. 018] Bonus Coins'),
(1259, 'Moon Gundam', '49-01-2-01', 200, 2, NULL, 4, 2, 13, 20, 1605, 797, 797, 797, 797, 611, 0, NULL, 'Out-Fighter Job, Buff EX Skill Time up 22%', NULL, NULL, '[2020] April Step-Up Capsule & [No. 018] Bonus Coins'),
(1260, 'Moon Gundam', '49-01-3-01', 200, 3, NULL, 4, 2, 13, 20, 797, 2785, 1181, 384, 384, 0, 0, 421, NULL, NULL, NULL, '[2020] April Step-Up Capsule & [No. 018] Bonus Coins'),
(1261, 'Moon Gundam', '49-01-4-01', 200, 4, NULL, 4, 2, 13, 1, 797, 797, 384, 797, 797, 418, 611, NULL, 'When Armor < 70%, EX SKill CD reduced 20%', NULL, NULL, '[2020] April Step-Up Capsule & [No. 018] Bonus Coins'),
(1262, 'Moon Gundam', '49-01-5-01', 200, 5, NULL, 4, 2, 13, 1, 797, 797, 384, 797, 797, 611, 418, 422, NULL, NULL, NULL, '[2020] April Step-Up Capsule & [No. 018] Bonus Coins'),
(1263, 'Beam Tomahawk [Moon]', '49-01-6b-01', 200, 6, NULL, 4, 2, 13, 1, 384, 3582, 0, 0, 0, 611, 418, NULL, 'With Technique attribute (self), Enemy Melee Power reduced 30%', 1, 1, '[2020] April Step-Up Capsule & [No. 018] Bonus Coins'),
(1264, 'Beam Rifle [Moon]', '49-01-7a-01', 200, 7, NULL, 4, 2, 13, 20, 384, 0, 3582, 0, 0, 418, 213, NULL, 'When Armor < 70%, EX Skill Power boosted 30%', 1, 8, '[2020] April Step-Up Capsule & [No. 018] Bonus Coins'),
(1265, 'Command Gundam', '42-03-1-01', 201, 1, NULL, 3, 2, 13, 8, 559, 294, 1999, 559, 294, 0, 129, NULL, 'While \"Long-Range\", Long Shot Attack raised 14%', NULL, NULL, 'G-ARMS Coins (Event)'),
(1266, 'Command Gundam', '42-03-2-01', 201, 2, NULL, 3, 2, 13, 8, 893, 294, 294, 1146, 559, 0, 432, 423, NULL, NULL, NULL, 'G-ARMS Coins (Event)'),
(1267, 'Command Gundam', '42-03-3-01', 201, 3, NULL, 3, 2, 13, 26, 559, 1438, 294, 893, 559, 0, 0, NULL, 'With Technique attribute (self), Shot Guidance boosted 14%', NULL, NULL, 'G-ARMS Coins (Event)'),
(1268, 'Command Gundam', '42-03-4-01', 201, 4, NULL, 3, 2, 13, 10, 559, 294, 559, 893, 294, 303, 432, NULL, 'Long-Shooter Job, Enemy Melee Power reduced 25%', NULL, NULL, 'G-ARMS Coins (Event)'),
(1269, 'Command Gundam', '42-03-5-01', 201, 5, NULL, 3, 2, 13, 26, 559, 294, 294, 1146, 294, 303, 432, 424, NULL, NULL, NULL, 'G-ARMS Coins (Event)'),
(1270, 'Command Knife', '42-03-6a-01', 201, 6, NULL, 3, 2, 13, 26, 559, 1438, 0, 559, 0, 129, 432, 425, NULL, 2, 2, 'G-ARMS Coins (Event)'),
(1271, 'Grenade Launcher w/ Laser Machine Gun', '42-03-7c-01', 201, 7, NULL, 3, 2, 13, 10, 294, 0, 2598, 559, 0, 129, 303, 426, NULL, 1, 9, 'G-ARMS Coins (Event)'),
(1272, 'Heavy Autocannon', '42-03-7-01', 201, 7, NULL, 3, 2, 13, 26, 294, 0, 2598, 559, 0, 129, 303, NULL, 'Against a large enemy, Shooting DMG Output boosted 20', 2, 11, 'G-ARMS Coins (Event)'),
(1273, 'Gundam Double X', '19-04-1-01', 202, 1, NULL, 4, 3, 1, 10, 1237, 379, 3312, 0, 379, 464, 208, NULL, 'While \"High Firepower\", EX Skill power boosted 30%', NULL, NULL, 'Gundam Battle Festival Gundam Double X Capsule'),
(1274, 'Gundam Double X', '19-04-2-01', 202, 2, NULL, 4, 3, 1, 10, 1734, 789, 1098, 965, 965, 673, 0, 427, NULL, NULL, NULL, 'Gundam Battle Festival Gundam Double X Capsule'),
(1275, 'Gundam Double X', '19-04-3-01', 202, 3, NULL, 4, 3, 1, 6, 965, 2837, 1423, 553, 553, 0, 0, NULL, 'With Speed attribute (self), Melee power boosted 30%', NULL, NULL, 'Gundam Battle Festival Gundam Double X Capsule'),
(1276, 'Gundam Double X', '19-04-4-01', 202, 4, NULL, 4, 3, 1, 13, 965, 789, 720, 965, 965, 464, 673, 142, NULL, NULL, NULL, 'Gundam Battle Festival Gundam Double X Capsule'),
(1277, 'Gundam Double X', '19-04-5-01', 202, 5, NULL, 4, 3, 1, 13, 965, 789, 720, 965, 965, 673, 464, 428, NULL, NULL, NULL, 'Gundam Battle Festival Gundam Double X Capsule'),
(1278, 'Hyper Beam Sword', '19-04-6c-01', 202, 6, NULL, 4, 3, 1, 6, 553, 3690, 0, 0, 0, 673, 464, NULL, 'With Speed attribute (self), Job Gauge increase boosted 17%', 1, 5, 'Gundam Battle Festival Gundam Double X Capsule'),
(1279, 'Beam Javelin [DX]', '19-04-6d-01', 202, 6, NULL, 4, 3, 1, 13, 553, 3690, 0, 0, 0, 673, 464, NULL, 'While \"Gundam Type\", Initial EX Skill charge boosted 20%', 1, 6, 'Gundam Battle Festival Gundam Double X Capsule'),
(1280, 'G-Hammer [DX]', '19-04-6-01', 202, 6, NULL, 4, 3, 1, 10, 553, 3690, 0, 0, 0, 673, 464, NULL, 'When Armor is 60% or more, Strong Melee CRIT rate boosted 30%', 2, 7, 'Gundam Battle Festival Gundam Double X Capsule'),
(1281, 'DX Buster Rifle', '19-04-7a-01', 202, 7, NULL, 4, 3, 1, 10, 720, 0, 3690, 0, 0, 464, 284, NULL, 'When attacking with Beam, Shooting DMG output boosted by 35', 1, 8, 'Gundam Battle Festival Gundam Double X Capsule'),
(1282, 'Defense Plate', '19-04-8-01', 202, 8, NULL, 4, 3, 1, 13, 965, 965, 553, 965, 965, 1082, 0, NULL, 'With Speed attribute (self), Enemy Shooting power reduced 30%', NULL, NULL, 'Gundam Battle Festival Gundam Double X Capsule'),
(1283, '00 Raiser', '25-13-1-01', 203, 1, NULL, 4, 2, 6, 1, 1363, 972, 1363, 1363, 555, 0, 680, NULL, 'With Technique attribute (self), Enemy Shooting power reduced 30%', NULL, NULL, 'Gundam Battle Festival 00 Raiser Capsule'),
(1284, '00 Raiser', '25-13-2-01', 203, 2, NULL, 4, 2, 6, 1, 1745, 972, 972, 2146, 0, 0, 471, NULL, 'In-Fighter Job, EX Skill power boosted 30%', NULL, NULL, 'Gundam Battle Festival 00 Raiser Capsule'),
(1285, '00 Raiser', '25-13-3-01', 203, 3, NULL, 4, 2, 6, 10, 0, 2855, 555, 1363, 555, 286, 471, NULL, 'With Technique attribute (self), Melee CRIT rate boosted 30%', NULL, NULL, 'Gundam Battle Festival 00 Raiser Capsule'),
(1286, '00 Raiser', '25-13-4-01', 203, 4, NULL, 4, 2, 6, 13, 972, 972, 555, 1363, 972, 286, 680, 289, NULL, NULL, NULL, 'Gundam Battle Festival 00 Raiser Capsule'),
(1287, '00 Raiser', '25-13-5-01', 203, 5, NULL, 4, 2, 6, 13, 1363, 471, 555, 1363, 972, 471, 680, 429, NULL, NULL, NULL, 'Gundam Battle Festival 00 Raiser Capsule'),
(1288, 'GN Sword II', '25-13-6-01', 203, 6, NULL, 4, 2, 6, 10, 1363, 3713, 0, 0, 0, 286, 680, NULL, 'In-Fighter Job, Job Gauge increase boosted 17%', 2, 4, 'Gundam Battle Festival 00 Raiser Capsule'),
(1289, 'GN Sword III', '25-13-6a-01', 203, 6, NULL, 4, 2, 6, 13, 1363, 3713, 0, 0, 0, 286, 680, 430, NULL, 2, 2, 'Gundam Battle Festival 00 Raiser Capsule'),
(1290, 'GN Sword III Rifle Mode', '25-13-7a-01', 203, 7, NULL, 4, 2, 6, 10, 555, 154, 3331, 972, 0, 286, 471, NULL, 'While \"High Firepower\", Initial EX Skill charge boosted 20%', 1, 8, 'Gundam Battle Festival 00 Raiser Capsule'),
(1291, 'Abyss Gundam', '22-06-1-01', 204, 1, NULL, 3, 2, 4, 12, 559, 294, 1999, 559, 294, 129, 0, NULL, 'With Lance category equipped, Mid Shot Attack raised 14%', NULL, NULL, 'Deep Coins (Event)'),
(1292, 'Abyss Gundam', '22-06-2-01', 204, 2, NULL, 3, 2, 4, 12, 893, 294, 294, 1146, 559, 432, 0, 431, NULL, NULL, NULL, 'Deep Coins (Event)'),
(1293, 'Abyss Gundam', '22-06-3-01', 204, 3, NULL, 3, 2, 4, 12, 559, 1438, 294, 893, 559, 0, 0, 432, NULL, NULL, NULL, 'Deep Coins (Event)'),
(1294, 'Abyss Gundam', '22-06-4-01', 204, 4, NULL, 3, 2, 4, 7, 559, 294, 559, 893, 294, 432, 303, NULL, 'With Technique attribute (self), Projectile speed boosted 14%', NULL, NULL, 'Deep Coins (Event)'),
(1295, 'Abyss Gundam', '22-06-5-01', 204, 5, NULL, 3, 2, 4, 7, 559, 294, 294, 1146, 294, 432, 303, 433, NULL, NULL, NULL, 'Deep Coins (Event)'),
(1296, 'Beam Lance [Abyss]', '22-06-6d-01', 204, 6, NULL, 3, 2, 4, 12, 559, 1438, 0, 559, 0, 432, 129, NULL, 'While \"Transformer\", Initial EX Skill charge boosted 12%', 1, 6, 'Deep Coins (Event)'),
(1297, 'Gundam Artemis [Satellite Cannon]', '99-01-5-01', 205, 5, NULL, 2, 1, 1, 10, 796, 384, 796, 796, 1181, 611, 417, 434, NULL, NULL, NULL, 'Friend Point Capsule & Capital Shop (Added 2020-04-22)'),
(1298, 'Graze [Ground/Standard]', '28-10-1-01', 206, 1, NULL, 1, 2, 2, 24, 287, 137, 797, 287, 287, 0, 138, NULL, 'With Technique attribute (self), Shooting power boosted 18%', NULL, NULL, 'Friend Point Capsule & Capital Shop'),
(1299, 'Graze [Ground/Standard]', '28-10-2-01', 206, 2, NULL, 1, 2, 2, 24, 509, 137, 137, 372, 372, 0, 190, NULL, 'With Axe category equipped, Strong Melee power boosted 18%', NULL, NULL, 'Friend Point Capsule & Capital Shop'),
(1300, 'Graze [Ground/Standard]', '28-10-3-01', 206, 3, NULL, 1, 2, 2, 25, 287, 797, 137, 372, 372, 0, 0, NULL, 'When attacking with Physical, Melee power boosted 18%', NULL, NULL, 'Friend Point Capsule & Capital Shop'),
(1301, 'Graze [Ground/Standard]', '28-10-4-01', 206, 4, NULL, 1, 2, 2, 25, 287, 137, 137, 372, 372, 138, 190, NULL, 'While \"Mass P.\", EX Skill piercing boosted 16%', NULL, NULL, 'Friend Point Capsule & Capital Shop'),
(1302, 'Battle Axe [Graze]', '28-10-6b-01', 206, 6, NULL, 1, 2, 2, 6, 287, 1011, 0, 0, 0, 54, 190, 435, NULL, 2, 1, 'Friend Point Capsule & Capital Shop'),
(1303, 'Rifle [Long Barrel/Graze]', '28-10-7b-01', 206, 7, NULL, 1, 2, 2, 25, 287, 0, 1011, 0, 0, 54, 190, NULL, 'When CPWR is under 200000, EX Skill power boosted 25%', 2, 10, 'Friend Point Capsule & Capital Shop'),
(1304, 'Rifle [Short Barrel/Graze]', '28-10-7c-01', 206, 7, NULL, 1, 2, 2, 24, 287, 0, 1011, 0, 0, 54, 190, NULL, 'When Phy. RES is under 4000, Enemy Shooting power reduced 25%', 2, 9, 'Friend Point Capsule & Capital Shop'),
(1305, 'Gundam AGE-FX', '26-09-1-01', 207, 1, NULL, 4, 1, 1, 10, 965, 553, 2922, 553, 553, 284, 284, NULL, 'Middle-Shooter Job, Boost Funnel uptime by 50%', NULL, NULL, 'Gundam Battle Festival Gundam AGE-FX Capsule'),
(1306, 'Gundam AGE-FX', '26-09-2-01', 207, 2, NULL, 4, 1, 1, 10, 1734, 965, 965, 965, 965, 284, 284, 437, NULL, NULL, NULL, 'Gundam Battle Festival Gundam AGE-FX Capsule'),
(1307, 'Gundam AGE-FX', '26-09-3-01', 207, 3, NULL, 4, 1, 1, 10, 965, 2922, 1356, 553, 553, 0, 0, 438, NULL, NULL, NULL, 'Gundam Battle Festival Gundam AGE-FX Capsule'),
(1308, 'Gundam AGE-FX', '26-09-4-01', 207, 4, NULL, 4, 1, 1, 13, 965, 965, 553, 965, 965, 555, 555, 439, NULL, NULL, NULL, 'Gundam Battle Festival Gundam AGE-FX Capsule'),
(1309, 'Gundam AGE-FX', '26-09-5-01', 207, 5, NULL, 4, 1, 1, 13, 965, 965, 553, 965, 965, 555, 555, 440, NULL, NULL, NULL, 'Gundam Battle Festival Gundam AGE-FX Capsule'),
(1310, 'Stungle Rifle', '26-09-7a-01', 207, 7, NULL, 4, 1, 1, 10, 553, 154, 3690, 0, 0, 464, 464, NULL, 'When buffed, EX Skill power boosted 30%', 1, 8, 'Gundam Battle Festival Gundam AGE-FX Capsule'),
(1311, 'Daidal Bazooka', '26-09-7d-01', 207, 7, NULL, 4, 1, 1, 10, 553, 154, 3690, 0, 0, 464, 464, NULL, 'With Power attribute (self), Initial EX Skill charge boosted 20%', 1, 12, 'Gundam Battle Festival Gundam AGE-FX Capsule'),
(1312, 'Astray Blue Frame 2nd Revise', '23-06-1-01', 208, 1, NULL, 4, 3, 3, 20, 1749, 382, 2543, 795, 382, 211, 211, 82, NULL, NULL, NULL, 'Gundam Battle Festival Astray Blue Frame 2nd Revise Capsule'),
(1313, 'Astray Blue Frame 2nd Revise', '23-06-2-01', 208, 2, NULL, 4, 3, 3, 20, 2150, 795, 726, 974, 974, 324, 324, NULL, 'While \"For Space\", Shooting power boosted 30%', NULL, NULL, 'Gundam Battle Festival Astray Blue Frame 2nd Revise Capsule'),
(1314, 'Astray Blue Frame 2nd Revise', '23-06-3-01', 208, 3, NULL, 4, 3, 3, 20, 974, 2860, 556, 1177, 974, 0, 0, NULL, 'With Dual Sabers category equipped, Melee power boosted 30%', NULL, NULL, 'Gundam Battle Festival Astray Blue Frame 2nd Revise Capsule'),
(1315, 'Astray Blue Frame 2nd Revise', '23-06-4-01', 208, 4, NULL, 4, 3, 3, 6, 1366, 795, 726, 974, 974, 564, 564, 288, NULL, NULL, NULL, 'Gundam Battle Festival Astray Blue Frame 2nd Revise Capsule'),
(1316, 'Astray Blue Frame 2nd Revise', '23-06-5-01', 208, 5, NULL, 4, 3, 3, 6, 1366, 382, 726, 1366, 974, 473, 473, 441, NULL, NULL, NULL, 'Gundam Battle Festival Astray Blue Frame 2nd Revise Capsule'),
(1317, 'Armor Schneider [2nd Revise]', '23-06-6-01', 208, 6, NULL, 4, 3, 3, 6, 1432, 3570, 0, 0, 0, 389, 389, NULL, 'When in Multi-Mission Sortie, Initial EX Skill charge boosted 20%', 2, 4, 'Gundam Battle Festival Astray Blue Frame 2nd Revise Capsule'),
(1318, 'Bolt Gundam', '16-08-1-01', 209, 1, NULL, 3, 1, 14, 11, 891, 292, 891, 891, 558, 127, 302, 3, NULL, NULL, NULL, 'Iron Coins (Weekly Event)'),
(1319, 'Bolt Gundam', '16-08-2-01', 209, 2, NULL, 3, 1, 14, 6, 1435, 292, 292, 558, 558, 0, 430, 442, NULL, NULL, NULL, 'Iron Coins (Weekly Event)'),
(1320, 'Bolt Gundam', '16-08-3-01', 209, 3, NULL, 3, 1, 14, 11, 558, 891, 292, 891, 891, 0, 127, 443, NULL, NULL, NULL, 'Iron Coins (Weekly Event)'),
(1321, 'Bolt Gundam', '16-08-4-01', 209, 4, NULL, 3, 1, 14, 6, 891, 292, 292, 1144, 292, 127, 430, NULL, 'With Power attribute (self), Melee CRIT rate boosted 17%', NULL, NULL, 'Iron Coins (Weekly Event)'),
(1322, 'Bolt Gundam', '16-08-5-01', 209, 5, NULL, 3, 1, 14, 6, 891, 292, 292, 891, 558, 127, 430, NULL, 'While \"Mobile Fighter\", Melee power boosted 25%', NULL, NULL, 'Iron Coins (Weekly Event)'),
(1323, 'Gundam AGE-2 Dark Hound', '26-10-1-01', 210, 1, NULL, 3, 3, 20, 6, 889, 291, 558, 889, 558, 126, 302, NULL, 'While \"For Space\", EX Skill power boosted 25%', NULL, NULL, 'Arena Coins'),
(1324, 'Gundam AGE-2 Dark Hound', '26-10-2-01', 210, 2, NULL, 3, 3, 20, 6, 1433, 558, 291, 558, 558, 0, 428, 444, NULL, NULL, NULL, 'Arena Coins'),
(1325, 'Gundam AGE-2 Dark Hound', '26-10-3-01', 210, 3, NULL, 3, 3, 20, 6, 558, 1991, 0, 889, 889, 0, 0, 445, NULL, NULL, NULL, 'Arena Coins'),
(1326, 'Gundam AGE-2 Dark Hound', '26-10-4-01', 210, 4, NULL, 3, 3, 20, 12, 889, 291, 291, 889, 558, 302, 428, 331, NULL, NULL, NULL, 'Arena Coins'),
(1327, 'Gundam AGE-2 Dark Hound', '26-10-5-01', 210, 5, NULL, 3, 3, 20, 12, 889, 291, 291, 889, 558, 302, 428, NULL, 'With Lance category equipped, Melee DMG output boosted by 20', NULL, NULL, 'Arena Coins'),
(1328, 'DODS Lancer', '26-10-6d-01', 210, 6, NULL, 3, 3, 20, 6, 889, 2589, 0, 0, 0, 126, 302, NULL, 'While \"For Space\", Strong Melee CRIT rate boosted 17%', 1, 6, 'Arena Coins'),
(1329, 'DODS Gun', '26-10-7a-01', 210, 7, NULL, 3, 3, 20, 12, 889, 0, 1699, 0, 0, 126, 428, NULL, 'With Speed attribute (self), Shooting DMG output boosted by 20', 1, 8, 'Arena Coins'),
(1330, 'Atlas Gundam', '38-02-1-01', 211, 1, NULL, 4, 1, 4, 16, 795, 382, 2377, 795, 795, 416, 0, NULL, 'When Armor is 80% or less, EX Skill power boosted 30%', NULL, NULL, 'Early Summer Step-Up Capsules'),
(1331, 'Atlas Gundam', '38-02-2-01', 211, 2, NULL, 4, 1, 4, 16, 1601, 382, 382, 1179, 1179, 609, 0, NULL, 'With Power attribute (self), EX Skill CD reduced 20%', NULL, NULL, 'Early Summer Step-Up Capsules'),
(1332, 'Atlas Gundam', '38-02-3-01', 211, 3, NULL, 4, 1, 4, 9, 795, 2377, 382, 1179, 1179, 0, 0, 331, NULL, NULL, NULL, 'Early Summer Step-Up Capsules'),
(1333, 'Atlas Gundam', '38-02-4-01', 211, 4, NULL, 4, 1, 4, 9, 795, 382, 382, 1179, 1179, 609, 416, 446, NULL, NULL, NULL, 'Early Summer Step-Up Capsules'),
(1334, 'Beam Saber [Atlas]', '38-02-6a-01', 211, 6, NULL, 4, 1, 4, 16, 795, 3173, 0, 0, 0, 609, 211, NULL, 'With Power attribute (self), Initial EX Skill charge boosted 20%', 1, 2, 'Early Summer Step-Up Capsules'),
(1335, 'Railgun [Atlas]', '38-02-7b-01', 211, 7, NULL, 4, 1, 4, 16, 795, 0, 3173, 0, 0, 609, 211, NULL, 'Physical ranged weapon, reload speed boosted 20%', 2, 10, 'Early Summer Step-Up Capsules'),
(1336, 'Assault Rifle', '38-02-7c-01', 211, 7, NULL, 4, 1, 4, 9, 795, 0, 3173, 0, 0, 609, 211, NULL, 'With Power attribute (self), Shooting DMG output boosted by 35', 2, 9, 'Early Summer Step-Up Capsules'),
(1337, 'Blade Shield', '38-02-8-01', 211, 8, NULL, 4, 1, 4, 9, 795, 0, 0, 1601, 1601, 805, 211, 447, NULL, NULL, NULL, 'Early Summer Step-Up Capsules'),
(1338, 'Gundam AGE-3 Fortress', '26-11-1-01', 212, 1, NULL, 3, 2, 10, 8, 559, 294, 1999, 559, 294, 129, 0, NULL, 'While \"Long-Range\", Shooting DMG taken reduced by 20', NULL, NULL, 'Fortress Device A (Event)'),
(1339, 'Gundam AGE-3 Fortress', '26-11-2-01', 212, 2, NULL, 3, 2, 10, 8, 893, 294, 294, 1146, 559, 432, 0, NULL, 'Long-Shooter Job, Shooting power boosted 25%', NULL, NULL, 'Fortress Device A (Event)'),
(1340, 'Gundam AGE-3 Fortress', '26-11-3-01', 212, 3, 8, 3, 2, 10, 21, 1146, 1438, 294, 2305, 1146, 594, 129, 448, NULL, NULL, NULL, 'Fortress Device A (Event)'),
(1341, 'Gundam AGE-3 Fortress', '26-11-4-01', 212, 4, NULL, 3, 2, 10, 21, 559, 294, 559, 893, 294, 432, 303, NULL, 'When Shot ATK is over 16000, Projectile speed boosted 14%', NULL, NULL, 'Fortress Device A (Event)'),
(1342, 'Gundam AGE-3 Fortress', '26-11-5-01', 212, 5, NULL, 3, 2, 10, 24, 559, 294, 294, 1146, 294, 432, 303, NULL, 'When 2 enemies shot down, Vernier Consumption=0 for 10 sec.', NULL, NULL, 'Fortress Device A (Event)'),
(9993, 'Gundam Sandrock', '17-05-1-01', 999, 1, NULL, 3, 3, 11, 21, 570, 187, 570, 570, 364, 139, 139, NULL, 'While \"Defender\", EX Skill Piercing Boosted 6%', NULL, NULL, 'Japanese-exclusive promotional code redemption'),
(9994, 'Gundam Sandrock', '17-05-1-01', 999, 2, NULL, 3, 3, 11, 21, 942, 187, 187, 364, 364, 139, 139, 998, NULL, NULL, NULL, 'Japanese-exclusive promotional code redemption'),
(9995, 'Gundam Sandrock', '17-05-1-01', 999, 3, NULL, 3, 3, 11, 21, 364, 570, 187, 570, 570, 29, 29, NULL, 'When Armor > 70%, Enemy Sp. Shot Power reduced 2%', NULL, NULL, 'Japanese-exclusive promotional code redemption'),
(9996, 'Gundam Sandrock', '17-05-1-01', 999, 4, NULL, 3, 3, 11, 13, 570, 187, 187, 757, 187, 201, 201, NULL, 'With Machine Gun Category equipped, Enemy Strong Melee Power Reduced 2%', NULL, NULL, 'Japanese-exclusive promotional code redemption'),
(9997, 'Gundam Sandrock', '17-05-1-01', 999, 5, NULL, 3, 3, 11, 13, 570, 187, 187, 570, 364, 201, 201, 999, NULL, NULL, NULL, 'Japanese-exclusive promotional code redemption'),
(9998, 'Beam Machine Gun [Promotional Code]', '17-05-7c-01', 999, 7, NULL, 3, 3, 11, 21, 570, 0, 1090, 364, 0, 201, 201, NULL, 'With Speed attribute (self), Sp. Shot DMG taken reduced 3', 1, 9, 'Japanese-exclusive promotional code redemption'),
(9999, 'Shield [Gundam Sandrock / Promotional Code]', '17-05-8-01', 999, 8, NULL, 3, 3, 11, 21, 570, 0, 0, 942, 364, 209, 209, NULL, 'With Speed attribute (self), EX Skill Recovery boosted 5%', NULL, NULL, 'Japanese-exclusive promotional code redemption');

-- --------------------------------------------------------

--
-- Table structure for table `part_type`
--

DROP TABLE IF EXISTS `part_type`;
CREATE TABLE IF NOT EXISTS `part_type` (
  `id` int(11) NOT NULL AUTO_INCREMENT,
  `name` varchar(16) CHARACTER SET utf8mb4 COLLATE utf8mb4_general_ci NOT NULL,
  PRIMARY KEY (`id`)
) ENGINE=InnoDB AUTO_INCREMENT=10 DEFAULT CHARSET=utf8mb4 COLLATE=utf8mb4_general_ci;

--
-- Dumping data for table `part_type`
--

INSERT INTO `part_type` (`id`, `name`) VALUES
(1, 'Head'),
(2, 'Body'),
(3, 'Arms'),
(4, 'Legs'),
(5, 'Back'),
(6, 'Melee'),
(7, 'Ranged'),
(8, 'Shield'),
(9, 'Pilot');

-- --------------------------------------------------------

--
-- Table structure for table `pilot`
--

DROP TABLE IF EXISTS `pilot`;
CREATE TABLE IF NOT EXISTS `pilot` (
  `id` int(11) NOT NULL AUTO_INCREMENT,
  `name` varchar(64) CHARACTER SET utf8mb4 COLLATE utf8mb4_general_ci NOT NULL,
  `series_id` int(11) NOT NULL,
  `issue` int(11) NOT NULL,
  `name_japanese` varchar(64) CHARACTER SET utf8mb4 COLLATE utf8mb4_general_ci DEFAULT NULL,
  `rarity` int(11) NOT NULL,
  `attribute_id` int(11) NOT NULL,
  `word_tag_1_id` int(11) NOT NULL,
  `word_tag_2_id` int(11) NOT NULL,
  `armor` int(11) NOT NULL,
  `melee_attack` int(11) NOT NULL,
  `shot_attack` int(11) NOT NULL,
  `melee_defense` int(11) NOT NULL,
  `shot_defense` int(11) NOT NULL,
  `beam_resistance` int(11) NOT NULL,
  `physical_resistance` int(11) NOT NULL,
  `trait` varchar(512) CHARACTER SET utf8mb4 COLLATE utf8mb4_general_ci NOT NULL,
  `job_license_id` int(11) NOT NULL,
  `ai_range_id` int(11) NOT NULL,
  `ai_priority_id` int(11) NOT NULL,
  `obtained_capsule` varchar(64) CHARACTER SET utf8mb4 COLLATE utf8mb4_general_ci DEFAULT NULL,
  `obtained_exchange` varchar(64) CHARACTER SET utf8mb4 COLLATE utf8mb4_general_ci DEFAULT NULL,
  `release_date` date NOT NULL,
  PRIMARY KEY (`id`),
  KEY `FK_PilotAiType1Id` (`ai_range_id`),
  KEY `FK_PilotAiType2Id` (`ai_priority_id`),
  KEY `FK_PilotAttributeId` (`attribute_id`),
  KEY `FK_PilotJobLicenseId` (`job_license_id`),
  KEY `FK_PilotSeriesId` (`series_id`),
  KEY `FK_PilotWordTag1Id` (`word_tag_1_id`),
  KEY `FK_PilotWordTag2Id` (`word_tag_2_id`)
) ENGINE=InnoDB AUTO_INCREMENT=125 DEFAULT CHARSET=utf8mb4 COLLATE=utf8mb4_general_ci;

--
-- Dumping data for table `pilot`
--

INSERT INTO `pilot` (`id`, `name`, `series_id`, `issue`, `name_japanese`, `rarity`, `attribute_id`, `word_tag_1_id`, `word_tag_2_id`, `armor`, `melee_attack`, `shot_attack`, `melee_defense`, `shot_defense`, `beam_resistance`, `physical_resistance`, `trait`, `job_license_id`, `ai_range_id`, `ai_priority_id`, `obtained_capsule`, `obtained_exchange`, `release_date`) VALUES
(1, 'Amuro Ray (Pre-Registration Reward)', 1, 3, 'アムロ・レイ【事前登録報酬】', 2, 1, 13, 16, 363, 363, 363, 363, 363, 80, 280, 'With Power attribute (self), EX Skill CD reduced 11%', 4, 2, 3, NULL, NULL, '2019-07-31'),
(2, 'Gaia', 1, 16, 'ガイア', 2, 1, 8, 23, 364, 187, 187, 570, 570, 201, 201, 'With Power attribute (self), EX Skill Recovery boosted 85', 2, 1, 3, NULL, NULL, '2019-07-31'),
(3, 'Juri Wu Nien', 21, 12, 'ジュリ・ウー・ニェン', 2, 1, 2, 25, 364, 187, 187, 570, 570, 201, 201, 'With Power attribute (self), EX Skill CD reduced 11%', 5, 2, 2, NULL, NULL, '2019-07-31'),
(4, 'Kai Shiden', 1, 5, 'カイ・シデン', 2, 1, 7, 16, 755, 187, 187, 364, 364, 81, 281, 'With Power attribute (self), EX Skill Recovery boosted 18%', 6, 2, 3, NULL, NULL, '2019-07-31'),
(5, 'Poe Aijee', 20, 3, 'ポゥ・エイジ', 2, 1, 8, 15, 755, 187, 187, 364, 364, 281, 81, 'With Power attribute (self), Shot guidance boosted 14%', 6, 3, 3, NULL, NULL, '2019-07-31'),
(6, 'Reccoa Londe', 8, 4, 'レコア・ロンド', 2, 1, 10, 20, 570, 187, 570, 364, 364, 201, 201, 'With Power attribute (self), Debuff EX Skill Effect up 12%', 6, 3, 1, NULL, NULL, '2019-07-31'),
(7, 'Sigh Argyle', 21, 4, 'サイ・アーガイル', 2, 1, 8, 13, 570, 364, 187, 570, 364, 281, 81, 'With Power attribute (self), Projectile Speed boosted 12%', 7, 2, 2, NULL, NULL, '2019-07-31'),
(8, 'Sleggar Law', 1, 8, 'スレッガー・ロウ', 2, 1, 15, 16, 364, 187, 754, 364, 364, 201, 81, 'With Power attribute (self), EX Skill Piercing boosted 15%', 3, 3, 2, NULL, NULL, '2019-07-31'),
(9, 'Sochie Heim', 20, 1, 'ソシエ・ハイム', 2, 1, 4, 15, 363, 186, 186, 569, 569, 80, 280, 'With Power attribute (self), 10% chance to survive a fatal blow', 7, 1, 2, NULL, NULL, '2019-07-31'),
(10, 'Dozle Zabi', 1, 13, 'ドズル・ザビ', 3, 1, 10, 18, 558, 891, 891, 558, 558, 127, 302, 'With Power attribute (self), EX Skill Piercing boosted 22%', 2, 1, 2, NULL, NULL, '2019-07-31'),
(11, 'Ginias Sahalin', 3, 3, 'ギニアス・サハリン', 3, 1, 8, 17, 558, 291, 291, 889, 889, 428, 126, 'With Power attribute (self), Vernier Recovery Rate boosted 16%', 2, 3, 1, NULL, NULL, '2019-07-31'),
(12, 'Christina Mackenzie', 6, 1, 'クリスチーナ・マッケンジー', 4, 1, 6, 24, 795, 382, 382, 1179, 1179, 609, 211, 'With Power attribute (self), EX Skill Piercing boosted 28%', 5, 1, 2, NULL, NULL, '2019-07-31'),
(13, 'Asagi Caldwell', 21, 10, 'アサギ・コードウェル', 2, 3, 2, 20, 364, 187, 757, 364, 364, 201, 201, 'With Speed attribute (self), Shot Spread reduced 12%', 7, 2, 1, NULL, NULL, '2019-07-31'),
(14, 'Eledore Massis', 3, 1, 'エレドア・マシス', 2, 3, 8, 15, 755, 187, 187, 364, 364, 81, 281, 'With Speed attribute (self), Initial EX Skill Charge boosted 11%', 7, 3, 1, NULL, NULL, '2019-07-31'),
(15, 'Mayura Labatt', 21, 11, 'マユラ・ラバッツ', 2, 3, 2, 24, 364, 364, 364, 364, 364, 201, 201, 'With Speed attribute (self), Buff EX Skill Effect up 12%', 4, 2, 3, NULL, NULL, '2019-07-31'),
(16, 'Ortega', 1, 18, 'オルテガ', 2, 3, 23, 17, 365, 187, 571, 571, 365, 81, 282, 'With Speed attribute (self), Job Gauge Charge Rate up 11%', 5, 3, 2, NULL, NULL, '2019-07-31'),
(17, 'Garma Zabi', 1, 12, 'ガルマ・ザビ', 3, 3, 5, 23, 559, 294, 294, 559, 559, 432, 432, 'With Speed attribute (self), Buff EX Skill Time up 15%', 5, 2, 1, NULL, NULL, '2019-07-31'),
(18, 'Jerid Messa', 8, 3, 'ジェリド・メサ', 3, 3, 12, 7, 558, 891, 891, 558, 558, 127, 302, 'With Speed attribute (self), Vernier Recovery Rate boosted 16%', 4, 2, 1, NULL, NULL, '2019-07-31'),
(19, 'Selene McGriff', 24, 1, 'セレーネ・マクグリフ', 3, 3, 1, 15, 558, 291, 1142, 558, 558, 302, 126, 'With Speed attribute (self), Enemy EX Skill Penetration reduced 22%', 7, 3, 1, NULL, NULL, '2019-07-31'),
(20, 'Lowe Guele', 23, 1, 'ロウ・ギュール', 4, 3, 1, 10, 1180, 1180, 383, 796, 796, 212, 610, 'With Speed attribute (self), All CRIT Rate boosted 14%', 3, 1, 2, NULL, NULL, '2019-07-31'),
(21, 'Haro', 1, 1, 'ハロ', 1, 2, 12, 26, 287, 138, 138, 287, 287, 194, 194, 'EX Skill Recovery boosted 110', 1, 2, 3, NULL, NULL, '2019-07-31'),
(22, 'Akahana', 1, 19, 'アカハナ', 2, 2, 4, 17, 755, 187, 187, 364, 364, 281, 81, 'With Technique attribute (self), EX Skill Recovery boosted 18%', 7, 1, 1, NULL, NULL, '2019-07-31'),
(23, 'Apolly Bay', 8, 1, 'アポリー・ベイ', 2, 2, 9, 15, 363, 363, 363, 363, 363, 280, 80, 'With Technique attribute (self), Strong Melee DMG Output Boosted 15%', 4, 2, 3, NULL, NULL, '2019-07-31'),
(24, 'Hayato Kobayashi', 1, 6, 'ハヤト・コバヤシ', 2, 2, 8, 16, 570, 364, 187, 364, 570, 201, 201, '10% chance to prevent vernier consumption when stepping', 6, 3, 1, NULL, NULL, '2019-07-31'),
(25, 'Heero Yuy (Pre-Registration Reward)', 17, 2, 'ヒイロ・ユイ【事前登録報酬】', 2, 2, 12, 13, 570, 187, 570, 364, 364, 281, 81, '10% chance to prevent vernier consumption when stepping', 2, 3, 2, NULL, NULL, '2019-07-31'),
(26, 'Mash', 1, 17, 'マッシュ', 2, 2, 11, 23, 570, 364, 187, 364, 570, 281, 81, 'EX Skill Piercing boosted 16%', 4, 2, 2, NULL, NULL, '2019-07-31'),
(27, 'Roberto', 8, 2, 'ロベルト', 2, 2, 9, 20, 363, 363, 363, 363, 363, 80, 280, 'With Technique attribute (self), Debuff EX Skill Effect up 12%', 3, 2, 1, NULL, NULL, '2019-07-31'),
(28, 'Ryu Jose', 1, 7, 'リュウ・ホセイ', 2, 2, 8, 16, 570, 187, 570, 364, 364, 201, 201, 'With Technique attribute (self), Buff EX Skill Time up 15%', 2, 3, 2, NULL, NULL, '2019-07-31'),
(29, 'Sergei Smirnov', 25, 2, 'セルゲイ・スミルノフ', 2, 2, 3, 5, 757, 187, 187, 364, 364, 281, 281, 'With Technique attribute (self), 11% chance to not recoil', 4, 2, 1, NULL, NULL, '2019-07-31'),
(30, 'M\'Quve', 1, 15, 'マ・クベ', 3, 2, 6, 21, 558, 291, 291, 889, 889, 428, 126, 'With Technique attribute (self), Debuff EX Skill Effect up 15%', 3, 1, 1, NULL, NULL, '2019-07-31'),
(31, 'Mu La Flaga', 21, 3, 'ムウ・ラ・フラガ', 3, 2, 15, 20, 558, 558, 558, 558, 558, 428, 126, 'With Technique attribute (self), EX Skill Piercing boosted 22%', 6, 3, 2, NULL, NULL, '2019-07-31'),
(32, 'Ramba Ral', 1, 14, 'ランバ・ラル', 3, 2, 6, 21, 558, 1142, 291, 558, 558, 126, 302, 'All-Rounder Job, Vernier Recovery Rate boosted 16%', 2, 1, 1, NULL, NULL, '2019-07-31'),
(33, 'Treize Khushrenada', 17, 9, 'トレーズ・クシュリナーダ', 3, 2, 5, 20, 558, 558, 558, 558, 558, 302, 302, 'With Technique attribute (self), 14% chance to survive a fatal blow', 3, 1, 1, NULL, NULL, '2019-07-31'),
(34, 'Amuro Ray', 1, 2, 'アムロ・レイ', 4, 2, 13, 16, 796, 384, 1602, 796, 796, 213, 417, 'Beam Ranged Reload up 20%', 6, 2, 3, NULL, NULL, '2019-07-31'),
(35, 'Sai Saici', 16, 1, 'サイ・サイシー', 4, 2, 14, 9, 796, 1602, 384, 796, 796, 417, 213, 'EX Skill CD reduced 20%', 4, 1, 2, NULL, NULL, '2019-07-31'),
(36, 'Yzak Joule', 21, 7, 'イザーク・ジュール', 3, 1, 11, 10, 1145, 292, 292, 559, 559, 430, 430, 'With Power attribute (self), Buff EX Skill Effect up 15%', 5, 1, 3, NULL, NULL, '2019-08-07'),
(37, 'Harry Ord', 20, 2, 'ハリー・オード', 3, 3, 3, 6, 558, 1142, 291, 558, 558, 302, 126, 'Beam ranged weapon magazine boosted 20%', 2, 2, 1, NULL, 'Arena', '2019-08-07'),
(38, 'Char Aznable', 1, 9, 'シャア・アズナブル', 4, 3, 3, 5, 795, 795, 795, 795, 795, 609, 211, 'With Speed attribute (self), All DMG taken reduced 20', 4, 2, 1, NULL, NULL, '2019-08-07'),
(39, 'Kou Uraki', 7, 1, 'コウ・ウラキ', 4, 1, 1, 16, 1606, 384, 384, 799, 799, 612, 612, '14% chance to survive fatal blow', 2, 2, 1, NULL, NULL, '2019-08-14'),
(40, 'Cecily Fairchild', 13, 3, 'セシリー・フェアチャイルド', 3, 3, 3, 24, 889, 291, 889, 558, 558, 126, 428, 'With Speed attribute (self), All DMG taken reduced 20', 7, 2, 2, NULL, NULL, '2019-08-14'),
(41, 'Dearka Elsman', 21, 8, 'ディアッカ・エルスマン', 3, 1, 8, 15, 558, 291, 1142, 558, 558, 302, 126, 'With Power attribute (self), Shot Guidance boosted 14%', 6, 3, 3, NULL, NULL, '2019-08-21'),
(42, 'Seabook Arno', 13, 1, 'シーブック・アノー', 4, 2, 1, 24, 796, 384, 1602, 796, 796, 417, 213, 'With Technique attribute (self), Enemy All Power reduced 18%', 5, 2, 1, NULL, NULL, '2019-08-21'),
(43, 'Nicol Amalfi', 21, 9, 'ニコル・アマルフィ', 3, 3, 9, 15, 889, 889, 291, 558, 558, 126, 428, 'With Speed attribute (self), EX Skill Piercing boosted 22%', 7, 1, 1, NULL, NULL, '2019-08-28'),
(44, 'Bernard Wiseman', 6, 2, 'バーナード・ワイズマン', 4, 2, 9, 18, 795, 795, 795, 795, 795, 211, 609, 'When Armor < 60%, Recover 10 Armor gradually', 3, 1, 3, NULL, NULL, '2019-08-28'),
(45, 'Flit Asuno', 26, 1, 'フリット・アスノ', 3, 1, 7, 6, 558, 558, 558, 558, 558, 302, 302, 'With Power attribute (self), Buff EX Skill time up 15%', 3, 2, 1, NULL, NULL, '2019-09-04'),
(46, 'Kira Yamato', 21, 1, 'キラ・ヤマト', 4, 3, 1, 25, 799, 384, 1184, 1184, 799, 614, 213, 'With Speed attribute (self), EX Skill Recovery boosted 140', 5, 3, 2, NULL, NULL, '2019-09-04'),
(47, 'Mikazuki Augus', 28, 1, '三日月・オーガス', 4, 1, 1, 21, 384, 1182, 1182, 799, 799, 420, 420, 'With Power attribute (self), Initial EX Skill Charge boosted 20%', 2, 1, 2, NULL, NULL, '2019-09-11'),
(48, 'Cima Garahau', 7, 3, 'シーマ・ガラハウ', 3, 3, 3, 17, 891, 292, 891, 558, 558, 302, 302, 'With Speed attribute (self), Debuff EX Skill Effect up 15%', 2, 2, 3, NULL, NULL, '2019-09-11'),
(49, 'Patrick Colasour', 25, 1, 'パトリック・コーラサワー', 3, 1, 2, 24, 1144, 292, 292, 558, 558, 127, 430, 'With Power attribute (self), Buff EX Skill Effect up 15%', 5, 2, 1, NULL, NULL, '2019-09-17'),
(50, 'George de Sand', 16, 4, 'ジョルジュ・ド・サンド', 4, 2, 14, 8, 795, 382, 382, 1179, 1179, 609, 211, 'With Technique attribute (self), EX Skill CD reduced 20%', 4, 3, 1, NULL, NULL, '2019-09-17'),
(51, 'Sayla Mass', 1, 4, 'セイラ・マス', 3, 3, 15, 26, 1144, 292, 292, 558, 558, 430, 127, 'With Speed attribute (self), Vernier Consumption reduced 15%', 7, 2, 3, NULL, NULL, '2019-09-25'),
(52, 'Duo Maxwell', 17, 3, 'デュオ・マックスウェル', 4, 3, 6, 23, 796, 1602, 384, 796, 796, 213, 417, 'With Speed attribute (self), 20% chance to not recoil', 3, 1, 2, NULL, NULL, '2019-09-25'),
(53, 'Cagalli Yula Athha', 21, 13, 'カガリ・ユラ・アスハ', 3, 3, 25, 7, 559, 294, 893, 893, 559, 432, 129, 'With Speed attribute (self), Projectile Speed boosted 14%', 5, 2, 3, NULL, 'Arena', '2019-10-01'),
(54, 'Sven Cal Bayang', 24, 2, 'スウェン・カル・バヤン', 3, 3, 9, 20, 889, 889, 291, 558, 558, 302, 302, 'With Speed attribute (self), Initial EX Skill Charge boosted 12%', 4, 2, 3, NULL, 'Arena', '2019-10-01'),
(55, 'Kamille Bidan', 8, 5, 'カミーユ・ビダン', 4, 3, 1, 6, 796, 796, 796, 796, 796, 417, 417, 'With Speed attribute (self), EX Skill Piercing boosted 28%', 5, 2, 2, NULL, NULL, '2019-10-02'),
(56, 'Elle Vianno', 10, 3, 'エル・ビアンノ', 3, 2, 24, 15, 561, 893, 294, 561, 893, 215, 215, 'With Technique attribute (self), EX Skill Recovery boosted 16%', 4, 2, 3, NULL, NULL, '2019-10-02'),
(57, 'Yazan Gable', 8, 8, 'ヤザン・ゲーブル', 3, 1, 16, 12, 891, 558, 292, 891, 558, 430, 127, 'With Power attribute (self), 20% chance to not recoil', 3, 1, 2, NULL, NULL, '2019-10-09'),
(58, 'Haman Karn', 8, 11, 'ハマーン・カーン', 4, 1, 5, 17, 796, 384, 1602, 796, 796, 417, 213, 'With Power attribute (self), Job Gauge Increase boosted 17%', 6, 2, 2, NULL, NULL, '2019-10-09'),
(59, 'Emma Sheen', 8, 7, 'エマ・シーン', 3, 1, 7, 13, 559, 294, 893, 893, 559, 129, 432, 'With Power attribute (self), Debuff EX Skill Effect up 15%', 5, 2, 1, NULL, NULL, '2019-10-16'),
(60, 'Chang Wufei', 17, 4, '張五飛', 4, 2, 6, 3, 1181, 1181, 384, 796, 796, 417, 417, 'With Technique attribute (self), Strong Melee DMG Output boosted 35 (flat)', 3, 1, 2, NULL, NULL, '2019-10-16'),
(61, 'Marida Cruz', 12, 1, 'マリーダ・クルス', 3, 1, 17, 26, 561, 893, 294, 561, 893, 215, 215, 'With Power attribute (self), Long Shot Attack raised 14%', 6, 2, 1, NULL, NULL, '2019-10-23'),
(62, 'Athrun Zala', 21, 5, 'アスラン・ザラ', 4, 3, 12, 7, 799, 1182, 384, 799, 1182, 612, 213, '20% chance to prevent vernier consumption when stepping', 3, 1, 2, NULL, NULL, '2019-10-23'),
(63, 'Shinn Asuka', 22, 1, 'シン・アスカ', 4, 1, 9, 1, 797, 1181, 1181, 797, 797, 418, 213, 'Initial EX Skill Charge boosted 15%', 4, 1, 1, NULL, NULL, '2019-10-30'),
(64, 'Elpeo Ple', 10, 1, 'エルピー・プル', 3, 2, 20, 8, 559, 294, 893, 893, 559, 432, 129, 'With Technique attribute (self), Vernier Recovery Rate boosted 16%', 6, 2, 1, NULL, NULL, '2019-10-30'),
(65, 'Trowa Barton', 17, 5, 'トロワ・バートン', 3, 2, 25, 10, 891, 292, 891, 558, 558, 302, 302, 'All ranged weapon magazine boosted 14%', 5, 3, 2, NULL, 'Event', '2019-10-30'),
(66, 'Shiro Amada', 3, 4, 'シロー・アマダ', 4, 1, 23, 21, 1180, 1180, 383, 796, 796, 610, 212, 'With Power attribute (self), Enemy Shooting Power reduced 30%', 4, 2, 3, NULL, NULL, '2019-11-06'),
(67, 'Rosamia Badam', 8, 9, 'ロザミア・バダム', 3, 2, 20, 12, 889, 558, 291, 558, 889, 428, 126, 'With Technique attribute (self), Enemy EX Skill Penetration reduced 22%', 7, 3, 1, NULL, NULL, '2019-11-06'),
(68, 'Zechs Marquise', 17, 7, 'ゼクス・マーキス', 4, 3, 9, 5, 795, 795, 795, 795, 795, 211, 609, 'With Speed attribute (self), Vernier Recovery Rate boosted 20%', 3, 1, 2, NULL, NULL, '2019-11-13'),
(69, 'Lucrezia Noin', 17, 8, 'ルクレツィア・ノイン', 3, 2, 12, 2, 559, 294, 893, 893, 559, 303, 303, 'With Technique attribute (self), Debuff EX Skill Time up 22%', 2, 2, 3, NULL, NULL, '2019-11-13'),
(70, 'Roux Louka', 10, 2, 'ルー・ルカ', 3, 1, 12, 7, 559, 292, 1144, 559, 559, 303, 303, 'With Power attribute (self), Job Gauge Increase boosted 13%', 5, 2, 3, NULL, NULL, '2019-11-20'),
(71, 'Paptimus Scirocco', 8, 10, 'パプテマス・シロッコ', 4, 2, 12, 5, 1180, 1180, 383, 796, 796, 212, 610, 'With Technique attribute (self), Shot Guidance boosted 14%', 4, 2, 2, NULL, NULL, '2019-11-20'),
(72, 'Garrod Ran', 19, 1, 'ガロード・ラン', 4, 3, 1, 6, 797, 1181, 1181, 797, 797, 213, 418, 'When Armor < 80%, All Power boosted 30%', 4, 2, 3, NULL, NULL, '2019-11-27'),
(73, 'Fa Yuiry', 8, 14, 'ファ・ユイリィ', 3, 2, 12, 15, 891, 292, 891, 558, 558, 302, 302, 'Support Job, EX Skill Recovery boosted 16%', 7, 3, 1, NULL, NULL, '2019-11-27'),
(74, 'Johnny Ridden', 2, 1, 'ジョニー・ライデン', 3, 2, 17, 20, 558, 1142, 291, 558, 558, 126, 302, 'With Technique attribute (self), Buff EX Skill Effect up 15%', 3, 2, 2, NULL, 'Arena', '2019-12-01'),
(75, 'Judau Ashta', 10, 4, 'ジュドー・アーシタ', 4, 1, 1, 12, 796, 384, 1602, 796, 796, 417, 213, 'With Power attribute (self), Buff EX Skill Time up 22%', 5, 1, 3, NULL, NULL, '2019-12-04'),
(76, 'Lunamaria Hawke', 22, 2, 'ルナマリア・ホーク', 3, 2, 25, 18, 558, 291, 1142, 558, 558, 302, 126, 'With Technique attribute (self), Long Shot Attack raised 14%', 6, 2, 1, NULL, NULL, '2019-12-04'),
(77, 'Carozzo Ronah', 13, 4, 'カロッゾ・ロナ', 4, 1, 10, 26, 799, 384, 384, 799, 799, 614, 614, 'With Power attribute (self), Debuff EX Skill Effect up 15%', 2, 3, 2, NULL, NULL, '2019-12-11'),
(78, 'Chloe Croce', 5, 1, 'クロエ・クローチェ', 3, 3, 9, 23, 559, 1144, 292, 559, 559, 303, 303, 'With Speed attribute (self), Vernier Consumption reduced 15%', 4, 1, 2, NULL, NULL, '2019-12-11'),
(79, 'Lila Milla Rira', 8, 13, 'ライラ・ミラ・ライラ', 3, 1, 16, 20, 292, 891, 891, 559, 559, 303, 303, 'With Power attribute (self), Projectile Speed boosted 14%', 5, 2, 3, NULL, NULL, '2019-12-18'),
(80, 'Gaelio Bauduin', 28, 3, 'ガエリオ・ボードウィン', 4, 2, 11, 20, 796, 1602, 384, 796, 796, 417, 213, 'When Armor > 60%, All Power boosted 30%', 2, 1, 2, NULL, NULL, '2019-12-18'),
(81, 'Neo Roanoke', 22, 4, 'ネオ・ロアノーク', 4, 3, 5, 20, 797, 1181, 1181, 797, 797, 418, 213, 'With Speed attribute (self), 14% chance to survive a fatal blow', 5, 2, 2, 'Akatsuki Ticket', NULL, '2019-12-25'),
(82, 'Quattro Bajeena', 8, 12, 'クワトロ・バジーナ', 4, 3, 5, 3, 797, 1181, 1181, 797, 797, 213, 418, 'With Speed attribute (self), All DMG Output boosted 35 (flat)', 5, 3, 3, NULL, NULL, '2019-12-25'),
(83, 'Kayra Su', 11, 1, 'ケーラ・スゥ', 3, 2, 7, 16, 889, 558, 291, 558, 889, 126, 428, 'With Technique attribute (self), Shot Guidance boosted 14%', 2, 1, 1, NULL, NULL, '2019-12-25'),
(84, 'Gai Murakumo', 23, 2, '叢雲劾', 4, 3, 23, 13, 796, 384, 1602, 796, 796, 417, 213, 'With Speed attribute (self), EX Skill Recovery boosted 28%', 5, 1, 2, NULL, NULL, '2020-01-01'),
(85, 'Aina Sahalin', 3, 2, 'アイナ・サハリン', 3, 2, 8, 18, 559, 292, 1144, 559, 559, 303, 303, 'With Technique attribute (self), Buff EX Skill Effect up 15%', 6, 2, 1, NULL, NULL, '2020-01-01'),
(86, 'Jean-Luc Duval', 37, 1, 'ジャン・リュック・デュバル', 3, 3, 17, 9, 891, 558, 292, 891, 558, 430, 127, 'With Speed attribute (self),. Vernier Consumption reduced 15%', 2, 2, 2, NULL, NULL, '2020-01-08'),
(87, 'Üso Ewin', 15, 1, 'ウッソ・エヴィン', 4, 2, 1, 23, 795, 795, 795, 795, 795, 609, 211, 'With Technique attribute (self), Buff EX Skill Time up 22%', 4, 2, 3, NULL, NULL, '2020-01-08'),
(88, 'Domon Kasshu', 16, 6, 'ドモン・カッシュ', 4, 1, 14, 24, 796, 1753, 155, 977, 643, 417, 213, 'With Power attribute (self), All CRIT Rate boosted 14%', 3, 1, 2, NULL, NULL, '2020-01-15'),
(89, 'Rey Za Burrel', 22, 3, 'レイ・ザ・バレル', 3, 3, 3, 7, 559, 294, 893, 893, 559, 303, 303, 'All ranged weapon magazine boosted 14%', 5, 3, 1, NULL, NULL, '2020-01-15'),
(90, 'Anavel Gato', 7, 4, 'アナベル・ガトー', 4, 1, 3, 17, 1180, 1180, 383, 796, 796, 212, 610, 'With Power attribute (self), All DMG Output boosted 35 (flat)', 2, 1, 1, NULL, NULL, '2020-01-22'),
(91, 'Quatre Raberba Winner', 17, 6, 'カトル・ラバーバ・ウィナー', 3, 3, 25, 21, 558, 291, 291, 889, 889, 126, 428, 'With Speed attribute (self), Enemy All Power reduced 13%', 7, 1, 3, NULL, NULL, '2020-01-22'),
(92, 'Mr. Bushido', 25, 3, 'ミスター・ブシドー', 3, 1, 6, 9, 558, 1142, 291, 558, 558, 126, 302, 'With Power attribute (self), EX Skill CD reduced 15%', 3, 2, 3, NULL, 'Event', '2020-01-29'),
(93, 'Shiho Hahnenfuss', 46, 1, 'シホ・ハーネンフース', 3, 3, 8, 3, 558, 291, 1142, 558, 558, 302, 126, 'All ranged weapon magazine boosted 14%', 6, 2, 1, NULL, NULL, '2020-01-29'),
(94, 'Rau Le Creuset', 21, 14, 'ラウ・ル・クルーゼ', 4, 2, 5, 3, 1181, 384, 1181, 796, 796, 611, 213, 'With Technique attribute (self), Buff EX Skill Time up 22%', 6, 2, 3, NULL, NULL, '2020-01-29'),
(95, 'Setsuna F. Seiei', 25, 5, '刹那・F・セイエイ', 4, 3, 1, 13, 796, 1602, 384, 796, 796, 417, 213, 'While \"Gundam Type\", Buff EX Skill Effect up 22%', 3, 1, 3, NULL, NULL, '2020-02-05'),
(96, 'Auel Neider', 22, 8, 'アウル・ニーダ', 3, 2, 4, 7, 889, 291, 889, 558, 558, 126, 428, 'With Technique attribute (self), Debuff EX Skill Effect up 15%', 2, 1, 2, NULL, NULL, '2020-02-05'),
(97, 'Louise Halevy', 25, 7, 'ルイス・ハレヴィ', 3, 1, 15, 20, 1144, 292, 292, 558, 558, 430, 127, 'With Power attribute (self), Enemy All power reduced 13%', 2, 2, 2, NULL, NULL, '2020-02-12'),
(98, 'Lalah Sune', 1, 11, 'ララァ・スン', 4, 2, 8, 3, 799, 384, 1184, 1184, 799, 614, 213, 'With Technique attribute (self), Debuff EX Skill Effect up 22%', 7, 3, 2, NULL, NULL, '2020-02-12'),
(99, 'Stella Loussier', 22, 6, 'ステラ・ルーシェ', 3, 3, 12, 6, 558, 891, 891, 558, 558, 127, 302, 'With Speed attribute (self), Job Gauge Increase boosted 13%', 4, 2, 3, NULL, NULL, '2020-02-19'),
(100, 'Lockon Stratos', 25, 6, 'ロックオン・ストラトス', 4, 2, 10, 8, 799, 384, 1606, 799, 799, 420, 420, 'With Technique attribute (self), Long Shot Attack raised 20%', 6, 3, 3, NULL, NULL, '2020-02-19'),
(101, 'Nena Trinity', 25, 10, 'ネーナ・トリニティ', 3, 3, 15, 13, 891, 558, 292, 891, 558, 127, 430, 'With Speed attribute (self), EX Skill Recovery boosted 16%', 7, 2, 2, NULL, 'Event', '2020-02-26'),
(102, 'Sarah Zabiarov', 8, 15, 'サラ・ザビアロフ', 3, 3, 7, 15, 558, 291, 291, 889, 889, 428, 126, 'With Speed attribute (self), Debuff EX Skill Effect up 15%', 7, 2, 2, NULL, NULL, '2020-02-26'),
(103, 'Full Frontal', 12, 3, 'フル・フロンタル', 4, 1, 5, 17, 384, 1182, 1182, 799, 799, 420, 420, 'While \"Zeon\", Initial EX Skill Charge boosted 20%', 4, 2, 3, NULL, NULL, '2020-02-26'),
(104, 'Soma Peries', 25, 4, 'ソーマ・ピーリス', 3, 1, 7, 20, 558, 291, 291, 889, 889, 428, 126, 'With Power attribute (self), Enemy Shooting power reduced 25%', 5, 2, 2, NULL, 'Arena', '2020-03-02'),
(105, 'Lacus Clyne', 21, 16, 'ラクス・クライン', 4, 2, 5, 20, 795, 795, 795, 795, 795, 211, 609, 'With Technique attribute (self), EX Skill recovery boosted 140', 7, 3, 3, NULL, NULL, '2020-03-04'),
(106, 'Heine Westenfluss', 22, 5, 'ハイネ・ヴェステンフルス', 3, 3, 6, 5, 561, 893, 294, 561, 893, 215, 215, 'With Speed attribute (self), Debuff EX Skill effect up 15%', 2, 1, 1, NULL, NULL, '2020-03-04'),
(107, 'Milliardo Peacecraft', 17, 10, 'ミリアルド・ピースクラフト', 4, 2, 6, 9, 796, 1602, 384, 796, 796, 213, 417, 'With Technique attribute (self), Vernier consumption reduced 20%', 4, 1, 1, NULL, NULL, '2020-03-11'),
(108, 'Mashymre Cello', 10, 5, 'マシュマー・セロ', 3, 1, 17, 20, 889, 889, 291, 558, 558, 302, 302, 'With Power attribute (self), Debuff EX Skill time up 16%', 2, 1, 3, NULL, NULL, '2020-03-11'),
(109, 'Tobia Arronax', 14, 1, 'トビア・アロナクス', 4, 3, 1, 6, 796, 1602, 384, 796, 796, 417, 213, 'With Speed attribute (self), Buff EX Skill effect up 22%', 3, 1, 2, NULL, NULL, '2020-03-18'),
(110, 'Andrew Waltfeld', 21, 15, 'アンドリュー・バルトフェルド', 3, 1, 21, 3, 558, 291, 291, 889, 889, 428, 126, 'With Power attribute (self), Enemy EX Skill penetration reduced 22%', 5, 2, 1, NULL, NULL, '2020-03-18'),
(111, 'Ribbons Almark', 25, 9, 'リボンズ・アルマーク', 4, 1, 13, 20, 797, 1181, 1181, 797, 797, 418, 213, 'All ranged weapon reload speed boosted 18%', 6, 3, 3, NULL, NULL, '2020-03-25'),
(112, 'Quess Paraya', 11, 2, 'クェス・パラヤ', 3, 2, 10, 20, 558, 291, 291, 889, 889, 428, 126, 'With Technique attribute (self), 14% change to survive a fatal blow', 6, 3, 3, NULL, NULL, '2020-03-25'),
(113, 'Tieria Erde', 25, 8, 'ティエリア・アーデ', 3, 1, 13, 10, 559, 292, 1144, 559, 559, 303, 303, 'All ranged weapon magazine boosted 14%', 6, 3, 3, NULL, 'Event', '2020-03-25'),
(114, 'Heero Yuy', 17, 1, 'ヒイロ・ユイ', 4, 3, 10, 12, 796, 384, 1602, 796, 796, 417, 213, 'With Speed attribute (self), All DMG output boosted by 35', 6, 3, 1, NULL, NULL, '2020-04-01'),
(115, 'Angelo Sauper', 12, 2, 'アンジェロ・ザウパー', 3, 2, 17, 20, 558, 558, 558, 558, 558, 302, 302, '12% chance of attacks penetrating super armor', 4, 1, 2, NULL, NULL, '2020-04-01'),
(116, 'Loran Cehack', 20, 4, 'ロラン・セアック', 4, 2, 1, 10, 797, 1181, 1181, 797, 797, 418, 213, 'With Technique attribute (self), Enemy All Power reduced 18%', 4, 1, 3, NULL, NULL, '2020-04-08'),
(117, 'Jamil Neate', 19, 2, 'ジャミル・ニート', 3, 1, 5, 13, 558, 558, 558, 558, 558, 126, 428, 'With Power attribute (self), Enemy Shooting Power reduced 25%', 2, 2, 1, NULL, NULL, '2020-04-08'),
(118, 'Master Asia', 16, 7, 'マスター・アジア', 4, 1, 14, 6, 799, 1756, 156, 799, 799, 290, 290, 'While \"Mobile Fighter\", All DMG output boosted by 35', 3, 1, 1, NULL, NULL, '2020-04-15'),
(119, 'Chara Soon', 10, 6, 'キャラ・スーン', 3, 3, 17, 9, 559, 1144, 292, 559, 559, 303, 303, 'With Speed attribute (self), EX Skill piercing boosted 22%', 4, 2, 3, NULL, NULL, '2020-04-15'),
(120, 'Yuu Kajima', 4, 1, 'ユウ・カジマ', 4, 1, 19, 6, 795, 795, 795, 795, 795, 609, 211, 'When Armor is 80% or less, Buff EX Skill effect up 22%', 4, 2, 1, NULL, NULL, '2020-05-13'),
(121, 'Chibodee Crocket', 16, 2, 'チボデー・クロケット', 3, 1, 14, 24, 558, 1142, 291, 558, 558, 126, 302, 'With Power attribute (self), All Shot Attack raised 14%', 3, 1, 1, NULL, NULL, '2020-05-13'),
(122, 'Asemu Asuno', 26, 3, 'アセム・アスノ', 3, 2, 12, 3, 558, 558, 558, 558, 558, 302, 302, 'While \"Transformer\", All power boosted 25%', 5, 2, 2, NULL, 'Arena', '2020-05-18'),
(123, 'Andrew Waltfeld [Destiny]', 22, 10, 'アンドリュー・バルトフェルト［DESTINY］', 4, 3, 12, 5, 795, 795, 795, 795, 795, 211, 609, 'When in Multi-Mission Sortie, Shot guidance boosted 17%', 2, 2, 2, NULL, NULL, '2020-05-20'),
(124, 'Giri Gadeucca Aspis', 14, 3, 'ギリ・ガデューカ・アスピス', 3, 1, 6, 5, 558, 891, 891, 558, 558, 302, 127, 'When 2 enemies shot down, All CRIT rate boosted 17%', 3, 1, 1, NULL, NULL, '2020-05-20');

-- --------------------------------------------------------

--
-- Table structure for table `series`
--

DROP TABLE IF EXISTS `series`;
CREATE TABLE IF NOT EXISTS `series` (
  `id` int(11) NOT NULL AUTO_INCREMENT,
  `title` varchar(128) CHARACTER SET utf8mb4 COLLATE utf8mb4_general_ci NOT NULL,
  `alternate` varchar(64) CHARACTER SET utf8mb4 COLLATE utf8mb4_general_ci DEFAULT NULL,
  PRIMARY KEY (`id`)
) ENGINE=InnoDB AUTO_INCREMENT=100 DEFAULT CHARSET=utf8mb4 COLLATE=utf8mb4_general_ci;

--
-- Dumping data for table `series`
--

INSERT INTO `series` (`id`, `title`, `alternate`) VALUES
(1, 'Mobile Suit Gundam', 'MSG'),
(2, 'Mobile Suit Variations', 'MSV'),
(3, 'Mobile Suit Gundam: The 08th MS Team', '08th MS Team'),
(4, 'Mobile Suit Gundam Side Story: The Blue Destiny', 'Blue Destiny'),
(5, 'Mobile Suit Gundam Side Story: Missing Link', 'Missing Link'),
(6, 'Mobile Suit Gundam 0080: War in the Pocket', 'War in the Pocket'),
(7, 'Mobile Suit Gundam 0083: Stardust Memory', 'Stardust Memory'),
(8, 'Mobile Suit Zeta Gundam', 'Zeta'),
(10, 'Mobile Suit Gundam ZZ', 'ZZ'),
(11, 'Mobile Suit Gundam: Char\'s Counterattack', 'CCA'),
(12, 'Mobile Suit Gundam Unicorn', 'Unicorn'),
(13, 'Mobile Suit Gundam F91', 'F91'),
(14, 'Mobile Suit Crossbone Gundam', 'Crossbone Gundam'),
(15, 'Mobile Suit Victory Gundam', 'Victory Gundam'),
(16, 'Mobile Fighter G Gundam', 'G Gundam'),
(17, 'Mobile Suit Gundam Wing', 'Gundam Wing'),
(18, 'New Mobile Report Gundam Wing: Endless Waltz', 'Endless Waltz'),
(19, 'After War Gundam X', 'Gundam X'),
(20, '∀ Gundam', 'Turn A Gundam'),
(21, 'Mobile Suit Gundam SEED', 'SEED'),
(22, 'Mobile Suit Gundam SEED Destiny', 'SEED Destiny'),
(23, 'Mobile Suit Gundam SEED Astray', 'SEED Astray'),
(24, 'Mobile Suit Gundam SEED C.E. 73: STARGAZER', 'SEED Stargazer'),
(25, 'Mobile Suit Gundam 00', '00'),
(26, 'Mobile Suit Gundam AGE', 'AGE'),
(27, 'Gundam Reconguista in G', 'Reconguista in G'),
(28, 'Mobile Suit Gundam IRON-BLOODED ORPHANS', 'IBO'),
(31, 'Model Suit Gunpla Builders Beginning G', 'Beginning G'),
(32, 'Gundam Build Fighters', 'GBF'),
(34, 'Gundam Build Fighters Try', 'GBFT'),
(36, 'Mobile Suit Gundam: The Origin', 'The Origin'),
(37, 'Mobile Suit Gundam MS IGLOO', 'IGLOO'),
(38, 'Mobile Suit Gundam Thunderbolt', 'Thunderbolt'),
(40, 'Advance of Zeta: The Flag of Titans', 'Advance of Zeta'),
(41, 'Char\'s Counterattack Mobile Suit Variations', 'CCA MSV'),
(42, 'SD Gundam BB Senshi', 'SD Gundam'),
(43, 'Mobile Suit Gundam: Hathaway\'s Flash', 'Hathaway\'s Flash'),
(44, 'Gundam Unicorn Mobile Suit Variations', 'Unicorn MSV'),
(46, 'Mobile Suit Gundam SEED MSV', 'SEED MSV'),
(49, 'Mobile Suit Moon Gundam', 'MOON'),
(56, 'Mobile Suit Gundam 00V : Battlefield Record', '00V'),
(62, 'Gundam Build Divers Re:RISE', 'GBDR'),
(63, 'Mobile Suit Gundam IRON-BLOODED ORPHANS Gekko', 'IBO Gekko'),
(99, 'Original', 'ORIGINAL');

-- --------------------------------------------------------

--
-- Table structure for table `unit`
--

DROP TABLE IF EXISTS `unit`;
CREATE TABLE IF NOT EXISTS `unit` (
  `id` int(11) NOT NULL AUTO_INCREMENT,
  `model` varchar(64) CHARACTER SET utf8mb4 COLLATE utf8mb4_general_ci DEFAULT NULL,
  `name` varchar(128) CHARACTER SET utf8mb4 COLLATE utf8mb4_general_ci NOT NULL,
  `subname` varchar(64) CHARACTER SET utf8mb4 COLLATE utf8mb4_general_ci DEFAULT NULL,
  `series_id` int(11) NOT NULL,
  `issue` int(11) DEFAULT NULL,
  `name_japanese` varchar(64) CHARACTER SET utf8mb4 COLLATE utf8mb4_general_ci DEFAULT NULL,
  `rarity` int(11) DEFAULT NULL,
  `attribute_id` int(11) DEFAULT NULL,
  `marks` int(11) DEFAULT NULL,
  `obtained_capsule` varchar(64) CHARACTER SET utf8mb4 COLLATE utf8mb4_general_ci DEFAULT NULL,
  `obtained_exchange` varchar(64) CHARACTER SET utf8mb4 COLLATE utf8mb4_general_ci DEFAULT NULL,
  `obtained_banner` varchar(64) CHARACTER SET utf8mb4 COLLATE utf8mb4_general_ci DEFAULT NULL,
  `obtained_sokai` tinyint(1) NOT NULL,
  `release_date` date DEFAULT NULL,
  PRIMARY KEY (`id`),
  KEY `FK_UnitAttributeId` (`attribute_id`),
  KEY `FK_UnitSeriesId` (`series_id`)
) ENGINE=InnoDB AUTO_INCREMENT=1000 DEFAULT CHARSET=utf8mb4 COLLATE=utf8mb4_general_ci;

--
-- Dumping data for table `unit`
--

INSERT INTO `unit` (`id`, `model`, `name`, `subname`, `series_id`, `issue`, `name_japanese`, `rarity`, `attribute_id`, `marks`, `obtained_capsule`, `obtained_exchange`, `obtained_banner`, `obtained_sokai`, `release_date`) VALUES
(1, NULL, 'Unassigned [P]', NULL, 99, NULL, NULL, 1, 1, 4, NULL, NULL, NULL, 0, '2019-07-31'),
(2, NULL, 'Unassigned [S]', NULL, 99, NULL, NULL, 1, 3, 4, NULL, NULL, NULL, 0, '2019-07-31'),
(3, NULL, 'Unassigned [T]', NULL, 99, NULL, NULL, 1, 2, 4, NULL, NULL, NULL, 0, '2019-07-31'),
(4, 'RX-78-2', 'Gundam', 'Pre-Registration Reward', 1, 1, 'ガンダム【事前登録報酬】', 2, 1, 3, NULL, NULL, NULL, 0, '2019-07-31'),
(5, 'RX-78-2', 'Gundam', NULL, 1, 1, 'ガンダム', 4, 2, 1, NULL, NULL, NULL, 0, '2019-07-31'),
(6, 'RX-75-4', 'Guntank', NULL, 1, 3, 'ガンタンク', 1, 1, 4, NULL, NULL, NULL, 0, '2019-07-31'),
(7, 'RX-77-2', 'Guncannon', NULL, 1, 2, 'ガンキャノン', 1, 1, 4, NULL, NULL, NULL, 0, '2019-07-31'),
(8, 'RGM-79', 'GM', NULL, 1, 4, 'ジム', 1, 1, 4, NULL, NULL, NULL, 0, '2019-07-31'),
(9, 'MS-06', 'Zaku II', NULL, 1, 5, 'ザクⅡ', 1, 2, 4, NULL, NULL, NULL, 0, '2019-07-31'),
(10, 'MS-06S', 'Zaku II', 'Char Aznable', 1, 6, 'ザクⅡ［シャア・アズナブル専用］', 3, 3, 2, NULL, NULL, NULL, 0, '2019-07-31'),
(11, 'MS-09B', 'Dom', NULL, 1, 8, 'ドム', 1, 2, 4, NULL, NULL, NULL, 0, '2019-07-31'),
(12, 'MS-07B', 'Gouf', NULL, 1, 7, 'グフ', 1, 2, 4, NULL, NULL, NULL, 0, '2019-07-31'),
(13, 'MSM-04', 'Acguy', NULL, 1, 9, 'アッガイ', 1, 2, 4, NULL, NULL, NULL, 0, '2019-07-31'),
(14, 'MSM-07', 'Z\'Gok', NULL, 1, 10, 'ズゴック', 1, 2, 4, NULL, NULL, NULL, 0, '2019-07-31'),
(15, 'YMS-15', 'Gyan', NULL, 1, 11, 'ギャン', 1, 2, 4, NULL, NULL, NULL, 0, '2019-07-31'),
(16, 'MS-14', 'Gelgoog', 'Mass Production Type', 1, 12, 'ゲルググ［量産型］', 1, 3, 4, NULL, NULL, NULL, 0, '2019-07-31'),
(17, 'MS-06F', 'Zaku Minelayer', NULL, 2, 2, 'ザクマインレイヤー', 1, 2, 4, NULL, NULL, NULL, 0, '2019-07-31'),
(18, 'MS-06FS', 'Zaku II Type FS', 'Garma Zabi', 2, 1, 'ザクⅡFS［ガルマ・ザビ専用］', 2, 3, 3, NULL, NULL, NULL, 0, '2019-07-31'),
(19, 'MS-14C', 'Gelgoog Cannon', NULL, 2, 3, 'ゲルググキャノン', 1, 1, 4, NULL, NULL, NULL, 0, '2019-07-31'),
(20, 'MW-01', 'Mobile Worker', NULL, 36, 1, 'モビルワーカー', 1, 1, 4, NULL, NULL, NULL, 0, '2019-07-31'),
(21, 'RX-178', 'Gundam Mk-II', 'A.E.U.G. Design', 8, 2, 'ガンダムMk-Ⅱ［エゥーゴ仕様］', 2, 1, 3, NULL, NULL, NULL, 0, '2019-07-31'),
(22, 'RX-178', 'Gundam Mk-II', 'Titans Design', 8, 6, 'ガンダムMk-Ⅱ［ティターンズ仕様］', 2, 3, 3, NULL, NULL, NULL, 0, '2019-07-31'),
(23, 'RGM-86R', 'GM II', NULL, 8, 5, 'ジムⅡ', 1, 3, 4, NULL, NULL, NULL, 0, '2019-07-31'),
(24, 'RMS-099', 'Rick Dias', 'Quattro Bajeena Colors', 8, 4, 'リック・ディアス［クワトロ・バジーナカラー］', 2, 2, 3, NULL, NULL, NULL, 0, '2019-07-31'),
(25, 'PMX-001', 'Palace Athene', NULL, 8, 7, 'パラス・アテネ', 2, 1, 3, NULL, NULL, NULL, 0, '2019-07-31'),
(26, 'RGM-86R', 'GM III', NULL, 10, 1, 'ジムⅢ', 1, 1, 4, NULL, NULL, NULL, 0, '2019-07-31'),
(27, 'AMX-014', 'Döven Wolf', NULL, 10, 2, 'ドーベン・ウルフ', 2, 1, 3, NULL, NULL, NULL, 0, '2019-07-31'),
(28, 'RGM-89', 'Jegan', NULL, 11, 2, 'ジェガン', 2, 2, 3, NULL, NULL, NULL, 0, '2019-07-31'),
(29, 'AMS-119', 'Geara Doga', NULL, 11, 3, 'ギラ・ドーガ', 2, 2, 3, NULL, NULL, NULL, 0, '2019-07-31'),
(30, 'RX-78NT-1FA', 'Gundam NT-1', 'Chobham Armor', 6, 2, 'ガンダムNT-1［チョバムアーマー装備］', 3, 2, 2, NULL, NULL, NULL, 0, '2019-07-31'),
(31, 'MS-06FZ', 'Zaku II Kai', NULL, 6, 4, 'ザクⅡ改', 2, 2, 3, NULL, NULL, NULL, 0, '2019-07-31'),
(32, 'MS-14Jg', 'Gelgoog Jäger', NULL, 6, 7, 'ゲルググJ', 2, 3, 3, NULL, NULL, NULL, 0, '2019-07-31'),
(33, 'MSM-03C', 'Hy-Gogg', NULL, 6, 5, 'ハイゴッグ', 2, 3, 3, NULL, NULL, NULL, 0, '2019-07-31'),
(34, 'MS-18E', 'Kämpfer', NULL, 6, 6, 'ケンプファー', 3, 2, 2, NULL, NULL, NULL, 0, '2019-07-31'),
(35, 'RGM-79GS', 'GM Command', 'Space Type', 6, 3, 'ジム・コマンド［宇宙仕様］', 1, 3, 4, NULL, NULL, NULL, 0, '2019-07-31'),
(36, 'XM-01', 'Den\'an Zon', NULL, 13, 2, 'デナン・ゾン', 2, 2, 3, NULL, NULL, NULL, 0, '2019-07-31'),
(37, 'RGM-79N', 'GM Custom', NULL, 7, 2, 'ジム・カスタム', 1, 3, 4, NULL, NULL, NULL, 0, '2019-07-31'),
(38, 'MS-09F/trop', 'Dom Tropen', NULL, 7, 3, 'ドム・トローペン', 1, 2, 4, NULL, NULL, NULL, 0, '2019-07-31'),
(39, 'MS-09F/trop', 'Dom Tropen', 'Sand Brown', 7, 4, 'ドム・トローペン［サンドブラウン］', 1, 3, 4, NULL, NULL, NULL, 0, '2019-07-31'),
(40, 'GF13-009NF', 'Gundam Rose', NULL, 16, 4, 'ガンダムローズ', 3, 1, 2, NULL, NULL, NULL, 0, '2019-07-31'),
(41, 'XXXG-01W', 'Wing Gundam', 'Pre-Registration Reward', 17, 1, 'ウイングガンダム【事前登録報酬】', 2, 2, 3, NULL, NULL, NULL, 0, '2019-07-31'),
(42, 'MMS-01', 'Serpent Custom', NULL, 18, 2, 'サーペントカスタム', 1, 3, 4, NULL, NULL, NULL, 0, '2019-07-31'),
(43, 'MMS-01', 'Serpent Custom', 'Double Gatling Gun', 18, 3, 'サーペントカスタム［ダブルガトリングガン装備］', 1, 3, 4, NULL, NULL, NULL, 0, '2019-07-31'),
(44, 'GAT-X102', 'Duel Gundam', NULL, 21, 5, 'デュエルガンダム', 3, 3, 2, NULL, NULL, NULL, 0, '2019-07-31'),
(45, 'GAT-X303', 'Aegis Gundam', NULL, 21, 4, 'イージスガンダム', 4, 3, 1, NULL, NULL, NULL, 0, '2019-07-31'),
(46, 'MBF-P04', 'Astray Green Frame', NULL, 23, 3, 'アストレイ グリーンフレーム', 2, 1, 3, NULL, NULL, NULL, 0, '2019-07-31'),
(47, 'GNX-603T', 'GN-X', NULL, 25, 4, 'ジンクス', 2, 2, 3, NULL, NULL, NULL, 0, '2019-07-31'),
(48, 'GNX-609T', 'GN-XIII', NULL, 25, 5, 'ジンクスⅢ', 2, 3, 3, NULL, NULL, NULL, 0, '2019-07-31'),
(49, 'GNR-101A', 'GN Archer', NULL, 25, 3, 'GNアーチャー', 2, 3, 3, NULL, NULL, NULL, 0, '2019-07-31'),
(50, 'AGE-1T', 'Gundam AGE-1 Titus', NULL, 26, 2, 'ガンダムAGE-1 タイタス', 3, 1, 2, NULL, NULL, NULL, 0, '2019-07-31'),
(51, 'ovv-f', 'Gafran', NULL, 26, 3, 'ガフラン', 2, 1, 3, NULL, NULL, NULL, 0, '2019-07-31'),
(52, 'EMS-10', 'Zudah', NULL, 37, 2, 'ヅダ', 1, 2, 4, NULL, NULL, NULL, 0, '2019-07-31'),
(53, 'EMS-10', 'Zudah', 'Commander Type', 37, 1, 'ヅダ［隊長機］', 2, 3, 3, NULL, NULL, NULL, 0, '2019-07-31'),
(54, 'RGM-96X', 'Jesta', NULL, 12, 1, 'ジェスタ', 2, 2, 3, NULL, NULL, NULL, 0, '2019-07-31'),
(55, 'RGM-96X', 'Jesta Cannon', NULL, 12, 2, 'ジェスタ・キャノン', 2, 1, 3, NULL, NULL, NULL, 0, '2019-07-31'),
(56, 'RGM-89S', 'Stark Jegan', NULL, 12, 3, 'スタークジェガン', 1, 3, 4, NULL, NULL, NULL, 0, '2019-07-31'),
(57, 'AMX-009', 'Dreissen', 'Unicorn Ver.', 12, 4, 'ドライセン［ユニコーンVer.］', 1, 1, 4, NULL, NULL, NULL, 0, '2019-07-31'),
(58, 'RX-160S', 'Byarlant Custom', NULL, 12, 5, 'バイアラン・カスタム', 2, 1, 3, NULL, NULL, NULL, 0, '2019-07-31'),
(59, 'MSM-04G', 'Juaggu', 'Unicorn Ver.', 12, 6, 'ジュアッグ［ユニコーンVer.］', 1, 3, 4, NULL, NULL, NULL, 0, '2019-07-31'),
(60, 'ASW-G-08', 'Gundam Barbatos', '4th Form', 28, 1, 'ガンダムバルバトス［第4形態］', 4, 1, 1, NULL, NULL, NULL, 0, '2019-07-31'),
(61, 'GPB-04B', 'Beargguy', NULL, 31, 2, 'ベアッガイ', 3, 1, 2, NULL, NULL, NULL, 0, '2019-07-31'),
(62, 'RX-93', 'ν Gundam', 'Ver. Ka', 11, 1, 'νガンダム［Ver.Ka］', 4, 3, 1, NULL, NULL, 'TRUE', 0, '2019-07-31'),
(63, 'Gundam Artemis', 'Gundam Artemis', NULL, 99, 1, 'ガンダムアルテミス', 2, 1, 1, NULL, NULL, NULL, 0, '2019-07-31'),
(64, 'JMF1336R', 'Rising Gundam', NULL, 16, 2, 'ライジングガンダム', 3, 3, 2, NULL, 'Event', NULL, 0, '2019-08-07'),
(65, 'MRC-F20', 'Mobile SUMO', 'Gold Type', 20, 1, 'モビルスモー［ゴールドタイプ］', 3, 3, 2, NULL, 'Arena', NULL, 0, '2019-08-07'),
(66, 'GN-001', 'Gundam Exia', NULL, 25, 1, 'ガンダムエクシア', 4, 3, 1, NULL, NULL, NULL, 0, '2019-08-07'),
(67, 'GN-002', 'Gundam Dynames', NULL, 25, 2, 'ガンダムデュナメス', 4, 2, 1, NULL, NULL, NULL, 0, '2019-08-07'),
(68, 'GX-9900-DV', 'Gundam X Divider', NULL, 19, 2, 'ガンダムXディバイダー', 4, 1, 1, NULL, NULL, NULL, 0, '2019-08-14'),
(69, 'GAT-X105', 'Aile Strike Gundam', NULL, 21, 1, 'エールストライクガンダム', 4, 3, 1, NULL, NULL, NULL, 0, '2019-08-14'),
(70, 'GAT-X207', 'Blitz Gundam', NULL, 21, 6, 'ブリッツガンダム', 3, 3, 2, NULL, 'Event', NULL, 0, '2019-08-14'),
(71, 'MBF-P02', 'Astray Red Frame', NULL, 23, 1, 'アストレイ レッドフレーム', 4, 3, 1, NULL, NULL, NULL, 0, '2019-08-21'),
(72, 'GF13-011NC', 'Dragon Gundam', NULL, 16, 3, 'ドラゴンガンダム', 3, 2, 2, NULL, NULL, NULL, 0, '2019-08-21'),
(73, 'AGX-04', 'Gerbera Tetra', NULL, 7, 5, 'ガーベラ・テトラ', 3, 3, 2, NULL, 'Event', NULL, 0, '2019-08-21'),
(74, 'MSZ-006', 'Zeta Gundam', NULL, 8, 1, 'Zガンダム', 4, 3, 1, NULL, NULL, NULL, 1, '2019-08-28'),
(75, 'AMX-004', 'Qubeley', NULL, 8, 8, 'キュベレイ', 4, 1, 1, NULL, NULL, NULL, 1, '2019-08-28'),
(76, 'OZ-00MS', 'Tallgeese II', NULL, 17, 6, 'トールギスⅡ', 3, 2, 2, NULL, 'Event', NULL, 0, '2019-08-28'),
(77, 'MSN-00100', 'Hyaku Shiki', NULL, 8, 3, '百式', 3, 3, 2, NULL, 'Event', NULL, 0, '2019-09-04'),
(78, 'XXXG-01S', 'Shenlong Gundam', NULL, 17, 3, 'シェンロンガンダム', 4, 2, 1, NULL, NULL, NULL, 0, '2019-09-04'),
(79, 'XXXG-01D', 'Gundam Deathscythe', NULL, 17, 2, 'ガンダムデスサイズ', 4, 3, 1, NULL, NULL, NULL, 0, '2019-09-04'),
(80, 'Code ϕ', 'Code ϕ', NULL, 99, 2, 'Codeφ', 2, 2, 1, NULL, NULL, NULL, 0, '2019-09-07'),
(81, 'XXXG-01W', 'Wing Gundam', NULL, 17, 1, 'ウイングガンダム', 4, 3, 1, NULL, NULL, NULL, 0, '2019-09-11'),
(82, 'ZGMF-X56S/α', 'Force Impulse Gundam', NULL, 22, 1, 'フォースインパルスガンダム', 4, 1, 1, NULL, NULL, NULL, 0, '2019-09-11'),
(83, 'ASW-G-11', 'Gundam Gusion', NULL, 28, 3, 'ガンダムグシオン', 3, 1, 2, NULL, 'Event', NULL, 0, '2019-09-11'),
(84, 'GF13-017NJ', 'Shining Gundam', NULL, 16, 1, 'シャイニングガンダム', 4, 1, 1, NULL, NULL, NULL, 0, '2019-09-18'),
(85, 'GAT-X105', 'Sword Strike Gundam', NULL, 21, 2, 'ソードストライクガンダム', 3, 2, 2, NULL, 'Event', NULL, 0, '2019-09-18'),
(86, '侍ノ弐', 'Sengoku Astray Gundam', NULL, 32, 1, '戦国アストレイ頑駄無', 4, 2, 1, NULL, NULL, NULL, 0, '2019-09-18'),
(87, 'ZGMF-X10A', 'Freedom Gundam', NULL, 21, 7, 'フリーダムガンダム', 4, 1, 1, NULL, NULL, NULL, 1, '2019-09-25'),
(88, 'ZGMF-X09A', 'Justice Gundam', NULL, 21, 8, 'ジャスティスガンダム', 4, 3, 1, NULL, NULL, NULL, 1, '2019-09-25'),
(89, 'GSX-401FW', 'Stargazer Gundam', NULL, 24, 1, 'スターゲイザー', 3, 3, 2, NULL, 'Event', NULL, 0, '2019-09-25'),
(90, 'AMX-109', 'Mobile Kapool', NULL, 20, 2, 'モビルカプル', 1, 1, 4, NULL, NULL, NULL, 0, '2019-09-25'),
(91, 'MBF-02', 'Strike Rouge', 'IWSP', 46, 1, 'ストライクルージュ［I.W.S.P.］', 3, 3, 2, NULL, 'Arena', NULL, 0, '2019-10-01'),
(92, 'RX-80PR', 'Pale Rider', NULL, 5, 1, 'ペイルライダー', 4, 3, 1, NULL, NULL, NULL, 0, '2019-10-02'),
(93, 'GAT-X102', 'Duel Gundam (Assault Shroud)', NULL, 21, 10, 'デュエルガンダムアサルトシュラウド', 4, 1, 1, NULL, NULL, NULL, 0, '2019-10-02'),
(94, 'MSN-001A1', 'Delta Plus', NULL, 12, 7, 'デルタプラス', 3, 1, 2, NULL, 'Event', NULL, 0, '2019-10-02'),
(95, 'xvm-fzc', 'Gundam Legilis', NULL, 26, 4, 'ガンダムレギルス', 4, 2, 1, NULL, NULL, NULL, 0, '2019-10-09'),
(96, 'RX-121-2A', 'Gundam TR-1', 'Advanced Hazel w/ Optical Sensor Unit', 40, 1, 'ガンダムTR-1［アドバンスド・ヘイズル／光学センサーユニット装備］', 3, 2, 2, NULL, 'Event', NULL, 0, '2019-10-09'),
(97, 'PFF-X7/E3', 'EARTHREE GUNDAM', NULL, 62, 1, 'アースリィガンダム', 4, 3, 1, NULL, NULL, NULL, 0, '2019-10-09'),
(98, 'RGM-96X', 'Gundam F91', NULL, 13, 1, 'ガンダムF91', 4, 2, 1, 'Capsule Medal', NULL, NULL, 0, '2019-10-09'),
(99, 'GAT-X103', 'Buster Gundam', NULL, 21, 99, 'バスターガンダム', 3, 1, 2, 'Capsule Medal', NULL, NULL, 0, '2019-10-09'),
(100, 'MSM-03C', 'Hy-Gogg [ALT]', NULL, 6, 5, 'ハイゴッグ（✧1）（T）', 1, 2, 3, 'Capsule Medal', NULL, NULL, 0, '2019-10-09'),
(101, 'MS-18E', 'Kämpfer [ALT]', NULL, 6, 6, 'ケンプファー（✧1）（P）', 1, 1, 2, 'Capsule Medal', NULL, NULL, 0, '2019-10-09'),
(102, 'ovv-f', 'Gafran [ALT]', NULL, 26, 3, 'ガフラン（✧1）（S）', 1, 3, 3, 'Capsule Medal', NULL, NULL, 0, '2019-10-09'),
(103, 'RGM-96X', 'Jesta Cannon [ALT]', NULL, 12, 2, 'ジェスタ・キャノン（✧1）（T）', 1, 2, 3, 'Capsule Medal', NULL, NULL, 0, '2019-10-09'),
(104, 'RGM-89S', 'Stark Jegan [ALT]', NULL, 12, 3, 'スタークジェガン（✧1）（P）', 1, 1, 4, 'Capsule Medal', NULL, NULL, 0, '2019-10-09'),
(105, 'GPB-04B', 'Beargguy [ALT]', NULL, 31, 2, 'ベアッガイ（✧1）（T）', 1, 2, 2, 'Capsule Medal', NULL, NULL, 0, '2019-10-09'),
(106, 'EMS-10', 'Zudah [ALT]', NULL, 37, 2, 'ヅダ（✧1）（S）', 1, 3, 3, 'Capsule Medal', NULL, NULL, 0, '2019-10-09'),
(107, 'RMS-099', 'Rick Dias [ALT]', 'Quattro Bajeena Colors', 8, 4, 'リック・ディアス［クワトロ・バジーナカラー］（✧1）（S）', 1, 3, 3, 'Capsule Medal', NULL, NULL, 0, '2019-10-09'),
(108, 'PMX-001', 'Palace Athene [ALT]', NULL, 8, 7, 'パラス・アテネ（✧1）（T）', 1, 2, 3, 'Capsule Medal', NULL, NULL, 0, '2019-10-09'),
(109, 'AMX-014', 'Döven Wolf [ALT]', NULL, 10, 2, 'ドーベン・ウルフ（✧1）（S）', 1, 3, 3, 'Capsule Medal', NULL, NULL, 0, '2019-10-09'),
(110, 'MMS-01', 'Serpent Custom [ALT]', NULL, 18, 2, 'サーペントカスタム（✧1）（P）', 1, 1, 4, 'Capsule Medal', NULL, NULL, 0, '2019-10-09'),
(111, 'RX-160S', 'Byarlant Custom [ALT]', NULL, 12, 5, 'バイアラン・カスタム（✧1）（S）', 1, 3, 3, 'Capsule Medal', NULL, NULL, 0, '2019-10-09'),
(112, 'GF13-009NF', 'Gundam Rose [ALT]', NULL, 16, 4, 'ガンダムローズ（✧1）（T）', 1, 2, 2, 'Capsule Medal', NULL, NULL, 0, '2019-10-09'),
(113, 'OZ-00MS', 'Tallgeese', 'Endless Waltz Ver.', 18, 4, 'トールギス［Endless Waltz版］', 4, 3, 1, NULL, NULL, NULL, 0, '2019-10-16'),
(114, 'LM312V04', 'Victory Gundam', NULL, 15, 1, 'ヴィクトリーガンダム', 4, 2, 1, NULL, NULL, NULL, 0, '2019-10-16'),
(115, 'YAMS-132', 'Rozen Zulu', NULL, 12, 8, 'ローゼン・ズール', 3, 2, 2, NULL, 'Event', NULL, 0, '2019-10-16'),
(116, 'RX-78GP01', 'Gundam GP01', 'Zephyranthes', 7, 1, 'ガンダム試作1号機［ゼフィランサス］', 4, 2, 1, NULL, NULL, NULL, 0, '2019-10-23'),
(117, 'RX-78GP02A', 'Gundam GP02A', 'Physalis', 7, 7, 'ガンダム試作2号機［サイサリス］', 4, 1, 1, NULL, NULL, NULL, 0, '2019-10-23'),
(118, 'AGE-1', 'Gundam AGE Normal', NULL, 26, 1, 'ガンダムAGE-1 ノーマル', 3, 1, 2, NULL, 'Event', NULL, 0, '2019-10-23'),
(119, 'RX-0', 'Unicorn Gundam', NULL, 12, 10, 'ユニコーンガンダム', 4, 3, 1, NULL, NULL, NULL, 1, '2019-10-30'),
(120, 'NZ-666', 'Kshatriya', NULL, 12, 9, 'クシャトリヤ', 4, 1, 1, NULL, NULL, NULL, 1, '2019-10-30'),
(121, 'XXXG-01H', 'Gundam Heavyarms', NULL, 17, 4, 'ガンダムヘビーアームズ', 3, 2, 2, NULL, 'Event', NULL, 0, '2019-10-30'),
(122, 'Sanakapool', 'Sanakapool', NULL, 99, 8, 'サナカプル', 3, 1, 1, 'Sanakapool Capsule', NULL, NULL, 0, '2019-10-30'),
(123, 'ASW-G-08', 'Gundam Barbatos', '6th Form', 28, 5, 'ガンダムバルバトス［第6形態］', 4, 3, 1, NULL, NULL, NULL, 0, '2019-11-06'),
(124, 'GN-004', 'Gundam Nadleeh', NULL, 25, 6, 'ガンダムナドレ', 3, 3, 2, NULL, 'Event', NULL, 0, '2019-11-06'),
(125, 'ASW-G-11', 'Gundam Gusion Rebake', NULL, 28, 4, 'ガンダムグシオンリベイク', 4, 1, 1, NULL, NULL, NULL, 0, '2019-11-06'),
(126, 'RX-78GP03S', 'Gundam GP03', 'Stamen', 7, 8, 'ガンダム試作3号機［ステイメン］', 4, 2, 1, NULL, NULL, NULL, 0, '2019-11-13'),
(127, 'MSN-03', 'Jagd Doga', 'Quess Custom', 11, 4, 'ヤクト・ドーガ ［クェス専用］', 3, 2, 2, NULL, 'Event', NULL, 0, '2019-11-13'),
(128, 'PFF-X7/M4', 'MARSFOUR GUNDAM', NULL, 62, 2, 'マーズフォーガンダム', 4, 1, 1, NULL, NULL, NULL, 0, '2019-11-13'),
(129, 'GX-9900', 'Gundam X', NULL, 19, 1, 'ガンダムX', 4, 3, 1, NULL, NULL, NULL, 0, '2019-11-20'),
(130, 'NRX-0013', 'Gundam Virsago', NULL, 19, 3, 'ガンダムヴァサーゴ', 4, 1, 1, NULL, NULL, NULL, 0, '2019-11-20'),
(131, 'GAT-X105', 'Launcher Strike Gundam', NULL, 21, 3, 'ランチャーストライクガンダム', 3, 1, 2, NULL, 'Event', NULL, 0, '2019-11-20'),
(132, 'GAT-X105E', 'Strike Noir', NULL, 24, 2, 'ストライクノワール', 3, 3, 2, NULL, 'Event', NULL, 0, '2019-11-27'),
(133, 'MSZ-010S', 'Enhanced ZZ Gundam', 'Ver Ka.', 10, 3, '強化型ZZガンダム［Ver.Ka］', 4, 1, 1, NULL, NULL, NULL, 1, '2019-11-27'),
(134, 'FA-93-ν2HWS', 'Hi-ν Gundam HWS', 'Ver. Ka', 41, 1, 'Hi-νガンダムHWS［Ver.Ka］', 4, 2, 1, NULL, NULL, NULL, 1, '2019-11-27'),
(135, 'OZ-06MS', 'Leo', NULL, 17, 7, 'リーオー', 1, 1, 4, NULL, NULL, NULL, 0, '2019-11-27'),
(136, 'MS-14B', 'High Mobility Gelgoog', 'Johnny Ridden', 2, 4, '高機動型ゲルググ［ジョニー・ライデン専用］', 3, 2, 2, NULL, 'Arena', NULL, 0, '2019-12-01'),
(137, 'MBF-P03', 'Astray Blue Frame', NULL, 23, 2, 'アストレイ ブルーフレーム', 4, 3, 1, NULL, NULL, NULL, 0, '2019-12-04'),
(138, 'GN-003', 'Gundam Kyrios', NULL, 25, 7, 'ガンダムキュリオス', 3, 2, 2, NULL, 'Event', NULL, 0, '2019-12-04'),
(139, 'PFF-X7/V2', 'VEETWO GUNDAM', NULL, 62, 3, 'ヴィートルーガンダム', 4, 2, 1, NULL, NULL, NULL, 0, '2019-12-04'),
(140, 'RX-78GP01Fb', 'Gundam GP01Fb', 'Zephyranthes Fb', 7, 6, 'ガンダム試作1号機フルバーニアン［ゼフィランサスFb］', 4, 1, 1, NULL, NULL, NULL, 0, '2019-12-11'),
(141, 'MS-07B-3', 'Gouf Custom', NULL, 3, 3, 'グフ・カスタム', 3, 1, 2, NULL, 'Event', NULL, 0, '2019-12-11'),
(142, 'ZGMF-X13A', 'Providence Gundam', NULL, 21, 11, 'プロヴィデンスガンダム', 4, 2, 1, NULL, NULL, NULL, 0, '2019-12-11'),
(143, 'GPB-X80-30F', 'Beginning 30 Gundam', NULL, 31, 1, 'ビギニング30ガンダム', 4, 2, 1, NULL, NULL, NULL, 0, '2019-12-18'),
(144, 'XM-X1', 'Crossbone Gundam X1', NULL, 14, 1, 'クロスボーン・ガンダムX1', 3, 2, 2, NULL, 'Event', NULL, 0, '2019-12-18'),
(145, 'ASW-G-29', 'Gundam Astaroth', NULL, 63, 1, 'ガンダムアスタロト', 4, 1, 1, NULL, NULL, NULL, 0, '2019-12-18'),
(146, 'XXXG-00W0', 'Wing Gundam 0', 'Endless Waltz Ver.', 18, 1, 'ウイングガンダムゼロ［Endless Waltz版］', 4, 3, 1, NULL, NULL, 'Christmas', 0, '2019-12-21'),
(147, 'RX-79BD-1', 'Blue Destiny Unit-1', NULL, 4, 99, 'ブルーディスティニー1号機', 3, 1, 2, NULL, 'Event', NULL, 0, '2019-12-25'),
(148, 'Concept-X6-1-2', 'Turn X', NULL, 20, 3, 'ターンX', 4, 1, 1, NULL, NULL, NULL, 1, '2019-12-25'),
(149, 'ORB-01', 'Akatsuki', 'Oowashi Pack', 22, 2, 'アカツキ［オオワシパック］', 4, 3, 1, 'Akatsuki Ticket', NULL, NULL, 0, '2019-12-25'),
(150, 'WD-M01', 'Turn A Gundam', NULL, 20, 4, '∀ガンダム', 4, 2, 1, NULL, NULL, NULL, 1, '2019-12-25'),
(151, 'GAT-X105B/FP', 'Build Strike Gundam', 'Full Package', 32, 2, 'ビルドストライクガンダム［フルパッケージ］', 4, 2, 1, NULL, NULL, NULL, 0, '2020-01-08'),
(152, 'MSN-02', 'Zeong', NULL, 1, 14, 'ジオング', 4, 3, 1, NULL, NULL, NULL, 0, '2020-01-08'),
(153, 'VGMM-Git01', 'Kabakali', NULL, 27, 1, 'カバカーリー', 3, 2, 2, NULL, 'Event', NULL, 0, '2020-01-08'),
(154, 'RX-78NT-1', 'Gundam NT-1', NULL, 6, 1, 'ガンダムNT-1', 4, 1, 1, 'Capsule Medal', NULL, NULL, 0, '2020-01-15'),
(155, 'AGE-2', 'Gundam AGE-2 Normal', NULL, 26, 5, 'ガンダムAGE-2 ノーマル', 3, 2, 2, NULL, 'Event', NULL, 0, '2020-01-15'),
(156, 'RX-104FF', 'Penelope', NULL, 43, 1, 'ペーネロペー', 4, 3, 1, NULL, NULL, 'Update Celebration', 0, '2020-01-15'),
(157, 'GF13-050NSW', 'Noble Gundam', NULL, 16, 5, 'ノーベルガンダム', 4, 2, 1, NULL, NULL, NULL, 0, '2020-01-22'),
(158, 'FA-78', 'Full Armor Gundam', 'Thunderbolt Ver.', 38, 1, 'フルアーマー・ガンダム［ガンダム サンダーボルト版］', 4, 3, 1, NULL, NULL, NULL, 0, '2020-01-22'),
(159, 'MS-08TX［EXAM］', 'Efreet Custom', NULL, 4, 4, 'イフリート改', 3, 3, 2, NULL, 'Event', NULL, 0, '2020-01-22'),
(160, 'PMX-003', 'The O', NULL, 8, 9, 'ジ・O', 4, 2, 1, NULL, NULL, NULL, 1, '2020-01-29'),
(161, 'GNX-Y901TW', 'Susanowo', NULL, 25, 8, 'スサノオ', 3, 1, 2, NULL, 'Event', NULL, 0, '2020-01-29'),
(162, 'RX-0', 'Banshee', NULL, 12, 11, 'バンシィ', 4, 1, 1, NULL, NULL, NULL, 1, '2020-01-29'),
(163, 'GF13-001NHII', 'Master Gundam', NULL, 16, 6, 'マスターガンダム', 4, 1, 1, NULL, NULL, NULL, 0, '2020-02-05'),
(164, 'BG-011B', 'Build Burning Gundam', NULL, 34, 1, 'ビルドバーニングガンダム', 4, 3, 1, NULL, NULL, NULL, 0, '2020-02-05'),
(165, 'ZGMF-X88S', 'Gaia Gundam', NULL, 22, 4, 'ガイアガンダム', 3, 3, 2, NULL, 'Event', NULL, 0, '2020-02-05'),
(166, 'GNT-0000/FS', '00 Qan[T] Full Saber', NULL, 56, 1, 'ダブルオークアンタフルセイバー', 4, 1, 1, NULL, NULL, 'Valentine\'s Day', 0, '2020-02-12'),
(167, 'GNW-20000', 'Arche Gundam', NULL, 25, 9, 'アルケーガンダム', 3, 1, 2, NULL, 'Event', NULL, 0, '2020-02-12'),
(168, 'XXXG-01D2', 'Gundam Deathscythe Hell', 'Endless Waltz Ver.', 18, 6, 'ガンダムデスサイズヘル［Endless Waltz版］', 4, 3, 1, NULL, NULL, NULL, 0, '2020-02-19'),
(169, 'MBF-P01-Re', 'Astray Gold Frame Amatsu', NULL, 23, 4, 'アストレイ ゴールドフレーム天', 4, 2, 1, NULL, NULL, NULL, 0, '2020-02-19'),
(170, 'AMX-107R', 'Rebawoo', NULL, 44, 1, 'リバウ', 3, 2, 2, NULL, 'Event', NULL, 0, '2020-02-19'),
(171, 'KNIGHT GUNDAM', 'Knight Gundam', NULL, 42, 1, '騎士ガンダム', 4, 1, 1, NULL, NULL, NULL, 1, '2020-02-26'),
(172, 'MSN-04', 'Sazabi', NULL, 11, 5, 'サザビー', 4, 2, 1, NULL, NULL, NULL, 1, '2020-02-26'),
(173, 'GNW-003', 'Gundam Throne Drei', NULL, 25, 15, 'ガンダムスローネドライ', 3, 3, 2, NULL, 'Event', NULL, 0, '2020-02-26'),
(174, 'MBF-P02', 'Astray Red Frame', 'Beginner Campaign', 23, 1, 'アストレイ レッドフレーム［ビギナーキャンペーン］（✧1）（P）', 1, 1, 1, NULL, 'Beginner Coin', NULL, 0, '2020-02-26'),
(175, 'ZGMF-X56S/α', 'Force Impulse Gundam', 'Beginner Campaign', 22, 1, 'フォースインパルスガンダム［ビギナーキャンペーン］（✧1）（T）', 1, 2, 1, NULL, 'Beginner Coin', NULL, 0, '2020-02-26'),
(176, 'RX-80PR', 'Pale Rider', 'Beginner Campaign', 5, 1, 'ペイルライダー［ビギナーキャンペーン］（✧1）（P）', 1, 1, 1, NULL, 'Beginner Coin', NULL, 0, '2020-02-26'),
(177, 'GAT-X102', 'Duel Gundam (Assault Shroud)', 'Beginner Campaign', 21, 10, 'デュエルガンダムアサルトシュラウド［ビギナーキャンペーン］（✧1）（T）', 1, 2, 1, NULL, 'Beginner Coin', NULL, 0, '2020-02-26'),
(178, 'GPB-X80-30F', 'Beginning 30 Gundam', 'Beginner Campaign', 31, 1, 'ビギニング30ガンダム［ビギナーキャンペーン］（✧1）（S）', 1, 3, 1, NULL, 'Beginner Coin', NULL, 0, '2020-02-26'),
(179, 'RX-78GP01Fb', 'Gundam GP01Fb', 'Zephyranthes Fb / Beginner Campaign', 7, 6, 'ガンダム試作1号機フルバーニアン［ゼフィランサスFb／ビギナーキャンペーン］（✧1）（S）', 1, 3, 1, NULL, 'Beginner Coin', NULL, 0, '2020-02-26'),
(180, 'NRX-0013', 'Gundam Virsago', 'Beginner Campaign', 19, 3, 'ガンダムヴァサーゴ［ビギナーキャンペーン］（✧1）（T）', 1, 2, 1, NULL, 'Beginner Coin', NULL, 0, '2020-02-26'),
(181, 'OZ-00MS', 'Tallgeese', 'Endless Waltz Ver. / Beginner Campaign', 18, 4, 'トールギス［Endless Waltz版／ビギナーキャンペーン］（✧1）（P）', 1, 1, 1, NULL, 'Beginner Coin', NULL, 0, '2020-02-26'),
(182, 'GN-001', 'Gundam Exia', 'Beginner Campaign', 25, 1, 'ガンダムエクシア［ビギナーキャンペーン］（✧1）（P）', 1, 1, 1, NULL, 'Beginner Coin', NULL, 0, '2020-02-26'),
(183, 'LM312V04', 'Victory Gundam', 'Beginner Campaign', 15, 1, 'ヴィクトリーガンダム［ビギナーキャンペーン］（✧1）（S）', 1, 3, 1, NULL, 'Beginner Coin', NULL, 0, '2020-02-26'),
(184, 'MSJ-06II-SP', 'Tieren Taozi', NULL, 25, 10, 'ティエレンタオツー', 3, 1, 2, NULL, 'Arena', NULL, 0, '2020-03-02'),
(185, '最強機動', 'Gundam Tryon 3', NULL, 34, 3, 'ガンダムトライオン3', 4, 1, 1, NULL, NULL, NULL, 0, '2020-03-04'),
(186, 'MBF-P02Kai', 'Astray Red Frame Custom', NULL, 23, 5, 'アストレイ レッドフレーム改', 4, 2, 1, NULL, NULL, NULL, 0, '2020-03-04'),
(187, 'RX-178B', 'Build Gundam Mk-II', NULL, 32, 3, 'ビルドガンダムMk-Ⅱ', 3, 3, 2, NULL, 'Event', NULL, 0, '2020-03-04'),
(188, 'ASW-G-08', 'Gundam Barbatos Lupus', NULL, 28, 6, 'ガンダムバルバトスルプス', 4, 2, 1, NULL, NULL, NULL, 0, '2020-03-11'),
(189, 'ASW-G-XX', 'Gundam Vidar', NULL, 28, 8, 'ガンダムヴィダール', 4, 3, 1, NULL, NULL, NULL, 0, '2020-03-11'),
(190, 'GF13-006NA', 'Gundam Maxter', NULL, 16, 7, 'ガンダムマックスター', 3, 1, 2, NULL, 'Event', NULL, 0, '2020-03-11'),
(191, 'XXXG-01Wf', 'Wing Gundam Fenice', NULL, 32, 4, 'ウイングガンダムフェニーチェ', 4, 2, 1, NULL, NULL, NULL, 0, '2020-03-18'),
(192, 'LGZ-91', 'Lightning Gundam', NULL, 34, 2, 'ライトニングガンダム', 4, 3, 1, NULL, NULL, NULL, 0, '2020-03-18'),
(193, 'CAMS-05', 'Mack Knife', 'Mask', 27, 2, 'マックナイフ［マスク専用機］', 3, 3, 2, NULL, 'Event', NULL, 0, '2020-03-18'),
(194, 'ZGMF-X42S', 'Destiny Gundam', NULL, 22, 5, 'デスティニーガンダム', 4, 1, 1, NULL, NULL, NULL, 1, '2020-03-25'),
(195, 'YAMISYOUGUN', 'Yami Syougun', NULL, 42, 2, '闇将軍', 4, 3, 1, NULL, NULL, NULL, 1, '2020-03-25'),
(196, 'GN-005', 'Gundam Virtue', NULL, 25, 11, 'ガンダムヴァーチェ', 3, 1, 2, NULL, 'Event', NULL, 0, '2020-03-25'),
(197, 'ASW-G-01', 'Gundam Bael', NULL, 28, 7, 'ガンダムバエル', 4, 2, 1, NULL, NULL, NULL, 0, '2020-04-01'),
(198, 'XM-X2', 'Crossbone Gundam X2', NULL, 14, 2, 'クロスボーン・ガンダムX2', 4, 1, 1, NULL, NULL, NULL, 0, '2020-04-01'),
(199, 'EB-06/tc2', 'Ryusei-Go', 'Graze Custom II', 28, 9, '流星号［グレイズ改弐］', 3, 2, 2, NULL, 'Event', NULL, 0, '2020-04-01'),
(200, 'AMS-123X-X', 'Moon Gundam', NULL, 49, 1, 'ムーンガンダム', 4, 2, 1, NULL, NULL, NULL, 0, '2020-04-08'),
(201, 'SDV-04', 'Command Gundam', NULL, 42, 3, 'コマンドガンダム', 3, 2, 2, NULL, 'Event', NULL, 0, '2020-04-08'),
(202, 'GX-9901-DX', 'Gundam Double X', NULL, 19, 4, 'ガンダムダブルエックス', 4, 3, 1, NULL, NULL, 'Gundam Battle Festival', 0, '2020-04-15'),
(203, 'GN-0000+GNR-010', '00 Raiser', NULL, 25, 13, 'ダブルオーライザー', 4, 2, 1, NULL, NULL, 'Gundam Battle Festival', 0, '2020-04-15'),
(204, 'ZGMF-X31S', 'Abyss Gundam', NULL, 22, 6, 'アビスガンダム', 3, 2, 2, NULL, 'Event', NULL, 0, '2020-04-15'),
(205, 'Gundam Artemis', 'Gundam Artemis', 'Satellite Cannon', 99, 1, NULL, 2, 1, 1, NULL, NULL, NULL, 0, '2020-04-22'),
(206, 'EB-06', 'Graze', 'Ground/Standard', 28, 10, NULL, 1, 2, 4, NULL, NULL, NULL, 0, '2020-04-22'),
(207, 'AGE-FX', 'Gundam AGE-FX', NULL, 26, 9, 'ガンダムAGE-FX', 4, 1, 1, NULL, NULL, 'Gundam Battle Festival', 0, '2020-05-13'),
(208, 'MBF-P03R', 'Astray Blue Frame 2nd Revise', NULL, 23, 6, 'アストレイ ブルーフレームセカンドリバイ', 4, 3, 1, NULL, NULL, 'Gundam Battle Festival', 0, '2020-05-13'),
(209, 'GF13-013NR', 'Bolt Gundam', NULL, 16, 8, 'ボルトガンダム', 3, 1, 2, NULL, 'Event', NULL, 0, '2020-05-13'),
(210, 'AGE-2DH', 'Gundam AGE-2 Dark Hound', NULL, 26, 10, 'ガンダムAGE-2_ダークハウンド', 3, 3, 2, NULL, 'Arena', NULL, 0, '2020-05-18'),
(211, 'RX-78AL', 'Atlas Gundam', NULL, 38, 2, 'アトラスガンダム', 4, 1, 1, NULL, NULL, NULL, 0, '2020-05-20'),
(212, 'AGE-3F', 'Gundam AGE-3 Fortress', NULL, 26, 11, 'ガンダムAGE-3_フォートレス', 3, 2, 2, NULL, 'Event', NULL, 0, '2020-05-20'),
(999, 'XXXG-01SR', 'Gundam Sandrock', 'Promotional Code', 17, 5, 'ガンダムサンドロック【プロダクトコード持典】', 3, 3, 2, NULL, NULL, 'Promotional', 0, '2019-09-05');

-- --------------------------------------------------------

--
-- Table structure for table `weapon_category`
--

DROP TABLE IF EXISTS `weapon_category`;
CREATE TABLE IF NOT EXISTS `weapon_category` (
  `id` int(11) NOT NULL AUTO_INCREMENT,
  `name` varchar(32) CHARACTER SET utf8mb4 COLLATE utf8mb4_general_ci NOT NULL,
  PRIMARY KEY (`id`)
) ENGINE=InnoDB AUTO_INCREMENT=13 DEFAULT CHARSET=utf8mb4 COLLATE=utf8mb4_general_ci;

--
-- Dumping data for table `weapon_category`
--

INSERT INTO `weapon_category` (`id`, `name`) VALUES
(1, 'Axe'),
(2, 'Saber'),
(3, 'Module'),
(4, 'Dual Sabers'),
(5, 'Blade'),
(6, 'Lance'),
(7, 'Whip'),
(8, 'Rifle'),
(9, 'Machine Gun'),
(10, 'Long Rifle'),
(11, 'Gatling Gun'),
(12, 'Bazooka');

-- --------------------------------------------------------

--
-- Table structure for table `weapon_type`
--

DROP TABLE IF EXISTS `weapon_type`;
CREATE TABLE IF NOT EXISTS `weapon_type` (
  `id` int(11) NOT NULL AUTO_INCREMENT,
  `name` varchar(11) CHARACTER SET utf8mb4 COLLATE utf8mb4_general_ci NOT NULL,
  PRIMARY KEY (`id`)
) ENGINE=InnoDB AUTO_INCREMENT=3 DEFAULT CHARSET=utf8mb4 COLLATE=utf8mb4_general_ci;

--
-- Dumping data for table `weapon_type`
--

INSERT INTO `weapon_type` (`id`, `name`) VALUES
(1, 'Beam'),
(2, 'Physical');

-- --------------------------------------------------------

--
-- Table structure for table `word_tag`
--

DROP TABLE IF EXISTS `word_tag`;
CREATE TABLE IF NOT EXISTS `word_tag` (
  `id` int(11) NOT NULL AUTO_INCREMENT,
  `name` varchar(32) CHARACTER SET utf8mb4 COLLATE utf8mb4_general_ci NOT NULL,
  PRIMARY KEY (`id`)
) ENGINE=InnoDB AUTO_INCREMENT=27 DEFAULT CHARSET=utf8mb4 COLLATE=utf8mb4_general_ci;

--
-- Dumping data for table `word_tag`
--

INSERT INTO `word_tag` (`id`, `name`) VALUES
(1, 'Protag.'),
(2, 'Mass P.'),
(3, 'Ace Excl.'),
(4, 'Amphib.'),
(5, 'Commander'),
(6, 'Close Combat'),
(7, 'Mid-Range'),
(8, 'Long-Range'),
(9, 'High Mobility'),
(10, 'High Firepower'),
(11, 'Heavy Armor'),
(12, 'Transformer'),
(13, 'Gundam Type'),
(14, 'Mobile Fighter'),
(15, 'Support Type'),
(16, 'Federation'),
(17, 'Zeon'),
(18, 'Zaku Type'),
(19, 'GM Type'),
(20, 'For Space'),
(21, 'For Desert'),
(22, 'For Tundra'),
(23, 'For Forest'),
(24, 'For Urban Area'),
(25, 'For Base'),
(26, 'For Computers');

--
-- Constraints for dumped tables
--

--
-- Constraints for table `ex_skill`
--
ALTER TABLE `ex_skill`
  ADD CONSTRAINT `FK_ExSkillCategoryId` FOREIGN KEY (`ex_category_id`) REFERENCES `ex_category` (`id`);

--
-- Constraints for table `part`
--
ALTER TABLE `part`
  ADD CONSTRAINT `FK_PartAttributeId` FOREIGN KEY (`attribute_id`) REFERENCES `attribute` (`id`),
  ADD CONSTRAINT `FK_PartExSkillId` FOREIGN KEY (`ex_skill_id`) REFERENCES `ex_skill` (`id`),
  ADD CONSTRAINT `FK_PartPartAugmentTypeId` FOREIGN KEY (`part_augment_type_id`) REFERENCES `part_type` (`id`),
  ADD CONSTRAINT `FK_PartPartTypeId` FOREIGN KEY (`part_type_id`) REFERENCES `part_type` (`id`),
  ADD CONSTRAINT `FK_PartUnitId` FOREIGN KEY (`unit_id`) REFERENCES `unit` (`id`),
  ADD CONSTRAINT `FK_PartWeaponCategoryId` FOREIGN KEY (`weapon_category_id`) REFERENCES `weapon_category` (`id`),
  ADD CONSTRAINT `FK_PartWeaponTypeId` FOREIGN KEY (`weapon_type_id`) REFERENCES `weapon_type` (`id`),
  ADD CONSTRAINT `FK_PartWordTag1Id` FOREIGN KEY (`word_tag_1_id`) REFERENCES `word_tag` (`id`),
  ADD CONSTRAINT `FK_PartWordTag2Id` FOREIGN KEY (`word_tag_2_id`) REFERENCES `word_tag` (`id`);

--
-- Constraints for table `pilot`
--
ALTER TABLE `pilot`
  ADD CONSTRAINT `FK_PilotAiPriorityId` FOREIGN KEY (`ai_priority_id`) REFERENCES `ai_priority` (`id`),
  ADD CONSTRAINT `FK_PilotAiRangeId` FOREIGN KEY (`ai_range_id`) REFERENCES `ai_range` (`id`),
  ADD CONSTRAINT `FK_PilotAttributeId` FOREIGN KEY (`attribute_id`) REFERENCES `attribute` (`id`),
  ADD CONSTRAINT `FK_PilotJobLicenseId` FOREIGN KEY (`job_license_id`) REFERENCES `job_license` (`id`),
  ADD CONSTRAINT `FK_PilotSeriesId` FOREIGN KEY (`series_id`) REFERENCES `series` (`id`),
  ADD CONSTRAINT `FK_PilotWordTag1Id` FOREIGN KEY (`word_tag_1_id`) REFERENCES `word_tag` (`id`),
  ADD CONSTRAINT `FK_PilotWordTag2Id` FOREIGN KEY (`word_tag_2_id`) REFERENCES `word_tag` (`id`);

--
-- Constraints for table `unit`
--
ALTER TABLE `unit`
  ADD CONSTRAINT `FK_UnitAttributeId` FOREIGN KEY (`attribute_id`) REFERENCES `attribute` (`id`),
  ADD CONSTRAINT `FK_UnitSeriesId` FOREIGN KEY (`series_id`) REFERENCES `series` (`id`);
COMMIT;

/*!40101 SET CHARACTER_SET_CLIENT=@OLD_CHARACTER_SET_CLIENT */;
/*!40101 SET CHARACTER_SET_RESULTS=@OLD_CHARACTER_SET_RESULTS */;
/*!40101 SET COLLATION_CONNECTION=@OLD_COLLATION_CONNECTION */;
